{
  "ts": "2025-09-02T04:44:49.082Z",
  "xauusd": 3497.100098,
  "xagusd": 40.860001,
  "fng": {
    "value": 49,
    "classification": "Neutral"
  },
  "usd_thb": 32.27
}