{
  "ts": "2026-02-20T15:05:05.992Z",
  "xauusd": 5024.600098,
  "xagusd": 80.500999,
  "fng": {
    "value": 7,
    "classification": "Extreme Fear"
  },
  "usd_thb": 31.15
}