{
  "ts": "2026-07-24T09:10:28.578Z",
  "xauusd": 4058.600098,
  "xagusd": 58.591999,
  "fng": {
    "value": 28,
    "classification": "Fear"
  },
  "usd_thb": 33.69
}