{
  "ts": "2025-12-02T07:52:52.952Z",
  "xauusd": 4213.600098,
  "xagusd": 57.310001,
  "fng": {
    "value": 23,
    "classification": "Extreme Fear"
  },
  "usd_thb": 31.98
}