{
  "ts": "2025-09-18T19:24:16.263Z",
  "xauusd": 3643.600098,
  "xagusd": 41.887001,
  "fng": {
    "value": 52,
    "classification": "Neutral"
  },
  "usd_thb": 31.88
}