{
  "ts": "2026-02-19T22:53:58.124Z",
  "xauusd": 4997.200195,
  "xagusd": 78.670998,
  "fng": {
    "value": 9,
    "classification": "Extreme Fear"
  },
  "usd_thb": 31.11
}