{
  "ts": "2025-11-11T15:33:46.737Z",
  "xauusd": 4101.700195,
  "xagusd": 50.439999,
  "fng": {
    "value": 26,
    "classification": "Fear"
  },
  "usd_thb": 32.45
}