{
  "ts": "2025-11-28T02:04:10.474Z",
  "xauusd": 4157.799805,
  "xagusd": 53.348999,
  "fng": {
    "value": 25,
    "classification": "Extreme Fear"
  },
  "usd_thb": 32.21
}