{
  "ts": "2025-10-17T20:33:15.118Z",
  "xauusd": 4244.799805,
  "xagusd": 51.990002,
  "fng": {
    "value": 22,
    "classification": "Extreme Fear"
  },
  "usd_thb": 32.77
}