{
  "ts": "2025-12-18T20:25:43.632Z",
  "xauusd": 4333.600098,
  "xagusd": 65.390999,
  "fng": {
    "value": 17,
    "classification": "Extreme Fear"
  },
  "usd_thb": 31.38
}