{
  "ts": "2025-09-18T23:19:26.096Z",
  "xauusd": 3641.199951,
  "xagusd": 41.808998,
  "fng": {
    "value": 52,
    "classification": "Neutral"
  },
  "usd_thb": 31.87
}