{
  "ts": "2025-12-16T14:27:14.912Z",
  "xauusd": 4328.299805,
  "xagusd": 63.726002,
  "fng": {
    "value": 11,
    "classification": "Extreme Fear"
  },
  "usd_thb": 31.42
}