{
  "ts": "2026-01-21T18:58:40.150Z",
  "xauusd": 4845.799805,
  "xagusd": 93.494003,
  "fng": {
    "value": 24,
    "classification": "Extreme Fear"
  },
  "usd_thb": 31.178
}