{
  "ts": "2026-06-09T23:59:39.251Z",
  "xauusd": 4219.799805,
  "xagusd": 64.961998,
  "fng": {
    "value": 10,
    "classification": "Extreme Fear"
  },
  "usd_thb": 32.92
}