{
  "ts": "2025-09-02T08:42:38.148Z",
  "xauusd": 3480.100098,
  "xagusd": 40.446999,
  "fng": {
    "value": 49,
    "classification": "Neutral"
  },
  "usd_thb": 32.36
}