{
  "ts": "2025-10-20T14:25:00.699Z",
  "xauusd": 4328.799805,
  "xagusd": 52.391998,
  "fng": {
    "value": 29,
    "classification": "Fear"
  },
  "usd_thb": 32.61
}