{
  "ts": "2026-04-20T14:43:34.039Z",
  "xauusd": 4812.600098,
  "xagusd": 80.003998,
  "fng": {
    "value": 29,
    "classification": "Fear"
  },
  "usd_thb": 32
}