{
  "ts": "2026-07-20T14:30:02.342Z",
  "xauusd": 4006.199951,
  "xagusd": 56.818001,
  "fng": {
    "value": 29,
    "classification": "Fear"
  },
  "usd_thb": 33.63
}