{
  "ts": "2025-09-11T08:32:55.242Z",
  "xauusd": 3630.399902,
  "xagusd": 41.130001,
  "fng": {
    "value": 54,
    "classification": "Neutral"
  },
  "usd_thb": 31.82
}