{
  "ts": "2025-11-25T23:50:25.616Z",
  "xauusd": 4133.399902,
  "xagusd": 51.401001,
  "fng": {
    "value": 20,
    "classification": "Extreme Fear"
  },
  "usd_thb": 32.28
}