{
  "ts": "2026-01-06T12:30:42.737Z",
  "xauusd": 4465.200195,
  "xagusd": 78.485001,
  "fng": {
    "value": 44,
    "classification": "Fear"
  },
  "usd_thb": 31.26
}