{
  "ts": "2025-09-10T19:19:06.103Z",
  "xauusd": 3644.899902,
  "xagusd": 41.160999,
  "fng": {
    "value": 49,
    "classification": "Neutral"
  },
  "usd_thb": 31.76
}