{
  "ts": "2025-12-29T05:03:59.861Z",
  "xauusd": 4515.299805,
  "xagusd": 79.718002,
  "fng": {
    "value": 24,
    "classification": "Extreme Fear"
  },
  "usd_thb": 29.28
}