{
  "ts": "2026-01-08T23:44:50.088Z",
  "xauusd": 4477.600098,
  "xagusd": 76.787003,
  "fng": {
    "value": 28,
    "classification": "Fear"
  },
  "usd_thb": 31.4
}