{
  "ts": "2025-09-09T16:26:07.160Z",
  "xauusd": 3646.600098,
  "xagusd": 40.950001,
  "fng": {
    "value": 48,
    "classification": "Neutral"
  },
  "usd_thb": 31.71
}