{
  "ts": "2025-11-10T11:26:12.824Z",
  "xauusd": 4079.699951,
  "xagusd": 49.887001,
  "fng": {
    "value": 29,
    "classification": "Fear"
  },
  "usd_thb": 32.36
}