{
  "ts": "2025-09-17T11:54:50.759Z",
  "xauusd": 3667.399902,
  "xagusd": 41.630001,
  "fng": {
    "value": 53,
    "classification": "Neutral"
  },
  "usd_thb": 31.73
}