{
  "ts": "2026-07-01T20:19:12.145Z",
  "xauusd": 4036.300049,
  "xagusd": 59.308998,
  "fng": {
    "value": 11,
    "classification": "Extreme Fear"
  },
  "usd_thb": 33.34
}