{
  "ts": "2025-10-27T20:43:57.874Z",
  "xauusd": 3991.399902,
  "xagusd": 46.977001,
  "fng": {
    "value": 51,
    "classification": "Neutral"
  },
  "usd_thb": 32.66
}