{
  "ts": "2026-01-05T08:15:52.557Z",
  "xauusd": 4424.799805,
  "xagusd": 75.769997,
  "fng": {
    "value": 26,
    "classification": "Fear"
  },
  "usd_thb": 31.36
}