{
  "ts": "2025-12-08T21:43:10.361Z",
  "xauusd": 4190.600098,
  "xagusd": 58.161999,
  "fng": {
    "value": 20,
    "classification": "Extreme Fear"
  },
  "usd_thb": 31.89
}