{
  "ts": "2026-01-23T11:29:32.415Z",
  "xauusd": 4922.399902,
  "xagusd": 98.828003,
  "fng": {
    "value": 24,
    "classification": "Extreme Fear"
  },
  "usd_thb": 31.215
}