{
  "ts": "2025-08-14T19:27:43.290Z",
  "xauusd": 3340.399902,
  "xagusd": 38.110001,
  "fng": {
    "value": 75,
    "classification": "Greed"
  },
  "usd_thb": 32.46
}