{
  "ts": "2025-12-18T08:31:39.597Z",
  "xauusd": 4328.299805,
  "xagusd": 66.175003,
  "fng": {
    "value": 17,
    "classification": "Extreme Fear"
  },
  "usd_thb": 31.46
}