{
  "ts": "2025-08-26T04:31:50.398Z",
  "xauusd": 3376.800049,
  "xagusd": 38.849998,
  "fng": {
    "value": 48,
    "classification": "Neutral"
  },
  "usd_thb": 32.44
}