{
  "ts": "2026-03-30T09:23:25.353Z",
  "xauusd": 4533.200195,
  "xagusd": 71.067001,
  "fng": {
    "value": 8,
    "classification": "Extreme Fear"
  },
  "usd_thb": 32.85
}