{
  "ts": "2025-12-03T10:23:07.915Z",
  "xauusd": 4199.100098,
  "xagusd": 58.108002,
  "fng": {
    "value": 28,
    "classification": "Fear"
  },
  "usd_thb": 31.9
}