{
  "ts": "2026-01-13T11:26:08.492Z",
  "xauusd": 4586.299805,
  "xagusd": 85.782997,
  "fng": {
    "value": 26,
    "classification": "Fear"
  },
  "usd_thb": 31.42
}