{
  "ts": "2026-02-25T11:56:48.473Z",
  "xauusd": 5177.899902,
  "xagusd": 90.311996,
  "fng": {
    "value": 11,
    "classification": "Extreme Fear"
  },
  "usd_thb": 31.05
}