{
  "ts": "2026-03-24T10:27:46.684Z",
  "xauusd": 4426.399902,
  "xagusd": 70.110001,
  "fng": {
    "value": 11,
    "classification": "Extreme Fear"
  },
  "usd_thb": 32.51
}