{
  "ts": "2026-01-08T20:54:18.904Z",
  "xauusd": 4476.399902,
  "xagusd": 76.883003,
  "fng": {
    "value": 28,
    "classification": "Fear"
  },
  "usd_thb": 31.41
}