{
  "ts": "2025-09-07T23:48:11.270Z",
  "xauusd": 3591.699951,
  "xagusd": 40.880001,
  "fng": {
    "value": 44,
    "classification": "Fear"
  },
  "usd_thb": 32.06
}