{
  "ts": "2025-09-08T13:01:56.955Z",
  "xauusd": 3625.300049,
  "xagusd": 41.386002,
  "fng": {
    "value": 51,
    "classification": "Neutral"
  },
  "usd_thb": 31.73
}