{
  "ts": "2025-09-02T07:23:23.952Z",
  "xauusd": 3484.800049,
  "xagusd": 40.740002,
  "fng": {
    "value": 49,
    "classification": "Neutral"
  },
  "usd_thb": 32.33
}