{
  "ts": "2026-05-06T07:24:05.252Z",
  "xauusd": 4664.100098,
  "xagusd": 75.961998,
  "fng": {
    "value": 46,
    "classification": "Fear"
  },
  "usd_thb": 32.41
}