{
  "ts": "2026-04-07T15:43:09.367Z",
  "xauusd": 4642.700195,
  "xagusd": 71.123001,
  "fng": {
    "value": 11,
    "classification": "Extreme Fear"
  },
  "usd_thb": 32.63
}