{
  "ts": "2025-09-11T17:35:51.284Z",
  "xauusd": 3635.899902,
  "xagusd": 41.651001,
  "fng": {
    "value": 54,
    "classification": "Neutral"
  },
  "usd_thb": 31.7
}