{
  "ts": "2025-09-09T03:56:33.982Z",
  "xauusd": 3645.39502,
  "xagusd": 41.310001,
  "fng": {
    "value": 48,
    "classification": "Neutral"
  },
  "usd_thb": 31.65
}