{
  "ts": "2025-09-26T20:43:04.704Z",
  "xauusd": 3764.399902,
  "xagusd": 46.101002,
  "fng": {
    "value": 28,
    "classification": "Fear"
  },
  "usd_thb": 32.23
}