{
  "ts": "2025-12-18T19:40:39.661Z",
  "xauusd": 4334.299805,
  "xagusd": 65.477997,
  "fng": {
    "value": 17,
    "classification": "Extreme Fear"
  },
  "usd_thb": 31.39
}