{
  "ts": "2026-07-06T18:26:32.575Z",
  "xauusd": 4162.899902,
  "xagusd": 62.258999,
  "fng": {
    "value": 24,
    "classification": "Extreme Fear"
  },
  "usd_thb": 33.27
}