{
  "ts": "2025-11-27T11:59:19.843Z",
  "xauusd": 4159.200195,
  "xagusd": 53.432999,
  "fng": {
    "value": 22,
    "classification": "Extreme Fear"
  },
  "usd_thb": 32.22
}