{
  "ts": "2025-11-05T16:49:56.239Z",
  "xauusd": 3989.300049,
  "xagusd": 48.176998,
  "fng": {
    "value": 23,
    "classification": "Extreme Fear"
  },
  "usd_thb": 32.47
}