{
  "ts": "2025-11-25T09:17:47.277Z",
  "xauusd": 4129.299805,
  "xagusd": 51.228001,
  "fng": {
    "value": 20,
    "classification": "Extreme Fear"
  },
  "usd_thb": 32.3
}