{
  "ts": "2026-04-20T06:32:41.953Z",
  "xauusd": 4789.299805,
  "xagusd": 79.824997,
  "fng": {
    "value": 29,
    "classification": "Fear"
  },
  "usd_thb": 32.1
}