{
  "ts": "2025-12-02T10:11:28.304Z",
  "xauusd": 4190.600098,
  "xagusd": 56.988998,
  "fng": {
    "value": 23,
    "classification": "Extreme Fear"
  },
  "usd_thb": 32
}