{
  "ts": "2025-11-17T23:42:47.583Z",
  "xauusd": 4041.899902,
  "xagusd": 49.990002,
  "fng": {
    "value": 14,
    "classification": "Extreme Fear"
  },
  "usd_thb": 32.47
}