{
  "ts": "2026-01-13T09:32:44.517Z",
  "xauusd": 4590.700195,
  "xagusd": 85.776001,
  "fng": {
    "value": 26,
    "classification": "Fear"
  },
  "usd_thb": 31.41
}