{
  "ts": "2025-09-22T07:47:08.492Z",
  "xauusd": 3714.699951,
  "xagusd": 43.668999,
  "fng": {
    "value": 45,
    "classification": "Fear"
  },
  "usd_thb": 31.8
}