{
  "ts": "2025-12-12T22:44:25.485Z",
  "xauusd": 4300.700195,
  "xagusd": 61.987999,
  "fng": {
    "value": 29,
    "classification": "Fear"
  },
  "usd_thb": 31.45
}