{
  "ts": "2026-02-13T05:12:41.246Z",
  "xauusd": 4977.899902,
  "xagusd": 77.392998,
  "fng": {
    "value": 9,
    "classification": "Extreme Fear"
  },
  "usd_thb": 31.06
}