{
  "ts": "2025-12-01T16:28:03.454Z",
  "xauusd": 4237.700195,
  "xagusd": 58.470001,
  "fng": {
    "value": 24,
    "classification": "Extreme Fear"
  },
  "usd_thb": 31.99
}