{
  "ts": "2025-12-29T15:17:53.237Z",
  "xauusd": 4330.399902,
  "xagusd": 72.005997,
  "fng": {
    "value": 24,
    "classification": "Extreme Fear"
  },
  "usd_thb": 31.61
}