{
  "ts": "2025-10-14T07:44:32.949Z",
  "xauusd": 4121.600098,
  "xagusd": 51.963001,
  "fng": {
    "value": 38,
    "classification": "Fear"
  },
  "usd_thb": 32.73
}