{
  "ts": "2025-10-14T06:27:17.770Z",
  "xauusd": 4105.399902,
  "xagusd": 51.150002,
  "fng": {
    "value": 38,
    "classification": "Fear"
  },
  "usd_thb": 32.71
}