{
  "ts": "2025-08-18T20:27:52.445Z",
  "xauusd": 3334.399902,
  "xagusd": 38.075001,
  "fng": {
    "value": 60,
    "classification": "Greed"
  },
  "usd_thb": 32.51
}