{
  "ts": "2025-12-15T04:10:16.035Z",
  "xauusd": 4330.200195,
  "xagusd": 62.745998,
  "fng": {
    "value": 16,
    "classification": "Extreme Fear"
  },
  "usd_thb": 31.52
}