{
  "ts": "2026-01-28T19:58:51.518Z",
  "xauusd": 5325.399902,
  "xagusd": 114.692001,
  "fng": {
    "value": 29,
    "classification": "Fear"
  },
  "usd_thb": 31.111
}