{
  "ts": "2026-02-11T10:05:05.462Z",
  "xauusd": 5059.600098,
  "xagusd": 83.856003,
  "fng": {
    "value": 11,
    "classification": "Extreme Fear"
  },
  "usd_thb": 31.06
}