{
  "ts": "2026-05-11T13:47:54.378Z",
  "xauusd": 4748.600098,
  "xagusd": 85.887001,
  "fng": {
    "value": 48,
    "classification": "Neutral"
  },
  "usd_thb": 32.23
}