{
  "ts": "2026-05-22T05:44:50.639Z",
  "xauusd": 4532.799805,
  "xagusd": 77.070999,
  "fng": {
    "value": 28,
    "classification": "Fear"
  },
  "usd_thb": 32.63
}