{
  "ts": "2025-11-12T05:52:51.154Z",
  "xauusd": 4105.899902,
  "xagusd": 51.101002,
  "fng": {
    "value": 24,
    "classification": "Extreme Fear"
  },
  "usd_thb": 32.49
}