{
  "ts": "2026-04-12T23:55:36.781Z",
  "xauusd": 4668.100098,
  "xagusd": 73.903999,
  "fng": {
    "value": 16,
    "classification": "Extreme Fear"
  },
  "usd_thb": 32.35
}