{
  "ts": "2026-02-20T23:45:01.548Z",
  "xauusd": 5107.899902,
  "xagusd": 84.765999,
  "fng": {
    "value": 7,
    "classification": "Extreme Fear"
  },
  "usd_thb": 31.03
}