{
  "ts": "2026-01-26T21:55:43.086Z",
  "xauusd": 5012.700195,
  "xagusd": 104.190002,
  "fng": {
    "value": 20,
    "classification": "Extreme Fear"
  },
  "usd_thb": 31.1
}