{
  "ts": "2026-03-18T18:09:52.321Z",
  "xauusd": 4886.700195,
  "xagusd": 77.040001,
  "fng": {
    "value": 26,
    "classification": "Fear"
  },
  "usd_thb": 32.58
}