{
  "ts": "2026-02-25T04:47:29.822Z",
  "xauusd": 5183.399902,
  "xagusd": 89.591003,
  "fng": {
    "value": 11,
    "classification": "Extreme Fear"
  },
  "usd_thb": 30.99
}