{
  "ts": "2026-01-15T19:00:06.885Z",
  "xauusd": 4618.200195,
  "xagusd": 92.521004,
  "fng": {
    "value": 61,
    "classification": "Greed"
  },
  "usd_thb": 31.34
}