{
  "ts": "2025-10-09T16:56:57.753Z",
  "xauusd": 3969.699951,
  "xagusd": 49.150002,
  "fng": {
    "value": 70,
    "classification": "Greed"
  },
  "usd_thb": 32.78
}