{
  "ts": "2026-07-21T03:46:08.920Z",
  "xauusd": 4004.199951,
  "xagusd": 57.786999,
  "fng": {
    "value": 25,
    "classification": "Extreme Fear"
  },
  "usd_thb": 33.61
}