{
  "ts": "2025-10-14T01:47:59.486Z",
  "xauusd": 4138.899902,
  "xagusd": 52.858002,
  "fng": {
    "value": 38,
    "classification": "Fear"
  },
  "usd_thb": 32.55
}