{
  "ts": "2026-01-20T17:39:51.332Z",
  "xauusd": 4755.100098,
  "xagusd": 94.515999,
  "fng": {
    "value": 32,
    "classification": "Fear"
  },
  "usd_thb": 31.01
}