{
  "ts": "2026-03-04T10:03:47.838Z",
  "xauusd": 5185.200195,
  "xagusd": 86.533997,
  "fng": {
    "value": 10,
    "classification": "Extreme Fear"
  },
  "usd_thb": 31.42
}