{
  "ts": "2025-12-01T19:56:59.779Z",
  "xauusd": 4232.899902,
  "xagusd": 57.911999,
  "fng": {
    "value": 24,
    "classification": "Extreme Fear"
  },
  "usd_thb": 32.03
}