{
  "ts": "2026-02-19T16:00:11.103Z",
  "xauusd": 5014.700195,
  "xagusd": 78.757004,
  "fng": {
    "value": 9,
    "classification": "Extreme Fear"
  },
  "usd_thb": 31.15
}