{
  "ts": "2025-09-23T04:46:21.634Z",
  "xauusd": 3748.100098,
  "xagusd": 43.987999,
  "fng": {
    "value": 43,
    "classification": "Fear"
  },
  "usd_thb": 31.82
}