{
  "ts": "2025-08-22T07:44:55.331Z",
  "xauusd": 3330.899902,
  "xagusd": 38.096001,
  "fng": {
    "value": 50,
    "classification": "Neutral"
  },
  "usd_thb": 32.65
}