{
  "ts": "2025-12-17T08:59:50.336Z",
  "xauusd": 4318.899902,
  "xagusd": 65.709999,
  "fng": {
    "value": 16,
    "classification": "Extreme Fear"
  },
  "usd_thb": 31.5
}