{
  "ts": "2025-10-20T16:52:17.703Z",
  "xauusd": 4345.399902,
  "xagusd": 52.223999,
  "fng": {
    "value": 29,
    "classification": "Fear"
  },
  "usd_thb": 32.55
}