{
  "ts": "2025-12-16T13:57:37.781Z",
  "xauusd": 4311.600098,
  "xagusd": 63.439999,
  "fng": {
    "value": 11,
    "classification": "Extreme Fear"
  },
  "usd_thb": 31.48
}