{
  "ts": "2026-01-14T04:57:35.567Z",
  "xauusd": 4630.899902,
  "xagusd": 91.066002,
  "fng": {
    "value": 48,
    "classification": "Neutral"
  },
  "usd_thb": 31.31
}