{
  "ts": "2025-08-29T07:51:42.304Z",
  "xauusd": 3411.600098,
  "xagusd": 38.950001,
  "fng": {
    "value": 50,
    "classification": "Neutral"
  },
  "usd_thb": 32.37
}