{
  "ts": "2025-12-01T23:34:55.028Z",
  "xauusd": 4235.700195,
  "xagusd": 58.014999,
  "fng": {
    "value": 24,
    "classification": "Extreme Fear"
  },
  "usd_thb": 32
}