{
  "ts": "2026-03-06T21:38:54.011Z",
  "xauusd": 5170.700195,
  "xagusd": 84.459999,
  "fng": {
    "value": 18,
    "classification": "Extreme Fear"
  },
  "usd_thb": 31.77
}