{
  "ts": "2025-09-22T13:16:35.592Z",
  "xauusd": 3723.600098,
  "xagusd": 43.561001,
  "fng": {
    "value": 45,
    "classification": "Fear"
  },
  "usd_thb": 31.79
}