{
  "ts": "2025-10-06T14:51:04.826Z",
  "xauusd": 3956.074951,
  "xagusd": 48.698502,
  "fng": {
    "value": 71,
    "classification": "Greed"
  },
  "usd_thb": 32.36
}