{
  "ts": "2026-02-16T12:28:48.971Z",
  "xauusd": 4999.200195,
  "xagusd": 77.081001,
  "fng": {
    "value": 12,
    "classification": "Extreme Fear"
  },
  "usd_thb": 31.09
}