{
  "ts": "2025-08-21T03:58:21.048Z",
  "xauusd": 3341.100098,
  "xagusd": 37.915001,
  "fng": {
    "value": 50,
    "classification": "Neutral"
  },
  "usd_thb": 32.56
}