{
  "ts": "2025-12-17T21:59:29.671Z",
  "xauusd": 4338.899902,
  "xagusd": 66.249001,
  "fng": {
    "value": 16,
    "classification": "Extreme Fear"
  },
  "usd_thb": 31.48
}