{
  "ts": "2026-01-23T05:46:20.437Z",
  "xauusd": 4963.299805,
  "xagusd": 99.268997,
  "fng": {
    "value": 24,
    "classification": "Extreme Fear"
  },
  "usd_thb": 31.124
}