{
  "ts": "2025-09-18T04:46:20.126Z",
  "xauusd": 3658.100098,
  "xagusd": 41.407001,
  "fng": {
    "value": 52,
    "classification": "Neutral"
  },
  "usd_thb": 31.84
}