{
  "ts": "2025-09-17T10:55:15.942Z",
  "xauusd": 3666.699951,
  "xagusd": 41.450001,
  "fng": {
    "value": 53,
    "classification": "Neutral"
  },
  "usd_thb": 31.72
}