{
  "ts": "2026-02-12T08:25:37.665Z",
  "xauusd": 5066.899902,
  "xagusd": 83.874001,
  "fng": {
    "value": 5,
    "classification": "Extreme Fear"
  },
  "usd_thb": 30.96
}