{
  "ts": "2026-07-05T13:59:46.813Z",
  "xauusd": 4176.100098,
  "xagusd": 62.516998,
  "fng": {
    "value": 23,
    "classification": "Extreme Fear"
  },
  "usd_thb": 33.12
}