{
  "ts": "2025-12-24T14:51:41.014Z",
  "xauusd": 4464.899902,
  "xagusd": 71.107002,
  "fng": {
    "value": 24,
    "classification": "Extreme Fear"
  },
  "usd_thb": 31.03
}