{
  "ts": "2025-11-21T20:46:44.937Z",
  "xauusd": 4059.399902,
  "xagusd": 49.896999,
  "fng": {
    "value": 14,
    "classification": "Extreme Fear"
  },
  "usd_thb": 32.42
}