{
  "ts": "2025-10-15T14:59:42.808Z",
  "xauusd": 4196.899902,
  "xagusd": 52.703999,
  "fng": {
    "value": 34,
    "classification": "Fear"
  },
  "usd_thb": 32.56
}