{
  "ts": "2026-02-24T08:01:55.561Z",
  "xauusd": 5179.100098,
  "xagusd": 87.924004,
  "fng": {
    "value": 8,
    "classification": "Extreme Fear"
  },
  "usd_thb": 31.03
}