{
  "ts": "2025-11-06T19:31:02.418Z",
  "xauusd": 3993.399902,
  "xagusd": 48.271999,
  "fng": {
    "value": 27,
    "classification": "Fear"
  },
  "usd_thb": 32.36
}