{
  "ts": "2025-12-31T21:26:40.158Z",
  "xauusd": 4310.200195,
  "xagusd": 71.064003,
  "fng": {
    "value": 21,
    "classification": "Extreme Fear"
  },
  "usd_thb": 31.44
}