{
  "ts": "2025-10-19T23:53:20.998Z",
  "xauusd": 4235.799805,
  "xagusd": 51.877998,
  "fng": {
    "value": 29,
    "classification": "Fear"
  },
  "usd_thb": 32.68
}