{
  "ts": "2026-01-07T23:48:07.519Z",
  "xauusd": 4463.299805,
  "xagusd": 78.785004,
  "fng": {
    "value": 42,
    "classification": "Fear"
  },
  "usd_thb": 31.32
}