{
  "ts": "2025-08-18T05:13:19.455Z",
  "xauusd": 3356.199951,
  "xagusd": 38.213001,
  "fng": {
    "value": 60,
    "classification": "Greed"
  },
  "usd_thb": 32.42
}