{
  "ts": "2025-11-03T11:49:52.503Z",
  "xauusd": 4007.800049,
  "xagusd": 48.797001,
  "fng": {
    "value": 42,
    "classification": "Fear"
  },
  "usd_thb": 32.49
}