{
  "ts": "2025-10-09T11:24:40.524Z",
  "xauusd": 4036.899902,
  "xagusd": 49.706001,
  "fng": {
    "value": 70,
    "classification": "Greed"
  },
  "usd_thb": 32.57
}