{
  "ts": "2025-10-01T18:36:11.184Z",
  "xauusd": 3867.300049,
  "xagusd": 47.537998,
  "fng": {
    "value": 49,
    "classification": "Neutral"
  },
  "usd_thb": 32.41
}