{
  "ts": "2025-10-17T03:56:22.636Z",
  "xauusd": 4363.899902,
  "xagusd": 54.217999,
  "fng": {
    "value": 22,
    "classification": "Extreme Fear"
  },
  "usd_thb": 32.57
}