{
  "ts": "2025-09-16T06:52:58.487Z",
  "xauusd": 3690.699951,
  "xagusd": 42.810001,
  "fng": {
    "value": 52,
    "classification": "Neutral"
  },
  "usd_thb": 31.66
}