{
  "ts": "2026-04-30T20:39:12.608Z",
  "xauusd": 4619.200195,
  "xagusd": 73.790001,
  "fng": {
    "value": 29,
    "classification": "Fear"
  },
  "usd_thb": 32.41
}