{
  "ts": "2025-10-21T04:15:33.972Z",
  "xauusd": 4345.100098,
  "xagusd": 51.931999,
  "fng": {
    "value": 34,
    "classification": "Fear"
  },
  "usd_thb": 32.59
}