{
  "ts": "2026-06-16T20:22:13.855Z",
  "xauusd": 4333.700195,
  "xagusd": 70.157997,
  "fng": {
    "value": 23,
    "classification": "Extreme Fear"
  },
  "usd_thb": 32.5
}