{
  "ts": "2025-12-04T20:52:05.058Z",
  "xauusd": 4210.399902,
  "xagusd": 57.191002,
  "fng": {
    "value": 26,
    "classification": "Fear"
  },
  "usd_thb": 32.01
}