{
  "ts": "2025-11-03T21:51:14.869Z",
  "xauusd": 4002.600098,
  "xagusd": 48.155998,
  "fng": {
    "value": 42,
    "classification": "Fear"
  },
  "usd_thb": 32.46
}