{
  "ts": "2025-10-12T22:31:50.768Z",
  "xauusd": 4037.300049,
  "xagusd": 50.342999,
  "fng": {
    "value": 24,
    "classification": "Extreme Fear"
  },
  "usd_thb": 32.61
}