{
  "ts": "2025-10-29T03:56:18.307Z",
  "xauusd": 3967.800049,
  "xagusd": 47.577999,
  "fng": {
    "value": 51,
    "classification": "Neutral"
  },
  "usd_thb": 32.38
}