{
  "ts": "2025-08-19T11:07:44.334Z",
  "xauusd": 3344.199951,
  "xagusd": 38.132999,
  "fng": {
    "value": 56,
    "classification": "Greed"
  },
  "usd_thb": 32.51
}