{
  "ts": "2026-04-07T20:23:12.660Z",
  "xauusd": 4706.399902,
  "xagusd": 72.980003,
  "fng": {
    "value": 11,
    "classification": "Extreme Fear"
  },
  "usd_thb": 32.45
}