{
  "ts": "2025-11-27T06:40:40.541Z",
  "xauusd": 4157.299805,
  "xagusd": 53.313999,
  "fng": {
    "value": 22,
    "classification": "Extreme Fear"
  },
  "usd_thb": 32.21
}