{
  "ts": "2025-09-17T06:48:19.506Z",
  "xauusd": 3676.600098,
  "xagusd": 41.957001,
  "fng": {
    "value": 53,
    "classification": "Neutral"
  },
  "usd_thb": 31.76
}