{
  "ts": "2025-09-23T11:58:41.324Z",
  "xauusd": 3783.600098,
  "xagusd": 44.391998,
  "fng": {
    "value": 43,
    "classification": "Fear"
  },
  "usd_thb": 31.84
}