{
  "ts": "2025-08-19T07:09:49.340Z",
  "xauusd": 3337.899902,
  "xagusd": 37.950001,
  "fng": {
    "value": 56,
    "classification": "Greed"
  },
  "usd_thb": 32.49
}