{
  "ts": "2026-02-19T17:57:43.668Z",
  "xauusd": 4993.600098,
  "xagusd": 77.836998,
  "fng": {
    "value": 9,
    "classification": "Extreme Fear"
  },
  "usd_thb": 31.17
}