{
  "ts": "2025-11-07T19:58:38.963Z",
  "xauusd": 4007.800049,
  "xagusd": 48.459999,
  "fng": {
    "value": 24,
    "classification": "Extreme Fear"
  },
  "usd_thb": 32.41
}