{
  "ts": "2025-12-08T21:52:13.796Z",
  "xauusd": 4190.399902,
  "xagusd": 58.181999,
  "fng": {
    "value": 20,
    "classification": "Extreme Fear"
  },
  "usd_thb": 31.87
}