{
  "ts": "2025-11-13T21:40:15.748Z",
  "xauusd": 4171.799805,
  "xagusd": 52.362999,
  "fng": {
    "value": 15,
    "classification": "Extreme Fear"
  },
  "usd_thb": 32.34
}