{
  "ts": "2025-12-23T18:51:41.570Z",
  "xauusd": 4479.700195,
  "xagusd": 71.070999,
  "fng": {
    "value": 24,
    "classification": "Extreme Fear"
  },
  "usd_thb": 31.09
}