{
  "ts": "2026-07-15T03:52:35.388Z",
  "xauusd": 4033.100098,
  "xagusd": 58.547001,
  "fng": {
    "value": 25,
    "classification": "Extreme Fear"
  },
  "usd_thb": 33.48
}