{
  "ts": "2025-08-20T23:28:15.683Z",
  "xauusd": 3348.899902,
  "xagusd": 37.967999,
  "fng": {
    "value": 44,
    "classification": "Fear"
  },
  "usd_thb": 32.56
}