{
  "ts": "2025-11-13T04:48:25.228Z",
  "xauusd": 4208.799805,
  "xagusd": 53.880001,
  "fng": {
    "value": 15,
    "classification": "Extreme Fear"
  },
  "usd_thb": 32.32
}