{
  "ts": "2026-02-03T20:57:43.907Z",
  "xauusd": 4944.600098,
  "xagusd": 85.221001,
  "fng": {
    "value": 17,
    "classification": "Extreme Fear"
  },
  "usd_thb": 31.64
}