{
  "ts": "2025-10-08T18:44:13.698Z",
  "xauusd": 4050.399902,
  "xagusd": 49.355999,
  "fng": {
    "value": 60,
    "classification": "Greed"
  },
  "usd_thb": 32.49
}