{
  "ts": "2026-01-07T17:31:16.927Z",
  "xauusd": 4459.399902,
  "xagusd": 78.460999,
  "fng": {
    "value": 42,
    "classification": "Fear"
  },
  "usd_thb": 31.3
}