{
  "ts": "2025-10-07T23:48:44.782Z",
  "xauusd": 3993.399902,
  "xagusd": 47.973999,
  "fng": {
    "value": 70,
    "classification": "Greed"
  },
  "usd_thb": 32.48
}