{
  "ts": "2025-12-05T17:26:32.324Z",
  "xauusd": 4216.299805,
  "xagusd": 58.546001,
  "fng": {
    "value": 28,
    "classification": "Fear"
  },
  "usd_thb": 31.81
}