{
  "ts": "2025-12-24T09:51:11.784Z",
  "xauusd": 4495.100098,
  "xagusd": 72.171997,
  "fng": {
    "value": 24,
    "classification": "Extreme Fear"
  },
  "usd_thb": 30.98
}