{
  "ts": "2025-10-13T23:58:31.720Z",
  "xauusd": 4128.700195,
  "xagusd": 52.580002,
  "fng": {
    "value": 38,
    "classification": "Fear"
  },
  "usd_thb": 32.59
}