{
  "ts": "2026-04-24T10:43:56.084Z",
  "xauusd": 4681.899902,
  "xagusd": 75.035004,
  "fng": {
    "value": 39,
    "classification": "Fear"
  },
  "usd_thb": 32.38
}