{
  "ts": "2026-04-22T21:38:18.734Z",
  "xauusd": 4740.899902,
  "xagusd": 77.824997,
  "fng": {
    "value": 32,
    "classification": "Fear"
  },
  "usd_thb": 32.21
}