{
  "ts": "2025-11-18T09:30:23.532Z",
  "xauusd": 4037.300049,
  "xagusd": 50.346001,
  "fng": {
    "value": 11,
    "classification": "Extreme Fear"
  },
  "usd_thb": 32.43
}