{
  "ts": "2025-11-19T18:52:34.155Z",
  "xauusd": 4088.300049,
  "xagusd": 51.375999,
  "fng": {
    "value": 15,
    "classification": "Extreme Fear"
  },
  "usd_thb": 32.5
}