{
  "ts": "2025-12-15T04:52:06.606Z",
  "xauusd": 4327.700195,
  "xagusd": 62.660999,
  "fng": {
    "value": 16,
    "classification": "Extreme Fear"
  },
  "usd_thb": 31.49
}