{
  "ts": "2026-07-22T15:04:25.159Z",
  "xauusd": 4154.899902,
  "xagusd": 60.463001,
  "fng": {
    "value": 33,
    "classification": "Fear"
  },
  "usd_thb": 33.75
}