{
  "ts": "2025-08-19T19:14:37.678Z",
  "xauusd": 3317.399902,
  "xagusd": 37.351002,
  "fng": {
    "value": 56,
    "classification": "Greed"
  },
  "usd_thb": 32.59
}