{
  "ts": "2026-02-25T17:30:48.254Z",
  "xauusd": 5214.100098,
  "xagusd": 90.883003,
  "fng": {
    "value": 11,
    "classification": "Extreme Fear"
  },
  "usd_thb": 30.99
}