{
  "ts": "2025-11-19T08:15:16.680Z",
  "xauusd": 4081.199951,
  "xagusd": 51.299999,
  "fng": {
    "value": 15,
    "classification": "Extreme Fear"
  },
  "usd_thb": 32.42
}