{
  "ts": "2025-11-10T11:55:59.348Z",
  "xauusd": 4083.399902,
  "xagusd": 49.964001,
  "fng": {
    "value": 29,
    "classification": "Fear"
  },
  "usd_thb": 32.34
}