{
  "ts": "2025-12-30T17:58:11.165Z",
  "xauusd": 4370.600098,
  "xagusd": 77.660004,
  "fng": {
    "value": 23,
    "classification": "Extreme Fear"
  },
  "usd_thb": 31.35
}