{
  "ts": "2026-01-02T17:47:58.500Z",
  "xauusd": 4327.200195,
  "xagusd": 72.220001,
  "fng": {
    "value": 28,
    "classification": "Fear"
  },
  "usd_thb": 31.38
}