{
  "ts": "2025-10-23T07:20:06.687Z",
  "xauusd": 4118.299805,
  "xagusd": 49.317001,
  "fng": {
    "value": 27,
    "classification": "Fear"
  },
  "usd_thb": 32.79
}