{
  "ts": "2025-10-02T09:51:24.775Z",
  "xauusd": 3877.899902,
  "xagusd": 47.525002,
  "fng": {
    "value": 64,
    "classification": "Greed"
  },
  "usd_thb": 32.42
}