{
  "ts": "2025-10-20T09:48:28.222Z",
  "xauusd": 4261.299805,
  "xagusd": 52.247002,
  "fng": {
    "value": 29,
    "classification": "Fear"
  },
  "usd_thb": 32.69
}