{
  "ts": "2025-12-04T21:44:03.483Z",
  "xauusd": 4210.100098,
  "xagusd": 57.174999,
  "fng": {
    "value": 26,
    "classification": "Fear"
  },
  "usd_thb": 32.02
}