{
  "ts": "2026-03-10T12:27:51.158Z",
  "xauusd": 5174.700195,
  "xagusd": 88.674004,
  "fng": {
    "value": 13,
    "classification": "Extreme Fear"
  },
  "usd_thb": 31.68
}