{
  "ts": "2026-04-09T06:53:17.640Z",
  "xauusd": 4710.299805,
  "xagusd": 73.980003,
  "fng": {
    "value": 14,
    "classification": "Extreme Fear"
  },
  "usd_thb": 32
}