{
  "ts": "2025-09-03T06:49:55.650Z",
  "xauusd": 3537.899902,
  "xagusd": 40.900002,
  "fng": {
    "value": 55,
    "classification": "Greed"
  },
  "usd_thb": 32.39
}