{
  "ts": "2025-08-14T10:42:23.703Z",
  "xauusd": 3358.100098,
  "xagusd": 38.452999,
  "fng": {
    "value": 75,
    "classification": "Greed"
  },
  "usd_thb": 32.35
}