{
  "ts": "2025-11-26T18:33:47.163Z",
  "xauusd": 4165.700195,
  "xagusd": 53.143002,
  "fng": {
    "value": 15,
    "classification": "Extreme Fear"
  },
  "usd_thb": 32.21
}