{
  "ts": "2025-11-14T20:50:50.228Z",
  "xauusd": 4090.399902,
  "xagusd": 50.712002,
  "fng": {
    "value": 16,
    "classification": "Extreme Fear"
  },
  "usd_thb": 32.41
}