{
  "ts": "2025-08-28T13:51:42.249Z",
  "xauusd": 3408.699951,
  "xagusd": 39.049999,
  "fng": {
    "value": 48,
    "classification": "Neutral"
  },
  "usd_thb": 32.36
}