{
  "ts": "2026-02-11T21:55:12.232Z",
  "xauusd": 5084.100098,
  "xagusd": 84.400002,
  "fng": {
    "value": 11,
    "classification": "Extreme Fear"
  },
  "usd_thb": 31.01
}