{
  "ts": "2025-09-26T07:59:28.165Z",
  "xauusd": 3750.399902,
  "xagusd": 45.063999,
  "fng": {
    "value": 28,
    "classification": "Fear"
  },
  "usd_thb": 32.22
}