{
  "ts": "2025-09-18T11:36:18.652Z",
  "xauusd": 3666.100098,
  "xagusd": 41.928001,
  "fng": {
    "value": 52,
    "classification": "Neutral"
  },
  "usd_thb": 31.81
}