{
  "ts": "2025-09-02T22:50:51.177Z",
  "xauusd": 3530.800049,
  "xagusd": 40.898998,
  "fng": {
    "value": 49,
    "classification": "Neutral"
  },
  "usd_thb": 32.33
}