{
  "ts": "2025-09-25T06:59:43.737Z",
  "xauusd": 3742.300049,
  "xagusd": 44.022999,
  "fng": {
    "value": 44,
    "classification": "Fear"
  },
  "usd_thb": 32.16
}