{
  "ts": "2025-11-19T20:52:10.960Z",
  "xauusd": 4073.399902,
  "xagusd": 51.198002,
  "fng": {
    "value": 15,
    "classification": "Extreme Fear"
  },
  "usd_thb": 32.47
}