{
  "ts": "2025-12-09T18:38:05.730Z",
  "xauusd": 4206.799805,
  "xagusd": 60.464001,
  "fng": {
    "value": 22,
    "classification": "Extreme Fear"
  },
  "usd_thb": 31.85
}