{
  "ts": "2025-12-19T20:49:40.478Z",
  "xauusd": 4338.899902,
  "xagusd": 67.136002,
  "fng": {
    "value": 16,
    "classification": "Extreme Fear"
  },
  "usd_thb": 31.4
}