{
  "ts": "2025-11-26T15:47:00.172Z",
  "xauusd": 4163.299805,
  "xagusd": 52.522999,
  "fng": {
    "value": 15,
    "classification": "Extreme Fear"
  },
  "usd_thb": 32.24
}