{
  "ts": "2026-02-18T21:07:04.732Z",
  "xauusd": 4984.200195,
  "xagusd": 77.367996,
  "fng": {
    "value": 8,
    "classification": "Extreme Fear"
  },
  "usd_thb": 31.25
}