{
  "ts": "2025-10-17T10:24:46.847Z",
  "xauusd": 4339.899902,
  "xagusd": 54.095001,
  "fng": {
    "value": 22,
    "classification": "Extreme Fear"
  },
  "usd_thb": 32.66
}