{
  "ts": "2026-01-23T22:08:43.922Z",
  "xauusd": 4985.100098,
  "xagusd": 103.327003,
  "fng": {
    "value": 24,
    "classification": "Extreme Fear"
  },
  "usd_thb": 31.042
}