{
  "ts": "2026-03-17T05:46:18.625Z",
  "xauusd": 5033.100098,
  "xagusd": 81.800003,
  "fng": {
    "value": 28,
    "classification": "Fear"
  },
  "usd_thb": 32.4
}