{
  "ts": "2025-08-28T22:53:43.712Z",
  "xauusd": 3417.199951,
  "xagusd": 39.096001,
  "fng": {
    "value": 48,
    "classification": "Neutral"
  },
  "usd_thb": 32.28
}