{
  "ts": "2026-01-26T17:17:21.616Z",
  "xauusd": 5093.700195,
  "xagusd": 114.940002,
  "fng": {
    "value": 20,
    "classification": "Extreme Fear"
  },
  "usd_thb": 31.031
}