{
  "ts": "2025-09-23T06:56:30.985Z",
  "xauusd": 3756.300049,
  "xagusd": 43.905998,
  "fng": {
    "value": 43,
    "classification": "Fear"
  },
  "usd_thb": 31.85
}