{
  "ts": "2025-10-31T11:30:11.272Z",
  "xauusd": 4006.399902,
  "xagusd": 49.007999,
  "fng": {
    "value": 29,
    "classification": "Fear"
  },
  "usd_thb": 32.29
}