{
  "ts": "2025-11-20T06:28:21.245Z",
  "xauusd": 4062.699951,
  "xagusd": 51.234001,
  "fng": {
    "value": 11,
    "classification": "Extreme Fear"
  },
  "usd_thb": 32.44
}