{
  "ts": "2025-11-20T15:53:58.363Z",
  "xauusd": 4084.100098,
  "xagusd": 51.143002,
  "fng": {
    "value": 11,
    "classification": "Extreme Fear"
  },
  "usd_thb": 32.41
}