{
  "ts": "2025-10-06T19:29:40.014Z",
  "xauusd": 3964.300049,
  "xagusd": 48.691002,
  "fng": {
    "value": 71,
    "classification": "Greed"
  },
  "usd_thb": 32.45
}