{
  "ts": "2026-04-27T19:44:08.232Z",
  "xauusd": 4679.700195,
  "xagusd": 75.612999,
  "fng": {
    "value": 47,
    "classification": "Neutral"
  },
  "usd_thb": 32.36
}