{
  "ts": "2025-11-12T23:31:25.958Z",
  "xauusd": 4195.700195,
  "xagusd": 53.356998,
  "fng": {
    "value": 24,
    "classification": "Extreme Fear"
  },
  "usd_thb": 32.35
}