{
  "ts": "2025-09-12T06:19:04.850Z",
  "xauusd": 3652.800049,
  "xagusd": 42.119999,
  "fng": {
    "value": 57,
    "classification": "Greed"
  },
  "usd_thb": 31.65
}