{
  "ts": "2025-09-09T04:22:16.581Z",
  "xauusd": 3648.800049,
  "xagusd": 41.389999,
  "fng": {
    "value": 48,
    "classification": "Neutral"
  },
  "usd_thb": 31.65
}