{
  "ts": "2025-10-21T14:18:29.632Z",
  "xauusd": 4175.100098,
  "xagusd": 48.907001,
  "fng": {
    "value": 34,
    "classification": "Fear"
  },
  "usd_thb": 32.83
}