{
  "ts": "2025-10-08T01:36:12.403Z",
  "xauusd": 3995.699951,
  "xagusd": 47.959999,
  "fng": {
    "value": 60,
    "classification": "Greed"
  },
  "usd_thb": 32.5
}