{
  "ts": "2025-12-18T05:54:52.274Z",
  "xauusd": 4336.299805,
  "xagusd": 66.470001,
  "fng": {
    "value": 17,
    "classification": "Extreme Fear"
  },
  "usd_thb": 31.43
}