{
  "ts": "2026-03-04T05:57:02.153Z",
  "xauusd": 5157.899902,
  "xagusd": 84.598999,
  "fng": {
    "value": 10,
    "classification": "Extreme Fear"
  },
  "usd_thb": 31.63
}