{
  "ts": "2026-05-13T07:26:02.810Z",
  "xauusd": 4706.399902,
  "xagusd": 86.850998,
  "fng": {
    "value": 42,
    "classification": "Fear"
  },
  "usd_thb": 32.34
}