{
  "ts": "2025-11-04T04:39:07.625Z",
  "xauusd": 3992.800049,
  "xagusd": 48.216999,
  "fng": {
    "value": 21,
    "classification": "Extreme Fear"
  },
  "usd_thb": 32.5
}