{
  "ts": "2026-04-13T21:50:50.974Z",
  "xauusd": 4741.899902,
  "xagusd": 75.696999,
  "fng": {
    "value": 12,
    "classification": "Extreme Fear"
  },
  "usd_thb": 32.01
}