{
  "ts": "2025-12-28T23:46:34.041Z",
  "xauusd": 4534.100098,
  "xagusd": 82.021004,
  "fng": {
    "value": 24,
    "classification": "Extreme Fear"
  },
  "usd_thb": 31.07
}