{
  "ts": "2026-06-10T23:59:43.870Z",
  "xauusd": 4050.100098,
  "xagusd": 62.359001,
  "fng": {
    "value": 9,
    "classification": "Extreme Fear"
  },
  "usd_thb": 32.95
}