{
  "ts": "2025-10-21T19:29:33.294Z",
  "xauusd": 4104.299805,
  "xagusd": 48.151001,
  "fng": {
    "value": 34,
    "classification": "Fear"
  },
  "usd_thb": 32.86
}