{
  "ts": "2026-01-07T15:11:25.239Z",
  "xauusd": 4442.700195,
  "xagusd": 77.374001,
  "fng": {
    "value": 42,
    "classification": "Fear"
  },
  "usd_thb": 31.28
}