{
  "ts": "2025-12-17T06:56:53.924Z",
  "xauusd": 4328.200195,
  "xagusd": 66.125999,
  "fng": {
    "value": 16,
    "classification": "Extreme Fear"
  },
  "usd_thb": 31.47
}