{
  "ts": "2026-02-16T09:01:38.598Z",
  "xauusd": 5011.200195,
  "xagusd": 77.306999,
  "fng": {
    "value": 12,
    "classification": "Extreme Fear"
  },
  "usd_thb": 31.04
}