{
  "ts": "2026-01-26T19:14:12.192Z",
  "xauusd": 5059.100098,
  "xagusd": 110.543999,
  "fng": {
    "value": 20,
    "classification": "Extreme Fear"
  },
  "usd_thb": 31.14
}