{
  "ts": "2026-01-07T01:15:21.646Z",
  "xauusd": 4475.299805,
  "xagusd": 80.503998,
  "fng": {
    "value": 42,
    "classification": "Fear"
  },
  "usd_thb": 31.21
}