{
  "ts": "2025-08-27T15:40:46.407Z",
  "xauusd": 3388.800049,
  "xagusd": 38.525002,
  "fng": {
    "value": 51,
    "classification": "Neutral"
  },
  "usd_thb": 32.44
}