{
  "ts": "2025-11-25T21:41:49.684Z",
  "xauusd": 4132.700195,
  "xagusd": 51.470001,
  "fng": {
    "value": 20,
    "classification": "Extreme Fear"
  },
  "usd_thb": 32.25
}