{
  "ts": "2025-10-09T15:53:55.452Z",
  "xauusd": 4014.300049,
  "xagusd": 50.466999,
  "fng": {
    "value": 70,
    "classification": "Greed"
  },
  "usd_thb": 32.72
}