{
  "ts": "2026-03-24T06:43:16.776Z",
  "xauusd": 4388.600098,
  "xagusd": 69.296997,
  "fng": {
    "value": 11,
    "classification": "Extreme Fear"
  },
  "usd_thb": 32.59
}