{
  "ts": "2025-12-30T13:24:11.116Z",
  "xauusd": 4393.899902,
  "xagusd": 76.330002,
  "fng": {
    "value": 23,
    "classification": "Extreme Fear"
  },
  "usd_thb": 31.34
}