{
  "ts": "2025-12-10T10:57:38.316Z",
  "xauusd": 4193.399902,
  "xagusd": 61.077999,
  "fng": {
    "value": 26,
    "classification": "Fear"
  },
  "usd_thb": 31.84
}