{
  "ts": "2026-03-24T17:39:48.656Z",
  "xauusd": 4384.200195,
  "xagusd": 69.260002,
  "fng": {
    "value": 11,
    "classification": "Extreme Fear"
  },
  "usd_thb": 32.72
}