{
  "ts": "2025-09-10T21:27:15.242Z",
  "xauusd": 3641.199951,
  "xagusd": 41.155998,
  "fng": {
    "value": 49,
    "classification": "Neutral"
  },
  "usd_thb": 31.6
}