{
  "ts": "2026-02-19T11:12:50.162Z",
  "xauusd": 4991.899902,
  "xagusd": 78.765999,
  "fng": {
    "value": 9,
    "classification": "Extreme Fear"
  },
  "usd_thb": 31.11
}