{
  "ts": "2026-07-07T17:46:47.415Z",
  "xauusd": 4148.200195,
  "xagusd": 61.144001,
  "fng": {
    "value": 27,
    "classification": "Fear"
  },
  "usd_thb": 33.29
}