{
  "ts": "2025-11-09T23:45:41.921Z",
  "xauusd": 4008.800049,
  "xagusd": 48.507999,
  "fng": {
    "value": 22,
    "classification": "Extreme Fear"
  },
  "usd_thb": 32.18
}