{
  "ts": "2025-09-19T09:53:16.844Z",
  "xauusd": 3657.100098,
  "xagusd": 42.282001,
  "fng": {
    "value": 53,
    "classification": "Neutral"
  },
  "usd_thb": 31.84
}