{
  "ts": "2025-10-23T19:56:22.425Z",
  "xauusd": 4121.100098,
  "xagusd": 48.882999,
  "fng": {
    "value": 27,
    "classification": "Fear"
  },
  "usd_thb": 32.8
}