{
  "ts": "2025-10-31T17:19:38.650Z",
  "xauusd": 3985.199951,
  "xagusd": 48.615002,
  "fng": {
    "value": 29,
    "classification": "Fear"
  },
  "usd_thb": 32.41
}