{
  "ts": "2025-10-28T16:23:47.330Z",
  "xauusd": 3965.100098,
  "xagusd": 47.084999,
  "fng": {
    "value": 50,
    "classification": "Neutral"
  },
  "usd_thb": 32.32
}