{
  "ts": "2025-12-23T12:40:43.354Z",
  "xauusd": 4487.899902,
  "xagusd": 69.696999,
  "fng": {
    "value": 24,
    "classification": "Extreme Fear"
  },
  "usd_thb": 31.07
}