{
  "ts": "2025-12-31T07:43:39.635Z",
  "xauusd": 4331.700195,
  "xagusd": 72.337997,
  "fng": {
    "value": 21,
    "classification": "Extreme Fear"
  },
  "usd_thb": 31.48
}