{
  "ts": "2026-01-19T07:53:32.122Z",
  "xauusd": 4665.200195,
  "xagusd": 93.334999,
  "fng": {
    "value": 44,
    "classification": "Fear"
  },
  "usd_thb": 31.26
}