{
  "ts": "2025-09-22T06:51:05.003Z",
  "xauusd": 3717.800049,
  "xagusd": 43.752998,
  "fng": {
    "value": 45,
    "classification": "Fear"
  },
  "usd_thb": 31.79
}