{
  "ts": "2025-10-13T10:38:50.678Z",
  "xauusd": 4078.399902,
  "xagusd": 51.137001,
  "fng": {
    "value": 38,
    "classification": "Fear"
  },
  "usd_thb": 32.52
}