{
  "ts": "2025-12-31T17:47:05.429Z",
  "xauusd": 4327.399902,
  "xagusd": 71.427002,
  "fng": {
    "value": 21,
    "classification": "Extreme Fear"
  },
  "usd_thb": 31.44
}