{
  "ts": "2025-10-13T07:46:36.318Z",
  "xauusd": 4073.899902,
  "xagusd": 51.740002,
  "fng": {
    "value": 38,
    "classification": "Fear"
  },
  "usd_thb": 32.54
}