{
  "ts": "2026-02-10T23:27:45.510Z",
  "xauusd": 5026.799805,
  "xagusd": 81.637001,
  "fng": {
    "value": 9,
    "classification": "Extreme Fear"
  },
  "usd_thb": 31.16
}