{
  "ts": "2026-01-30T08:49:31.144Z",
  "xauusd": 5111.100098,
  "xagusd": 104.846001,
  "fng": {
    "value": 16,
    "classification": "Extreme Fear"
  },
  "usd_thb": 31.39
}