{
  "ts": "2025-11-25T07:27:17.303Z",
  "xauusd": 4142.399902,
  "xagusd": 51.573002,
  "fng": {
    "value": 20,
    "classification": "Extreme Fear"
  },
  "usd_thb": 32.3
}