{
  "ts": "2026-01-26T17:47:45.531Z",
  "xauusd": 5102.299805,
  "xagusd": 115.824997,
  "fng": {
    "value": 20,
    "classification": "Extreme Fear"
  },
  "usd_thb": 31.067
}