{
  "ts": "2025-10-21T14:57:37.902Z",
  "xauusd": 4122.415039,
  "xagusd": 48.221401,
  "fng": {
    "value": 34,
    "classification": "Fear"
  },
  "usd_thb": 32.86
}