{
  "ts": "2026-07-21T17:42:06.866Z",
  "xauusd": 4068.899902,
  "xagusd": 58.877998,
  "fng": {
    "value": 25,
    "classification": "Extreme Fear"
  },
  "usd_thb": 33.69
}