{
  "ts": "2025-10-20T22:55:50.633Z",
  "xauusd": 4370.299805,
  "xagusd": 52.619999,
  "fng": {
    "value": 29,
    "classification": "Fear"
  },
  "usd_thb": 32.59
}