{
  "ts": "2025-08-28T07:28:35.149Z",
  "xauusd": 3396.199951,
  "xagusd": 38.877998,
  "fng": {
    "value": 48,
    "classification": "Neutral"
  },
  "usd_thb": 32.37
}