{
  "ts": "2026-06-17T12:36:20.364Z",
  "xauusd": 4329.399902,
  "xagusd": 70.012001,
  "fng": {
    "value": 22,
    "classification": "Extreme Fear"
  },
  "usd_thb": 32.56
}