{
  "ts": "2025-09-10T18:59:11.327Z",
  "xauusd": 3645.600098,
  "xagusd": 41.134499,
  "fng": {
    "value": 49,
    "classification": "Neutral"
  },
  "usd_thb": 31.81
}