{
  "ts": "2025-09-12T07:56:03.160Z",
  "xauusd": 3649.699951,
  "xagusd": 42.230999,
  "fng": {
    "value": 57,
    "classification": "Greed"
  },
  "usd_thb": 31.69
}