{
  "ts": "2025-12-18T21:10:28.605Z",
  "xauusd": 4334.200195,
  "xagusd": 65.400002,
  "fng": {
    "value": 17,
    "classification": "Extreme Fear"
  },
  "usd_thb": 31.39
}