{
  "ts": "2025-11-07T04:55:24.102Z",
  "xauusd": 3998.899902,
  "xagusd": 48.514999,
  "fng": {
    "value": 24,
    "classification": "Extreme Fear"
  },
  "usd_thb": 32.37
}