{
  "ts": "2025-10-20T11:36:59.031Z",
  "xauusd": 4262.799805,
  "xagusd": 52.022999,
  "fng": {
    "value": 29,
    "classification": "Fear"
  },
  "usd_thb": 32.71
}