{
  "ts": "2025-09-22T15:14:01.530Z",
  "xauusd": 3727.100098,
  "xagusd": 43.794998,
  "fng": {
    "value": 45,
    "classification": "Fear"
  },
  "usd_thb": 31.81
}