{
  "ts": "2025-10-20T11:55:22.875Z",
  "xauusd": 4268.200195,
  "xagusd": 52.063999,
  "fng": {
    "value": 29,
    "classification": "Fear"
  },
  "usd_thb": 32.71
}