{
  "ts": "2025-10-27T23:38:00.869Z",
  "xauusd": 4003.300049,
  "xagusd": 47.081001,
  "fng": {
    "value": 51,
    "classification": "Neutral"
  },
  "usd_thb": 32.63
}