{
  "ts": "2025-09-05T12:51:34.538Z",
  "xauusd": 3577.899902,
  "xagusd": 41.095001,
  "fng": {
    "value": 48,
    "classification": "Neutral"
  },
  "usd_thb": 32.11
}