{
  "ts": "2025-09-01T17:59:46.989Z",
  "xauusd": 3478.300049,
  "xagusd": 40.720001,
  "fng": {
    "value": 46,
    "classification": "Fear"
  },
  "usd_thb": 32.31
}