{
  "ts": "2025-08-19T05:56:39.180Z",
  "xauusd": 3337.399902,
  "xagusd": 37.924999,
  "fng": {
    "value": 56,
    "classification": "Greed"
  },
  "usd_thb": 32.49
}