{
  "ts": "2025-10-08T09:41:01.041Z",
  "xauusd": 4039.199951,
  "xagusd": 48.957001,
  "fng": {
    "value": 60,
    "classification": "Greed"
  },
  "usd_thb": 32.49
}