{
  "ts": "2025-09-29T14:55:52.671Z",
  "xauusd": 3828.199951,
  "xagusd": 47.057999,
  "fng": {
    "value": 50,
    "classification": "Neutral"
  },
  "usd_thb": 32.23
}