{
  "ts": "2026-01-23T10:22:14.199Z",
  "xauusd": 4924.700195,
  "xagusd": 98.408997,
  "fng": {
    "value": 24,
    "classification": "Extreme Fear"
  },
  "usd_thb": 31.183
}