{
  "ts": "2025-09-26T10:56:08.807Z",
  "xauusd": 3745.600098,
  "xagusd": 45.056999,
  "fng": {
    "value": 28,
    "classification": "Fear"
  },
  "usd_thb": 32.33
}