{
  "ts": "2026-07-17T14:21:01.751Z",
  "xauusd": 3998.199951,
  "xagusd": 55.919998,
  "fng": {
    "value": 27,
    "classification": "Fear"
  },
  "usd_thb": 33.61
}