{
  "ts": "2026-03-17T19:39:26.886Z",
  "xauusd": 5000.899902,
  "xagusd": 79.134003,
  "fng": {
    "value": 28,
    "classification": "Fear"
  },
  "usd_thb": 32.28
}