{
  "ts": "2025-11-13T10:11:22.307Z",
  "xauusd": 4231.700195,
  "xagusd": 54.240002,
  "fng": {
    "value": 15,
    "classification": "Extreme Fear"
  },
  "usd_thb": 32.3
}