{
  "ts": "2025-11-24T21:35:04.635Z",
  "xauusd": 4133.299805,
  "xagusd": 51.374001,
  "fng": {
    "value": 19,
    "classification": "Extreme Fear"
  },
  "usd_thb": 32.37
}