{
  "ts": "2025-09-26T04:20:19.804Z",
  "xauusd": 3748.100098,
  "xagusd": 44.853001,
  "fng": {
    "value": 28,
    "classification": "Fear"
  },
  "usd_thb": 32.22
}