{
  "ts": "2025-12-05T19:27:28.481Z",
  "xauusd": 4207.200195,
  "xagusd": 58.431999,
  "fng": {
    "value": 28,
    "classification": "Fear"
  },
  "usd_thb": 31.89
}