{
  "ts": "2026-04-24T14:21:51.750Z",
  "xauusd": 4732.700195,
  "xagusd": 76.221001,
  "fng": {
    "value": 39,
    "classification": "Fear"
  },
  "usd_thb": 32.3
}