{
  "ts": "2025-10-14T15:50:56.779Z",
  "xauusd": 4138.100098,
  "xagusd": 51.830002,
  "fng": {
    "value": 38,
    "classification": "Fear"
  },
  "usd_thb": 32.6
}