{
  "ts": "2026-02-23T14:37:02.077Z",
  "xauusd": 5174.399902,
  "xagusd": 87.378998,
  "fng": {
    "value": 5,
    "classification": "Extreme Fear"
  },
  "usd_thb": 30.98
}