{
  "ts": "2025-09-02T23:40:07.096Z",
  "xauusd": 3528.399902,
  "xagusd": 40.915001,
  "fng": {
    "value": 49,
    "classification": "Neutral"
  },
  "usd_thb": 32.32
}