{
  "ts": "2026-04-28T21:18:31.014Z",
  "xauusd": 4596.899902,
  "xagusd": 73.207001,
  "fng": {
    "value": 33,
    "classification": "Fear"
  },
  "usd_thb": 32.48
}