{
  "ts": "2026-01-13T21:45:57.687Z",
  "xauusd": 4588.899902,
  "xagusd": 87.043999,
  "fng": {
    "value": 26,
    "classification": "Fear"
  },
  "usd_thb": 31.49
}