{
  "ts": "2025-08-25T05:50:34.332Z",
  "xauusd": 3365.600098,
  "xagusd": 38.919998,
  "fng": {
    "value": 47,
    "classification": "Neutral"
  },
  "usd_thb": 32.42
}