{
  "ts": "2026-02-13T07:15:55.348Z",
  "xauusd": 4961.399902,
  "xagusd": 77.331001,
  "fng": {
    "value": 9,
    "classification": "Extreme Fear"
  },
  "usd_thb": 31.13
}