{
  "ts": "2025-12-30T05:26:05.465Z",
  "xauusd": 4373.200195,
  "xagusd": 74.587997,
  "fng": {
    "value": 23,
    "classification": "Extreme Fear"
  },
  "usd_thb": 31.46
}