{
  "ts": "2025-10-15T23:22:29.697Z",
  "xauusd": 4211.600098,
  "xagusd": 53.022999,
  "fng": {
    "value": 34,
    "classification": "Fear"
  },
  "usd_thb": 32.55
}