{
  "ts": "2025-10-29T19:23:57.131Z",
  "xauusd": 3969.600098,
  "xagusd": 47.953999,
  "fng": {
    "value": 51,
    "classification": "Neutral"
  },
  "usd_thb": 32.43
}