{
  "ts": "2025-11-14T07:26:32.783Z",
  "xauusd": 4161.700195,
  "xagusd": 52.505001,
  "fng": {
    "value": 16,
    "classification": "Extreme Fear"
  },
  "usd_thb": 32.38
}