{
  "ts": "2025-09-25T14:57:42.974Z",
  "xauusd": 3730.300049,
  "xagusd": 44.700001,
  "fng": {
    "value": 44,
    "classification": "Fear"
  },
  "usd_thb": 32.28
}