{
  "ts": "2025-09-03T08:48:29.144Z",
  "xauusd": 3538.399902,
  "xagusd": 40.856998,
  "fng": {
    "value": 55,
    "classification": "Greed"
  },
  "usd_thb": 32.38
}