{
  "ts": "2026-01-06T06:33:12.349Z",
  "xauusd": 4460.200195,
  "xagusd": 79.035004,
  "fng": {
    "value": 44,
    "classification": "Fear"
  },
  "usd_thb": 31.16
}