{
  "ts": "2025-12-29T06:32:56.798Z",
  "xauusd": 4495.200195,
  "xagusd": 78.339996,
  "fng": {
    "value": 24,
    "classification": "Extreme Fear"
  },
  "usd_thb": 29.31
}