{
  "ts": "2026-07-06T05:35:08.656Z",
  "xauusd": 4157.899902,
  "xagusd": 61.960999,
  "fng": {
    "value": 24,
    "classification": "Extreme Fear"
  },
  "usd_thb": 33.25
}