{
  "ts": "2025-10-09T19:53:51.390Z",
  "xauusd": 3979.300049,
  "xagusd": 49.362999,
  "fng": {
    "value": 70,
    "classification": "Greed"
  },
  "usd_thb": 32.8
}