{
  "ts": "2025-09-01T23:00:51.746Z",
  "xauusd": 3476.300049,
  "xagusd": 40.610001,
  "fng": {
    "value": 46,
    "classification": "Fear"
  },
  "usd_thb": 32.31
}