{
  "ts": "2025-09-03T11:43:54.199Z",
  "xauusd": 3549.300049,
  "xagusd": 40.984001,
  "fng": {
    "value": 55,
    "classification": "Greed"
  },
  "usd_thb": 32.32
}