{
  "ts": "2025-12-16T14:51:31.757Z",
  "xauusd": 4331.899902,
  "xagusd": 63.780998,
  "fng": {
    "value": 11,
    "classification": "Extreme Fear"
  },
  "usd_thb": 31.41
}