{
  "ts": "2026-05-01T01:21:55.377Z",
  "xauusd": 4615.700195,
  "xagusd": 74.191002,
  "fng": {
    "value": 26,
    "classification": "Fear"
  },
  "usd_thb": 32.46
}