{
  "ts": "2026-01-13T19:39:37.065Z",
  "xauusd": 4596.200195,
  "xagusd": 87.838997,
  "fng": {
    "value": 26,
    "classification": "Fear"
  },
  "usd_thb": 31.48
}