{
  "ts": "2025-08-19T05:47:28.008Z",
  "xauusd": 3339.899902,
  "xagusd": 37.992001,
  "fng": {
    "value": 56,
    "classification": "Greed"
  },
  "usd_thb": 32.49
}