{
  "ts": "2025-11-25T23:59:24.257Z",
  "xauusd": 4134.100098,
  "xagusd": 51.376999,
  "fng": {
    "value": 20,
    "classification": "Extreme Fear"
  },
  "usd_thb": 32.28
}