{
  "ts": "2025-11-14T19:49:18.591Z",
  "xauusd": 4093.300049,
  "xagusd": 50.877998,
  "fng": {
    "value": 16,
    "classification": "Extreme Fear"
  },
  "usd_thb": 32.45
}