{
  "ts": "2026-01-16T01:42:01.217Z",
  "xauusd": 4606.700195,
  "xagusd": 91.866997,
  "fng": {
    "value": 49,
    "classification": "Neutral"
  },
  "usd_thb": 31.37
}