{
  "ts": "2026-04-21T12:46:21.252Z",
  "xauusd": 4779.799805,
  "xagusd": 78.679001,
  "fng": {
    "value": 33,
    "classification": "Fear"
  },
  "usd_thb": 32.06
}