{
  "ts": "2025-09-29T23:18:54.003Z",
  "xauusd": 3831.300049,
  "xagusd": 46.801998,
  "fng": {
    "value": 50,
    "classification": "Neutral"
  },
  "usd_thb": 32.2
}