{
  "ts": "2025-11-13T05:58:57.934Z",
  "xauusd": 4213.799805,
  "xagusd": 54.060001,
  "fng": {
    "value": 15,
    "classification": "Extreme Fear"
  },
  "usd_thb": 32.33
}