{
  "ts": "2025-10-28T10:44:42.447Z",
  "xauusd": 3919.800049,
  "xagusd": 46.269001,
  "fng": {
    "value": 50,
    "classification": "Neutral"
  },
  "usd_thb": 32.43
}