{
  "ts": "2025-11-14T11:59:49.240Z",
  "xauusd": 4134.299805,
  "xagusd": 52.075001,
  "fng": {
    "value": 16,
    "classification": "Extreme Fear"
  },
  "usd_thb": 32.45
}