{
  "ts": "2025-11-12T21:41:15.622Z",
  "xauusd": 4198.899902,
  "xagusd": 53.439999,
  "fng": {
    "value": 24,
    "classification": "Extreme Fear"
  },
  "usd_thb": 32.35
}