{
  "ts": "2026-01-16T06:59:01.020Z",
  "xauusd": 4599.799805,
  "xagusd": 90.588997,
  "fng": {
    "value": 49,
    "classification": "Neutral"
  },
  "usd_thb": 31.33
}