{
  "ts": "2025-08-19T16:58:41.325Z",
  "xauusd": 3318.699951,
  "xagusd": 37.412998,
  "fng": {
    "value": 56,
    "classification": "Greed"
  },
  "usd_thb": 32.58
}