{
  "ts": "2026-02-12T11:04:50.835Z",
  "xauusd": 5063.799805,
  "xagusd": 83.538002,
  "fng": {
    "value": 5,
    "classification": "Extreme Fear"
  },
  "usd_thb": 30.95
}