{
  "ts": "2025-11-21T20:35:58.748Z",
  "xauusd": 4064.399902,
  "xagusd": 50.025002,
  "fng": {
    "value": 14,
    "classification": "Extreme Fear"
  },
  "usd_thb": 32.41
}