{
  "ts": "2025-12-30T23:42:25.617Z",
  "xauusd": 4342.200195,
  "xagusd": 75.533997,
  "fng": {
    "value": 23,
    "classification": "Extreme Fear"
  },
  "usd_thb": 31.4
}