{
  "ts": "2025-08-18T14:49:05.994Z",
  "xauusd": 3337.699951,
  "xagusd": 38.122002,
  "fng": {
    "value": 60,
    "classification": "Greed"
  },
  "usd_thb": 32.49
}