{
  "ts": "2026-01-05T16:49:46.463Z",
  "xauusd": 4445.799805,
  "xagusd": 77.053001,
  "fng": {
    "value": 26,
    "classification": "Fear"
  },
  "usd_thb": 31.28
}