{
  "ts": "2025-09-05T13:38:54.770Z",
  "xauusd": 3578.199951,
  "xagusd": 41.198002,
  "fng": {
    "value": 48,
    "classification": "Neutral"
  },
  "usd_thb": 32.17
}