{
  "ts": "2026-03-18T23:45:36.839Z",
  "xauusd": 4835.600098,
  "xagusd": 76.148003,
  "fng": {
    "value": 26,
    "classification": "Fear"
  },
  "usd_thb": 32.82
}