{
  "ts": "2025-12-30T10:45:54.815Z",
  "xauusd": 4383.200195,
  "xagusd": 74.511002,
  "fng": {
    "value": 23,
    "classification": "Extreme Fear"
  },
  "usd_thb": 31.38
}