{
  "ts": "2026-01-09T07:57:14.371Z",
  "xauusd": 4473.100098,
  "xagusd": 77.258003,
  "fng": {
    "value": 27,
    "classification": "Fear"
  },
  "usd_thb": 31.4
}