{
  "ts": "2026-01-02T10:51:51.583Z",
  "xauusd": 4397.899902,
  "xagusd": 74.561996,
  "fng": {
    "value": 28,
    "classification": "Fear"
  },
  "usd_thb": 31.36
}