{
  "ts": "2025-11-13T21:49:32.813Z",
  "xauusd": 4172.799805,
  "xagusd": 52.377998,
  "fng": {
    "value": 15,
    "classification": "Extreme Fear"
  },
  "usd_thb": 32.34
}