{
  "ts": "2025-12-16T08:51:27.714Z",
  "xauusd": 4286.799805,
  "xagusd": 63.230999,
  "fng": {
    "value": 11,
    "classification": "Extreme Fear"
  },
  "usd_thb": 31.52
}