{
  "ts": "2025-10-07T16:47:24.606Z",
  "xauusd": 3977.399902,
  "xagusd": 47.688999,
  "fng": {
    "value": 70,
    "classification": "Greed"
  },
  "usd_thb": 32.45
}