{
  "ts": "2025-12-20T04:54:44.418Z",
  "xauusd": 4339.700195,
  "xagusd": 67.218002,
  "fng": {
    "value": 20,
    "classification": "Extreme Fear"
  },
  "usd_thb": 31.47
}