{
  "ts": "2025-12-15T10:59:36.211Z",
  "xauusd": 4341.100098,
  "xagusd": 63.787998,
  "fng": {
    "value": 16,
    "classification": "Extreme Fear"
  },
  "usd_thb": 31.43
}