{
  "ts": "2025-09-24T22:40:34.621Z",
  "xauusd": 3740.800049,
  "xagusd": 43.948002,
  "fng": {
    "value": 44,
    "classification": "Fear"
  },
  "usd_thb": 32.07
}