{
  "ts": "2025-08-28T23:37:59.189Z",
  "xauusd": 3416.699951,
  "xagusd": 39.108002,
  "fng": {
    "value": 48,
    "classification": "Neutral"
  },
  "usd_thb": 32.26
}