{
  "ts": "2025-12-18T07:57:08.196Z",
  "xauusd": 4334.100098,
  "xagusd": 66.570999,
  "fng": {
    "value": 17,
    "classification": "Extreme Fear"
  },
  "usd_thb": 31.46
}