{
  "ts": "2025-10-09T08:33:56.035Z",
  "xauusd": 4037.300049,
  "xagusd": 49.256001,
  "fng": {
    "value": 70,
    "classification": "Greed"
  },
  "usd_thb": 32.04
}