{
  "ts": "2025-08-20T09:15:57.338Z",
  "xauusd": 3327.199951,
  "xagusd": 37.141998,
  "fng": {
    "value": 44,
    "classification": "Fear"
  },
  "usd_thb": 32.54
}