{
  "ts": "2026-02-05T10:24:48.875Z",
  "xauusd": 4860.399902,
  "xagusd": 78.375999,
  "fng": {
    "value": 12,
    "classification": "Extreme Fear"
  },
  "usd_thb": 31.74
}