{
  "ts": "2025-10-01T17:41:56.902Z",
  "xauusd": 3866.899902,
  "xagusd": 47.566002,
  "fng": {
    "value": 49,
    "classification": "Neutral"
  },
  "usd_thb": 32.4
}