{
  "ts": "2025-11-05T05:22:19.032Z",
  "xauusd": 3975.399902,
  "xagusd": 47.813999,
  "fng": {
    "value": 23,
    "classification": "Extreme Fear"
  },
  "usd_thb": 32.53
}