{
  "ts": "2025-12-29T01:26:29.742Z",
  "xauusd": 4507.700195,
  "xagusd": 77.605003,
  "fng": {
    "value": 24,
    "classification": "Extreme Fear"
  },
  "usd_thb": 31.09
}