{
  "ts": "2026-01-20T22:39:21.692Z",
  "xauusd": 4764.399902,
  "xagusd": 94.720001,
  "fng": {
    "value": 32,
    "classification": "Fear"
  },
  "usd_thb": 31.01
}