{
  "ts": "2025-09-24T07:51:37.979Z",
  "xauusd": 3778.600098,
  "xagusd": 44.310001,
  "fng": {
    "value": 44,
    "classification": "Fear"
  },
  "usd_thb": 31.94
}