{
  "ts": "2025-11-17T02:04:19.406Z",
  "xauusd": 4091.199951,
  "xagusd": 50.904999,
  "fng": {
    "value": 14,
    "classification": "Extreme Fear"
  },
  "usd_thb": 32.36
}