{
  "ts": "2025-12-03T15:49:32.679Z",
  "xauusd": 4228.100098,
  "xagusd": 58.721001,
  "fng": {
    "value": 28,
    "classification": "Fear"
  },
  "usd_thb": 31.87
}