{
  "ts": "2025-11-13T17:19:01.137Z",
  "xauusd": 4196.100098,
  "xagusd": 52.957001,
  "fng": {
    "value": 15,
    "classification": "Extreme Fear"
  },
  "usd_thb": 32.3
}