{
  "ts": "2025-08-19T05:18:10.159Z",
  "xauusd": 3338.199951,
  "xagusd": 37.970001,
  "fng": {
    "value": 56,
    "classification": "Greed"
  },
  "usd_thb": 32.49
}