{
  "ts": "2025-10-29T14:43:00.087Z",
  "xauusd": 4010.899902,
  "xagusd": 48.294998,
  "fng": {
    "value": 51,
    "classification": "Neutral"
  },
  "usd_thb": 32.33
}