{
  "ts": "2025-12-19T20:58:46.351Z",
  "xauusd": 4338.700195,
  "xagusd": 67.149002,
  "fng": {
    "value": 16,
    "classification": "Extreme Fear"
  },
  "usd_thb": 31.41
}