{
  "ts": "2026-05-15T22:37:57.466Z",
  "xauusd": 4541.200195,
  "xagusd": 76.092003,
  "fng": {
    "value": 43,
    "classification": "Fear"
  },
  "usd_thb": 32.65
}