{
  "ts": "2025-09-25T03:48:36.985Z",
  "xauusd": 3739.199951,
  "xagusd": 44.030998,
  "fng": {
    "value": 44,
    "classification": "Fear"
  },
  "usd_thb": 32.11
}