{
  "ts": "2025-08-28T07:41:01.945Z",
  "xauusd": 3394.699951,
  "xagusd": 38.889999,
  "fng": {
    "value": 48,
    "classification": "Neutral"
  },
  "usd_thb": 32.37
}