{
  "ts": "2026-03-23T10:36:33.274Z",
  "xauusd": 4267.399902,
  "xagusd": 64.035004,
  "fng": {
    "value": 8,
    "classification": "Extreme Fear"
  },
  "usd_thb": 33.02
}