{
  "ts": "2025-10-02T17:31:24.622Z",
  "xauusd": 3845.600098,
  "xagusd": 46.568001,
  "fng": {
    "value": 64,
    "classification": "Greed"
  },
  "usd_thb": 32.49
}