{
  "ts": "2025-12-11T15:18:04.733Z",
  "xauusd": 4239.200195,
  "xagusd": 62.841999,
  "fng": {
    "value": 29,
    "classification": "Fear"
  },
  "usd_thb": 31.68
}