{
  "ts": "2025-09-01T01:22:59.341Z",
  "xauusd": 3440.300049,
  "xagusd": 39.799999,
  "fng": {
    "value": 46,
    "classification": "Fear"
  },
  "usd_thb": 32.33
}