{
  "ts": "2026-05-12T01:20:32.229Z",
  "xauusd": 4748.399902,
  "xagusd": 86.896004,
  "fng": {
    "value": 49,
    "classification": "Neutral"
  },
  "usd_thb": 32.34
}