{
  "ts": "2025-12-11T03:02:58.694Z",
  "xauusd": 4224.399902,
  "xagusd": 62.360001,
  "fng": {
    "value": 29,
    "classification": "Fear"
  },
  "usd_thb": 31.73
}