{
  "ts": "2025-10-16T22:47:58.808Z",
  "xauusd": 4363.899902,
  "xagusd": 54.334999,
  "fng": {
    "value": 28,
    "classification": "Fear"
  },
  "usd_thb": 32.5
}