{
  "ts": "2026-02-19T08:55:58.387Z",
  "xauusd": 5017.799805,
  "xagusd": 79.351997,
  "fng": {
    "value": 9,
    "classification": "Extreme Fear"
  },
  "usd_thb": 31.12
}