{
  "ts": "2026-05-27T16:56:11.191Z",
  "xauusd": 4451.899902,
  "xagusd": 74.787003,
  "fng": {
    "value": 25,
    "classification": "Extreme Fear"
  },
  "usd_thb": 32.6
}