{
  "ts": "2025-11-25T12:23:55.286Z",
  "xauusd": 4138.200195,
  "xagusd": 51.397999,
  "fng": {
    "value": 20,
    "classification": "Extreme Fear"
  },
  "usd_thb": 32.29
}