{
  "ts": "2026-03-18T20:28:36.705Z",
  "xauusd": 4820.600098,
  "xagusd": 75.393997,
  "fng": {
    "value": 26,
    "classification": "Fear"
  },
  "usd_thb": 32.77
}