{
  "ts": "2025-12-09T16:32:45.618Z",
  "xauusd": 4217.299805,
  "xagusd": 60.522999,
  "fng": {
    "value": 22,
    "classification": "Extreme Fear"
  },
  "usd_thb": 31.82
}