{
  "ts": "2025-08-28T22:35:40.191Z",
  "xauusd": 3417.699951,
  "xagusd": 39.119999,
  "fng": {
    "value": 48,
    "classification": "Neutral"
  },
  "usd_thb": 32.27
}