{
  "ts": "2025-09-18T06:51:50.980Z",
  "xauusd": 3638.800049,
  "xagusd": 41.450001,
  "fng": {
    "value": 52,
    "classification": "Neutral"
  },
  "usd_thb": 31.89
}