{
  "ts": "2026-03-11T23:53:24.664Z",
  "xauusd": 5142.799805,
  "xagusd": 84.839996,
  "fng": {
    "value": 15,
    "classification": "Extreme Fear"
  },
  "usd_thb": 31.94
}