{
  "ts": "2026-03-11T11:20:38.241Z",
  "xauusd": 5185.600098,
  "xagusd": 86.915001,
  "fng": {
    "value": 15,
    "classification": "Extreme Fear"
  },
  "usd_thb": 31.53
}