{
  "ts": "2025-12-03T05:40:56.773Z",
  "xauusd": 4211.399902,
  "xagusd": 58.036999,
  "fng": {
    "value": 28,
    "classification": "Fear"
  },
  "usd_thb": 31.86
}