{
  "ts": "2026-07-16T14:12:03.566Z",
  "xauusd": 3993.600098,
  "xagusd": 55.957001,
  "fng": {
    "value": 25,
    "classification": "Extreme Fear"
  },
  "usd_thb": 33.58
}