{
  "ts": "2025-12-08T21:32:03.393Z",
  "xauusd": 4191.700195,
  "xagusd": 58.200001,
  "fng": {
    "value": 20,
    "classification": "Extreme Fear"
  },
  "usd_thb": 31.89
}