{
  "ts": "2026-01-07T15:41:10.576Z",
  "xauusd": 4449.799805,
  "xagusd": 77.492996,
  "fng": {
    "value": 42,
    "classification": "Fear"
  },
  "usd_thb": 31.28
}