{
  "ts": "2026-02-18T19:54:15.849Z",
  "xauusd": 4980.799805,
  "xagusd": 76.879997,
  "fng": {
    "value": 8,
    "classification": "Extreme Fear"
  },
  "usd_thb": 31.26
}