{
  "ts": "2025-12-03T16:36:57.415Z",
  "xauusd": 4223.899902,
  "xagusd": 58.790001,
  "fng": {
    "value": 28,
    "classification": "Fear"
  },
  "usd_thb": 31.97
}