{
  "ts": "2026-01-07T09:51:51.886Z",
  "xauusd": 4464.700195,
  "xagusd": 79.535004,
  "fng": {
    "value": 42,
    "classification": "Fear"
  },
  "usd_thb": 31.24
}