{
  "ts": "2026-01-15T13:57:15.086Z",
  "xauusd": 4587.100098,
  "xagusd": 88.412003,
  "fng": {
    "value": 61,
    "classification": "Greed"
  },
  "usd_thb": 31.35
}