{
  "ts": "2025-12-08T09:14:53.174Z",
  "xauusd": 4211.200195,
  "xagusd": 58.553001,
  "fng": {
    "value": 20,
    "classification": "Extreme Fear"
  },
  "usd_thb": 31.85
}