{
  "ts": "2025-10-02T13:54:47.782Z",
  "xauusd": 3876.600098,
  "xagusd": 47.505001,
  "fng": {
    "value": 64,
    "classification": "Greed"
  },
  "usd_thb": 32.42
}