{
  "ts": "2025-11-03T20:47:51.674Z",
  "xauusd": 4009.300049,
  "xagusd": 48.271999,
  "fng": {
    "value": 42,
    "classification": "Fear"
  },
  "usd_thb": 32.47
}