{
  "ts": "2025-09-02T16:47:59.432Z",
  "xauusd": 3526.899902,
  "xagusd": 40.889999,
  "fng": {
    "value": 49,
    "classification": "Neutral"
  },
  "usd_thb": 32.31
}