{
  "ts": "2025-09-03T03:17:34.060Z",
  "xauusd": 3532.199951,
  "xagusd": 40.742001,
  "fng": {
    "value": 55,
    "classification": "Greed"
  },
  "usd_thb": 32.43
}