{
  "ts": "2025-12-12T21:17:32.206Z",
  "xauusd": 4300.399902,
  "xagusd": 62.008999,
  "fng": {
    "value": 29,
    "classification": "Fear"
  },
  "usd_thb": 31.56
}