{
  "ts": "2026-03-31T11:12:02.023Z",
  "xauusd": 4546.399902,
  "xagusd": 72.793999,
  "fng": {
    "value": 11,
    "classification": "Extreme Fear"
  },
  "usd_thb": 32.91
}