{
  "ts": "2025-12-03T22:00:09.513Z",
  "xauusd": 4204.100098,
  "xagusd": 58.556999,
  "fng": {
    "value": 28,
    "classification": "Fear"
  },
  "usd_thb": 31.89
}