{
  "ts": "2025-11-04T18:56:12.112Z",
  "xauusd": 3941.100098,
  "xagusd": 47.488998,
  "fng": {
    "value": 21,
    "classification": "Extreme Fear"
  },
  "usd_thb": 32.59
}