{
  "ts": "2025-10-21T19:49:56.281Z",
  "xauusd": 4108.299805,
  "xagusd": 48.376999,
  "fng": {
    "value": 34,
    "classification": "Fear"
  },
  "usd_thb": 32.85
}