{
  "ts": "2025-11-28T05:56:53.647Z",
  "xauusd": 4185.200195,
  "xagusd": 54.014999,
  "fng": {
    "value": 25,
    "classification": "Extreme Fear"
  },
  "usd_thb": 32.15
}