{
  "ts": "2026-01-21T07:03:33.022Z",
  "xauusd": 4846.100098,
  "xagusd": 94.352997,
  "fng": {
    "value": 24,
    "classification": "Extreme Fear"
  },
  "usd_thb": 31.16
}