{
  "ts": "2025-11-06T15:34:01.018Z",
  "xauusd": 3983.800049,
  "xagusd": 48.084999,
  "fng": {
    "value": 27,
    "classification": "Fear"
  },
  "usd_thb": 32.41
}