{
  "ts": "2025-12-09T07:52:46.041Z",
  "xauusd": 4181.899902,
  "xagusd": 58.092999,
  "fng": {
    "value": 22,
    "classification": "Extreme Fear"
  },
  "usd_thb": 31.87
}