{
  "ts": "2025-10-24T03:11:11.765Z",
  "xauusd": 4110.799805,
  "xagusd": 48.643002,
  "fng": {
    "value": 30,
    "classification": "Fear"
  },
  "usd_thb": 32.82
}