{
  "ts": "2026-02-11T23:38:10.617Z",
  "xauusd": 5066.200195,
  "xagusd": 83.675003,
  "fng": {
    "value": 11,
    "classification": "Extreme Fear"
  },
  "usd_thb": 31.01
}