{
  "ts": "2025-12-29T07:48:32.076Z",
  "xauusd": 4474.899902,
  "xagusd": 76.199997,
  "fng": {
    "value": 24,
    "classification": "Extreme Fear"
  },
  "usd_thb": 29.45
}