{
  "ts": "2025-08-29T19:55:43.639Z",
  "xauusd": 3453.199951,
  "xagusd": 39.838001,
  "fng": {
    "value": 50,
    "classification": "Neutral"
  },
  "usd_thb": 32.29
}