{
  "ts": "2025-12-22T17:55:57.857Z",
  "xauusd": 4439.399902,
  "xagusd": 68.626999,
  "fng": {
    "value": 25,
    "classification": "Extreme Fear"
  },
  "usd_thb": 31.12
}