{
  "ts": "2025-10-30T19:44:32.174Z",
  "xauusd": 4023.899902,
  "xagusd": 48.980999,
  "fng": {
    "value": 34,
    "classification": "Fear"
  },
  "usd_thb": 32.34
}