{
  "ts": "2026-03-02T05:35:43.408Z",
  "xauusd": 5358.100098,
  "xagusd": 94.237999,
  "fng": {
    "value": 10,
    "classification": "Extreme Fear"
  },
  "usd_thb": 31.34
}