{
  "ts": "2025-08-25T11:53:02.402Z",
  "xauusd": 3370.899902,
  "xagusd": 38.799999,
  "fng": {
    "value": 47,
    "classification": "Neutral"
  },
  "usd_thb": 32.44
}