{
  "ts": "2025-09-16T22:12:20.794Z",
  "xauusd": 3691.399902,
  "xagusd": 42.623001,
  "fng": {
    "value": 52,
    "classification": "Neutral"
  },
  "usd_thb": 31.7
}