{
  "ts": "2026-01-29T23:53:49.977Z",
  "xauusd": 5437.100098,
  "xagusd": 117.905998,
  "fng": {
    "value": 26,
    "classification": "Fear"
  },
  "usd_thb": 31.245
}