{
  "ts": "2025-10-15T13:08:32.660Z",
  "xauusd": 4188.799805,
  "xagusd": 52.675999,
  "fng": {
    "value": 34,
    "classification": "Fear"
  },
  "usd_thb": 32.6
}