{
  "ts": "2026-02-11T06:16:19.717Z",
  "xauusd": 5055.799805,
  "xagusd": 82.218002,
  "fng": {
    "value": 11,
    "classification": "Extreme Fear"
  },
  "usd_thb": 31.05
}