{
  "ts": "2025-12-09T09:57:08.983Z",
  "xauusd": 4203.799805,
  "xagusd": 58.587002,
  "fng": {
    "value": 22,
    "classification": "Extreme Fear"
  },
  "usd_thb": 31.79
}