{
  "ts": "2026-07-01T23:03:14.886Z",
  "xauusd": 4045.100098,
  "xagusd": 59.490002,
  "fng": {
    "value": 11,
    "classification": "Extreme Fear"
  },
  "usd_thb": 33.33
}