{
  "ts": "2025-12-02T05:51:39.729Z",
  "xauusd": 4223.799805,
  "xagusd": 57.242001,
  "fng": {
    "value": 23,
    "classification": "Extreme Fear"
  },
  "usd_thb": 31.97
}