{
  "ts": "2025-10-13T01:47:41.661Z",
  "xauusd": 4050.399902,
  "xagusd": 50.750999,
  "fng": {
    "value": 38,
    "classification": "Fear"
  },
  "usd_thb": 32.62
}