{
  "ts": "2025-08-26T05:48:44.038Z",
  "xauusd": 3377.699951,
  "xagusd": 38.876999,
  "fng": {
    "value": 48,
    "classification": "Neutral"
  },
  "usd_thb": 32.42
}