{
  "ts": "2026-01-27T20:32:16.842Z",
  "xauusd": 5146.799805,
  "xagusd": 110.988998,
  "fng": {
    "value": 29,
    "classification": "Fear"
  },
  "usd_thb": 30.959
}