{
  "ts": "2026-02-04T22:57:51.281Z",
  "xauusd": 4965.799805,
  "xagusd": 88.322998,
  "fng": {
    "value": 14,
    "classification": "Extreme Fear"
  },
  "usd_thb": 31.69
}