{
  "ts": "2025-10-22T20:49:57.564Z",
  "xauusd": 4102.899902,
  "xagusd": 48.571999,
  "fng": {
    "value": 25,
    "classification": "Extreme Fear"
  },
  "usd_thb": 32.77
}