{
  "ts": "2025-11-20T16:45:40.572Z",
  "xauusd": 4060.199951,
  "xagusd": 50.682999,
  "fng": {
    "value": 11,
    "classification": "Extreme Fear"
  },
  "usd_thb": 32.42
}