{
  "ts": "2025-12-23T06:53:43.979Z",
  "xauusd": 4480.200195,
  "xagusd": 69.456001,
  "fng": {
    "value": 24,
    "classification": "Extreme Fear"
  },
  "usd_thb": 31.17
}