{
  "ts": "2025-10-01T15:46:39.548Z",
  "xauusd": 3866.600098,
  "xagusd": 47.518002,
  "fng": {
    "value": 49,
    "classification": "Neutral"
  },
  "usd_thb": 32.43
}