{
  "ts": "2025-09-19T04:41:38.370Z",
  "xauusd": 3658.899902,
  "xagusd": 42.368999,
  "fng": {
    "value": 53,
    "classification": "Neutral"
  },
  "usd_thb": 31.86
}