{
  "ts": "2025-10-24T10:36:57.403Z",
  "xauusd": 4058.699951,
  "xagusd": 48.153999,
  "fng": {
    "value": 30,
    "classification": "Fear"
  },
  "usd_thb": 32.76
}