{
  "ts": "2025-12-23T23:45:17.789Z",
  "xauusd": 4508.200195,
  "xagusd": 71.870003,
  "fng": {
    "value": 24,
    "classification": "Extreme Fear"
  },
  "usd_thb": 31.08
}