{
  "ts": "2026-03-06T07:48:35.900Z",
  "xauusd": 5114.399902,
  "xagusd": 84.239998,
  "fng": {
    "value": 18,
    "classification": "Extreme Fear"
  },
  "usd_thb": 31.71
}