{
  "ts": "2025-11-17T17:47:08.941Z",
  "xauusd": 4075.300049,
  "xagusd": 50.911999,
  "fng": {
    "value": 14,
    "classification": "Extreme Fear"
  },
  "usd_thb": 32.42
}