{
  "ts": "2026-01-27T05:53:57.413Z",
  "xauusd": 5082.100098,
  "xagusd": 110.023003,
  "fng": {
    "value": 29,
    "classification": "Fear"
  },
  "usd_thb": 31.104
}