{
  "ts": "2025-11-26T08:44:44.378Z",
  "xauusd": 4160.600098,
  "xagusd": 52.131001,
  "fng": {
    "value": 15,
    "classification": "Extreme Fear"
  },
  "usd_thb": 32.23
}