{
  "ts": "2025-10-24T08:00:15.701Z",
  "xauusd": 4073.800049,
  "xagusd": 48.164001,
  "fng": {
    "value": 30,
    "classification": "Fear"
  },
  "usd_thb": 32.77
}