{
  "ts": "2025-08-27T18:16:36.272Z",
  "xauusd": 3394.199951,
  "xagusd": 38.615002,
  "fng": {
    "value": 51,
    "classification": "Neutral"
  },
  "usd_thb": 32.38
}