{
  "ts": "2026-04-27T15:10:03.179Z",
  "xauusd": 4674.200195,
  "xagusd": 75.012001,
  "fng": {
    "value": 47,
    "classification": "Neutral"
  },
  "usd_thb": 32.35
}