{
  "ts": "2026-01-28T21:39:11.481Z",
  "xauusd": 5388.600098,
  "xagusd": 116.382004,
  "fng": {
    "value": 29,
    "classification": "Fear"
  },
  "usd_thb": 31.1
}