{
  "ts": "2026-01-23T06:41:25.177Z",
  "xauusd": 4952.799805,
  "xagusd": 99.058998,
  "fng": {
    "value": 24,
    "classification": "Extreme Fear"
  },
  "usd_thb": 31.161
}