{
  "ts": "2026-06-30T22:59:13.570Z",
  "xauusd": 4013.699951,
  "xagusd": 58.828999,
  "fng": {
    "value": 15,
    "classification": "Extreme Fear"
  },
  "usd_thb": 33.2
}