{
  "ts": "2025-10-17T15:24:02.907Z",
  "xauusd": 4237.399902,
  "xagusd": 51.853001,
  "fng": {
    "value": 22,
    "classification": "Extreme Fear"
  },
  "usd_thb": 32.8
}