{
  "ts": "2025-09-08T06:28:07.300Z",
  "xauusd": 3592.91748,
  "xagusd": 40.969002,
  "fng": {
    "value": 51,
    "classification": "Neutral"
  },
  "usd_thb": 31.98
}