{
  "ts": "2025-10-03T05:55:19.002Z",
  "xauusd": 3858.300049,
  "xagusd": 47.235001,
  "fng": {
    "value": 63,
    "classification": "Greed"
  },
  "usd_thb": 32.44
}