{
  "ts": "2026-07-21T09:04:21.979Z",
  "xauusd": 4066.199951,
  "xagusd": 59.207001,
  "fng": {
    "value": 25,
    "classification": "Extreme Fear"
  },
  "usd_thb": 33.6
}