{
  "ts": "2026-07-24T01:02:03.118Z",
  "xauusd": 4048.800049,
  "xagusd": 57.859001,
  "fng": {
    "value": 28,
    "classification": "Fear"
  },
  "usd_thb": 33.79
}