{
  "ts": "2026-06-29T17:56:24.526Z",
  "xauusd": 4022.300049,
  "xagusd": 58.290001,
  "fng": {
    "value": 12,
    "classification": "Extreme Fear"
  },
  "usd_thb": 33.25
}