{
  "ts": "2025-12-12T16:11:55.310Z",
  "xauusd": 4277.799805,
  "xagusd": 61.779999,
  "fng": {
    "value": 29,
    "classification": "Fear"
  },
  "usd_thb": 31.58
}