{
  "ts": "2025-12-02T05:42:07.182Z",
  "xauusd": 4222.899902,
  "xagusd": 57.249001,
  "fng": {
    "value": 23,
    "classification": "Extreme Fear"
  },
  "usd_thb": 31.99
}