{
  "ts": "2025-08-22T09:45:43.807Z",
  "xauusd": 3331.899902,
  "xagusd": 38.064999,
  "fng": {
    "value": 50,
    "classification": "Neutral"
  },
  "usd_thb": 32.61
}