{
  "ts": "2025-10-01T06:32:27.993Z",
  "xauusd": 3862.800049,
  "xagusd": 46.994999,
  "fng": {
    "value": 49,
    "classification": "Neutral"
  },
  "usd_thb": 32.46
}