{
  "ts": "2026-02-20T13:38:02.949Z",
  "xauusd": 5026.399902,
  "xagusd": 80.491997,
  "fng": {
    "value": 7,
    "classification": "Extreme Fear"
  },
  "usd_thb": 31.18
}