{
  "ts": "2026-07-06T23:58:58.285Z",
  "xauusd": 4158.399902,
  "xagusd": 61.898998,
  "fng": {
    "value": 24,
    "classification": "Extreme Fear"
  },
  "usd_thb": 33.27
}