{
  "ts": "2026-05-08T09:46:14.563Z",
  "xauusd": 4714.299805,
  "xagusd": 80.497002,
  "fng": {
    "value": 38,
    "classification": "Fear"
  },
  "usd_thb": 32.16
}