{
  "ts": "2025-12-17T20:58:41.920Z",
  "xauusd": 4342.700195,
  "xagusd": 66.410004,
  "fng": {
    "value": 16,
    "classification": "Extreme Fear"
  },
  "usd_thb": 31.46
}