{
  "ts": "2025-10-10T04:49:58.338Z",
  "xauusd": 3965.399902,
  "xagusd": 49.379002,
  "fng": {
    "value": 64,
    "classification": "Greed"
  },
  "usd_thb": 32.8
}