{
  "ts": "2025-10-03T04:50:57.205Z",
  "xauusd": 3845.600098,
  "xagusd": 46.931999,
  "fng": {
    "value": 63,
    "classification": "Greed"
  },
  "usd_thb": 32.45
}