{
  "ts": "2025-10-22T10:52:23.112Z",
  "xauusd": 4056.899902,
  "xagusd": 48.466999,
  "fng": {
    "value": 25,
    "classification": "Extreme Fear"
  },
  "usd_thb": 32.88
}