{
  "ts": "2026-03-21T11:27:11.746Z",
  "xauusd": 4492.200195,
  "xagusd": 67.938004,
  "fng": {
    "value": 12,
    "classification": "Extreme Fear"
  },
  "usd_thb": 32.77
}