{
  "ts": "2025-10-01T04:39:12.099Z",
  "xauusd": 3859.100098,
  "xagusd": 47.043999,
  "fng": {
    "value": 49,
    "classification": "Neutral"
  },
  "usd_thb": 32.46
}