{
  "ts": "2026-05-25T17:58:33.243Z",
  "xauusd": 4565.899902,
  "xagusd": 78.202003,
  "fng": {
    "value": 30,
    "classification": "Fear"
  },
  "usd_thb": 32.43
}