{
  "ts": "2026-01-20T11:51:17.998Z",
  "xauusd": 4734.299805,
  "xagusd": 95.505997,
  "fng": {
    "value": 32,
    "classification": "Fear"
  },
  "usd_thb": 31.033
}