{
  "ts": "2026-01-02T20:57:54.765Z",
  "xauusd": 4330.799805,
  "xagusd": 72.543999,
  "fng": {
    "value": 28,
    "classification": "Fear"
  },
  "usd_thb": 31.42
}