{
  "ts": "2025-09-26T13:55:54.332Z",
  "xauusd": 3761.300049,
  "xagusd": 45.581001,
  "fng": {
    "value": 28,
    "classification": "Fear"
  },
  "usd_thb": 32.27
}