{
  "ts": "2026-02-09T21:00:17.378Z",
  "xauusd": 5082.899902,
  "xagusd": 84.005997,
  "fng": {
    "value": 14,
    "classification": "Extreme Fear"
  },
  "usd_thb": 31.08
}