{
  "ts": "2025-09-18T10:54:23.075Z",
  "xauusd": 3667.899902,
  "xagusd": 41.949001,
  "fng": {
    "value": 52,
    "classification": "Neutral"
  },
  "usd_thb": 31.8
}