{
  "ts": "2026-02-17T18:07:07.462Z",
  "xauusd": 4868.700195,
  "xagusd": 73.070999,
  "fng": {
    "value": 10,
    "classification": "Extreme Fear"
  },
  "usd_thb": 31.3
}