{
  "ts": "2025-11-10T23:46:14.857Z",
  "xauusd": 4120.899902,
  "xagusd": 50.608002,
  "fng": {
    "value": 29,
    "classification": "Fear"
  },
  "usd_thb": 32.32
}