{
  "ts": "2026-04-16T18:17:02.814Z",
  "xauusd": 4790.899902,
  "xagusd": 78.519997,
  "fng": {
    "value": 23,
    "classification": "Extreme Fear"
  },
  "usd_thb": 32.02
}