{
  "ts": "2025-08-15T17:55:52.528Z",
  "xauusd": 3337.100098,
  "xagusd": 38.025002,
  "fng": {
    "value": 60,
    "classification": "Greed"
  },
  "usd_thb": 32.46
}