{
  "ts": "2025-12-23T18:24:17.027Z",
  "xauusd": 4477.799805,
  "xagusd": 70.890999,
  "fng": {
    "value": 24,
    "classification": "Extreme Fear"
  },
  "usd_thb": 31.09
}