{
  "ts": "2026-05-01T14:06:01.005Z",
  "xauusd": 4636.100098,
  "xagusd": 76.553001,
  "fng": {
    "value": 26,
    "classification": "Fear"
  },
  "usd_thb": 32.35
}