{
  "ts": "2025-11-19T23:58:30.291Z",
  "xauusd": 4107.899902,
  "xagusd": 51.794998,
  "fng": {
    "value": 15,
    "classification": "Extreme Fear"
  },
  "usd_thb": 32.44
}