{
  "ts": "2025-11-19T04:33:08.217Z",
  "xauusd": 4075.399902,
  "xagusd": 50.949001,
  "fng": {
    "value": 15,
    "classification": "Extreme Fear"
  },
  "usd_thb": 32.42
}