{
  "ts": "2025-09-03T10:44:10.540Z",
  "xauusd": 3537.399902,
  "xagusd": 40.868999,
  "fng": {
    "value": 55,
    "classification": "Greed"
  },
  "usd_thb": 32.36
}