{
  "ts": "2025-12-05T14:13:18.972Z",
  "xauusd": 4239.799805,
  "xagusd": 58.432999,
  "fng": {
    "value": 28,
    "classification": "Fear"
  },
  "usd_thb": 31.82
}