{
  "ts": "2026-07-22T17:52:23.473Z",
  "xauusd": 4144.200195,
  "xagusd": 60.161999,
  "fng": {
    "value": 33,
    "classification": "Fear"
  },
  "usd_thb": 33.74
}