{
  "ts": "2025-10-07T03:28:08.955Z",
  "xauusd": 3962.100098,
  "xagusd": 48.411999,
  "fng": {
    "value": 70,
    "classification": "Greed"
  },
  "usd_thb": 32.47
}