{
  "ts": "2025-10-14T23:45:51.418Z",
  "xauusd": 4166.299805,
  "xagusd": 52.147999,
  "fng": {
    "value": 38,
    "classification": "Fear"
  },
  "usd_thb": 32.62
}