{
  "ts": "2025-08-25T14:54:13.124Z",
  "xauusd": 3375.199951,
  "xagusd": 38.889999,
  "fng": {
    "value": 47,
    "classification": "Neutral"
  },
  "usd_thb": 32.42
}