{
  "ts": "2026-03-17T10:28:21.021Z",
  "xauusd": 5008.399902,
  "xagusd": 80.657997,
  "fng": {
    "value": 28,
    "classification": "Fear"
  },
  "usd_thb": 32.35
}