{
  "ts": "2026-04-07T19:39:21.005Z",
  "xauusd": 4687.700195,
  "xagusd": 72.445999,
  "fng": {
    "value": 11,
    "classification": "Extreme Fear"
  },
  "usd_thb": 32.46
}