{
  "ts": "2026-01-05T08:50:56.635Z",
  "xauusd": 4433.100098,
  "xagusd": 75.856003,
  "fng": {
    "value": 26,
    "classification": "Fear"
  },
  "usd_thb": 31.3
}