{
  "ts": "2025-09-17T20:26:46.374Z",
  "xauusd": 3658.399902,
  "xagusd": 41.637001,
  "fng": {
    "value": 53,
    "classification": "Neutral"
  },
  "usd_thb": 31.79
}