{
  "ts": "2025-10-30T19:24:55.980Z",
  "xauusd": 4021.100098,
  "xagusd": 48.897999,
  "fng": {
    "value": 34,
    "classification": "Fear"
  },
  "usd_thb": 32.33
}