{
  "ts": "2026-02-20T16:21:52.401Z",
  "xauusd": 5049.100098,
  "xagusd": 82.033997,
  "fng": {
    "value": 7,
    "classification": "Extreme Fear"
  },
  "usd_thb": 31.12
}