{
  "ts": "2025-09-22T08:57:18.527Z",
  "xauusd": 3722.199951,
  "xagusd": 43.743999,
  "fng": {
    "value": 45,
    "classification": "Fear"
  },
  "usd_thb": 31.78
}