{
  "ts": "2025-09-22T05:37:41.116Z",
  "xauusd": 3699.800049,
  "xagusd": 43.709999,
  "fng": {
    "value": 45,
    "classification": "Fear"
  },
  "usd_thb": 31.82
}