{
  "ts": "2025-11-24T23:13:35.369Z",
  "xauusd": 4131.399902,
  "xagusd": 51.367001,
  "fng": {
    "value": 19,
    "classification": "Extreme Fear"
  },
  "usd_thb": 32.4
}