{
  "ts": "2026-06-09T21:03:16.419Z",
  "xauusd": 4260.600098,
  "xagusd": 65.460999,
  "fng": {
    "value": 10,
    "classification": "Extreme Fear"
  },
  "usd_thb": 32.87
}