{
  "ts": "2026-06-29T15:23:03.330Z",
  "xauusd": 4022.199951,
  "xagusd": 57.903999,
  "fng": {
    "value": 12,
    "classification": "Extreme Fear"
  },
  "usd_thb": 33.28
}