{
  "ts": "2026-03-27T19:06:46.972Z",
  "xauusd": 4512.399902,
  "xagusd": 70.073997,
  "fng": {
    "value": 13,
    "classification": "Extreme Fear"
  },
  "usd_thb": 32.9
}