{
  "ts": "2025-11-27T15:46:55.551Z",
  "xauusd": 4161.200195,
  "xagusd": 53.240002,
  "fng": {
    "value": 22,
    "classification": "Extreme Fear"
  },
  "usd_thb": 32.2
}