{
  "ts": "2026-02-05T23:49:03.835Z",
  "xauusd": 4734.799805,
  "xagusd": 67.592003,
  "fng": {
    "value": 12,
    "classification": "Extreme Fear"
  },
  "usd_thb": 31.82
}