{
  "ts": "2026-04-09T16:02:42.353Z",
  "xauusd": 4798.299805,
  "xagusd": 76.129997,
  "fng": {
    "value": 14,
    "classification": "Extreme Fear"
  },
  "usd_thb": 31.95
}