{
  "ts": "2026-04-16T05:17:00.371Z",
  "xauusd": 4836.200195,
  "xagusd": 80.795998,
  "fng": {
    "value": 23,
    "classification": "Extreme Fear"
  },
  "usd_thb": 31.94
}