{
  "ts": "2025-12-03T03:43:11.610Z",
  "xauusd": 4222.100098,
  "xagusd": 58.867001,
  "fng": {
    "value": 28,
    "classification": "Fear"
  },
  "usd_thb": 31.91
}