{
  "ts": "2025-10-22T08:59:40.099Z",
  "xauusd": 4080.800049,
  "xagusd": 48.419998,
  "fng": {
    "value": 25,
    "classification": "Extreme Fear"
  },
  "usd_thb": 32.83
}