{
  "ts": "2026-01-28T08:27:31.102Z",
  "xauusd": 5296.799805,
  "xagusd": 114.556999,
  "fng": {
    "value": 29,
    "classification": "Fear"
  },
  "usd_thb": 30.948
}