{
  "ts": "2025-10-01T15:55:48.678Z",
  "xauusd": 3869.100098,
  "xagusd": 47.493999,
  "fng": {
    "value": 49,
    "classification": "Neutral"
  },
  "usd_thb": 32.43
}