{
  "ts": "2025-09-23T15:18:04.746Z",
  "xauusd": 3780.100098,
  "xagusd": 44.360001,
  "fng": {
    "value": 43,
    "classification": "Fear"
  },
  "usd_thb": 31.86
}