{
  "ts": "2025-09-24T17:13:10.811Z",
  "xauusd": 3738.399902,
  "xagusd": 44.005001,
  "fng": {
    "value": 44,
    "classification": "Fear"
  },
  "usd_thb": 32.08
}