{
  "ts": "2026-01-05T04:22:35.803Z",
  "xauusd": 4405.299805,
  "xagusd": 75.453003,
  "fng": {
    "value": 26,
    "classification": "Fear"
  },
  "usd_thb": 31.35
}