{
  "ts": "2025-10-16T05:35:03.038Z",
  "xauusd": 4205.799805,
  "xagusd": 52.747002,
  "fng": {
    "value": 28,
    "classification": "Fear"
  },
  "usd_thb": 32.57
}