{
  "ts": "2026-04-02T12:07:29.905Z",
  "xauusd": 4609.299805,
  "xagusd": 70.755997,
  "fng": {
    "value": 12,
    "classification": "Extreme Fear"
  },
  "usd_thb": 32.74
}