{
  "ts": "2025-09-11T09:33:59.436Z",
  "xauusd": 3618.199951,
  "xagusd": 40.990002,
  "fng": {
    "value": 54,
    "classification": "Neutral"
  },
  "usd_thb": 31.85
}