{
  "ts": "2026-07-08T22:11:41.023Z",
  "xauusd": 4079.699951,
  "xagusd": 58.620998,
  "fng": {
    "value": 20,
    "classification": "Extreme Fear"
  },
  "usd_thb": 33.43
}