{
  "ts": "2026-01-07T23:19:21.637Z",
  "xauusd": 4461.899902,
  "xagusd": 78.475998,
  "fng": {
    "value": 42,
    "classification": "Fear"
  },
  "usd_thb": 31.34
}