{
  "ts": "2025-08-26T05:18:22.227Z",
  "xauusd": 3375.699951,
  "xagusd": 38.860001,
  "fng": {
    "value": 48,
    "classification": "Neutral"
  },
  "usd_thb": 32.44
}