{
  "ts": "2025-09-26T15:59:52.422Z",
  "xauusd": 3781.199951,
  "xagusd": 46.125999,
  "fng": {
    "value": 28,
    "classification": "Fear"
  },
  "usd_thb": 32.21
}