{
  "ts": "2025-11-05T13:47:24.968Z",
  "xauusd": 3975.199951,
  "xagusd": 48.022999,
  "fng": {
    "value": 23,
    "classification": "Extreme Fear"
  },
  "usd_thb": 32.5
}