{
  "ts": "2026-01-26T09:42:49.704Z",
  "xauusd": 5090.299805,
  "xagusd": 109.410004,
  "fng": {
    "value": 20,
    "classification": "Extreme Fear"
  },
  "usd_thb": 31.06
}