{
  "ts": "2025-09-29T09:48:19.334Z",
  "xauusd": 3809.199951,
  "xagusd": 46.893002,
  "fng": {
    "value": 50,
    "classification": "Neutral"
  },
  "usd_thb": 32.25
}