{
  "ts": "2025-09-04T22:44:28.086Z",
  "xauusd": 3543.899902,
  "xagusd": 40.653999,
  "fng": {
    "value": 51,
    "classification": "Neutral"
  },
  "usd_thb": 32.3
}