{
  "ts": "2025-09-03T19:53:48.874Z",
  "xauusd": 3564.199951,
  "xagusd": 41.195999,
  "fng": {
    "value": 55,
    "classification": "Greed"
  },
  "usd_thb": 32.28
}