{
  "ts": "2025-09-22T19:56:48.373Z",
  "xauusd": 3749.100098,
  "xagusd": 44.144001,
  "fng": {
    "value": 45,
    "classification": "Fear"
  },
  "usd_thb": 31.8
}