{
  "ts": "2025-11-04T11:52:25.954Z",
  "xauusd": 4000.399902,
  "xagusd": 47.882999,
  "fng": {
    "value": 21,
    "classification": "Extreme Fear"
  },
  "usd_thb": 32.51
}