{
  "ts": "2025-11-12T12:00:00.367Z",
  "xauusd": 4127.100098,
  "xagusd": 51.580002,
  "fng": {
    "value": 24,
    "classification": "Extreme Fear"
  },
  "usd_thb": 32.45
}