{
  "ts": "2026-02-20T19:12:20.238Z",
  "xauusd": 5071.399902,
  "xagusd": 83.035004,
  "fng": {
    "value": 7,
    "classification": "Extreme Fear"
  },
  "usd_thb": 31.08
}