{
  "ts": "2025-09-05T19:44:48.670Z",
  "xauusd": 3594.600098,
  "xagusd": 41.053001,
  "fng": {
    "value": 48,
    "classification": "Neutral"
  },
  "usd_thb": 32.07
}