{
  "ts": "2026-02-26T17:39:26.243Z",
  "xauusd": 5175.100098,
  "xagusd": 86.879997,
  "fng": {
    "value": 11,
    "classification": "Extreme Fear"
  },
  "usd_thb": 31.16
}