{
  "ts": "2025-10-20T20:19:10.571Z",
  "xauusd": 4352.100098,
  "xagusd": 52.310001,
  "fng": {
    "value": 29,
    "classification": "Fear"
  },
  "usd_thb": 32.55
}