{
  "ts": "2026-01-02T11:41:18.703Z",
  "xauusd": 4394.299805,
  "xagusd": 74.464996,
  "fng": {
    "value": 28,
    "classification": "Fear"
  },
  "usd_thb": 31.4
}