{
  "ts": "2026-01-16T19:59:28.558Z",
  "xauusd": 4591.700195,
  "xagusd": 89.551003,
  "fng": {
    "value": 49,
    "classification": "Neutral"
  },
  "usd_thb": 31.41
}