{
  "ts": "2025-08-26T03:14:37.406Z",
  "xauusd": 3371.600098,
  "xagusd": 38.750999,
  "fng": {
    "value": 48,
    "classification": "Neutral"
  },
  "usd_thb": 32.48
}