{
  "ts": "2026-01-12T06:50:51.463Z",
  "xauusd": 4575.600098,
  "xagusd": 84.307999,
  "fng": {
    "value": 27,
    "classification": "Fear"
  },
  "usd_thb": 31.22
}