{
  "ts": "2025-12-11T14:41:37.477Z",
  "xauusd": 4241.600098,
  "xagusd": 62.790001,
  "fng": {
    "value": 29,
    "classification": "Fear"
  },
  "usd_thb": 31.67
}