{
  "ts": "2026-01-25T20:50:59.449Z",
  "xauusd": 4985.100098,
  "xagusd": 103.327003,
  "fng": {
    "value": 25,
    "classification": "Extreme Fear"
  },
  "usd_thb": 30.939
}