{
  "ts": "2025-10-08T22:52:00.927Z",
  "xauusd": 4023.100098,
  "xagusd": 49.056999,
  "fng": {
    "value": 60,
    "classification": "Greed"
  },
  "usd_thb": 32.5
}