{
  "ts": "2025-09-15T07:13:33.452Z",
  "xauusd": 3636.699951,
  "xagusd": 42.228001,
  "fng": {
    "value": 53,
    "classification": "Neutral"
  },
  "usd_thb": 31.92
}