{
  "ts": "2025-12-10T11:19:48.075Z",
  "xauusd": 4195.799805,
  "xagusd": 61.143002,
  "fng": {
    "value": 26,
    "classification": "Fear"
  },
  "usd_thb": 31.83
}