{
  "ts": "2025-08-20T23:11:01.115Z",
  "xauusd": 3349.399902,
  "xagusd": 37.963001,
  "fng": {
    "value": 44,
    "classification": "Fear"
  },
  "usd_thb": 32.56
}