{
  "ts": "2026-03-13T07:55:10.208Z",
  "xauusd": 5086.799805,
  "xagusd": 82.348999,
  "fng": {
    "value": 15,
    "classification": "Extreme Fear"
  },
  "usd_thb": 32.3
}