{
  "ts": "2026-04-06T08:01:10.705Z",
  "xauusd": 4685.600098,
  "xagusd": 72.633003,
  "fng": {
    "value": 13,
    "classification": "Extreme Fear"
  },
  "usd_thb": 32.46
}