{
  "ts": "2025-09-04T23:37:37.536Z",
  "xauusd": 3547.699951,
  "xagusd": 40.721001,
  "fng": {
    "value": 51,
    "classification": "Neutral"
  },
  "usd_thb": 32.3
}