{
  "ts": "2025-08-22T06:48:02.391Z",
  "xauusd": 3327.399902,
  "xagusd": 37.994999,
  "fng": {
    "value": 50,
    "classification": "Neutral"
  },
  "usd_thb": 32.62
}