{
  "ts": "2025-10-01T13:44:33.968Z",
  "xauusd": 3875.199951,
  "xagusd": 47.786999,
  "fng": {
    "value": 49,
    "classification": "Neutral"
  },
  "usd_thb": 32.37
}