{
  "ts": "2025-09-01T05:56:47.276Z",
  "xauusd": 3480.899902,
  "xagusd": 40.507999,
  "fng": {
    "value": 46,
    "classification": "Fear"
  },
  "usd_thb": 32.32
}