{
  "ts": "2025-11-05T17:49:41.613Z",
  "xauusd": 3984.199951,
  "xagusd": 48.188999,
  "fng": {
    "value": 23,
    "classification": "Extreme Fear"
  },
  "usd_thb": 32.46
}