{
  "ts": "2025-12-09T11:21:03.100Z",
  "xauusd": 4203.600098,
  "xagusd": 58.539001,
  "fng": {
    "value": 22,
    "classification": "Extreme Fear"
  },
  "usd_thb": 31.82
}