{
  "ts": "2025-12-11T10:44:35.114Z",
  "xauusd": 4216.600098,
  "xagusd": 62.306999,
  "fng": {
    "value": 29,
    "classification": "Fear"
  },
  "usd_thb": 31.77
}