{
  "ts": "2026-03-24T05:41:20.371Z",
  "xauusd": 4357.899902,
  "xagusd": 67.309998,
  "fng": {
    "value": 11,
    "classification": "Extreme Fear"
  },
  "usd_thb": 32.62
}