{
  "ts": "2025-10-09T23:50:00.990Z",
  "xauusd": 3988.699951,
  "xagusd": 49.313999,
  "fng": {
    "value": 70,
    "classification": "Greed"
  },
  "usd_thb": 32.79
}