{
  "ts": "2025-12-18T19:58:21.355Z",
  "xauusd": 4325.299805,
  "xagusd": 65.163002,
  "fng": {
    "value": 17,
    "classification": "Extreme Fear"
  },
  "usd_thb": 31.41
}