{
  "ts": "2025-12-26T20:29:12.539Z",
  "xauusd": 4524.100098,
  "xagusd": 78.009003,
  "fng": {
    "value": 20,
    "classification": "Extreme Fear"
  },
  "usd_thb": 30.97
}