{
  "ts": "2025-11-03T09:40:23.554Z",
  "xauusd": 4006.199951,
  "xagusd": 48.771999,
  "fng": {
    "value": 42,
    "classification": "Fear"
  },
  "usd_thb": 32.44
}