{
  "ts": "2026-01-07T11:48:39.611Z",
  "xauusd": 4450.299805,
  "xagusd": 79.135002,
  "fng": {
    "value": 42,
    "classification": "Fear"
  },
  "usd_thb": 31.31
}