{
  "ts": "2025-10-03T09:29:49.230Z",
  "xauusd": 3859.399902,
  "xagusd": 47.318001,
  "fng": {
    "value": 63,
    "classification": "Greed"
  },
  "usd_thb": 32.4
}