{
  "ts": "2026-01-07T10:56:54.164Z",
  "xauusd": 4466.100098,
  "xagusd": 79.377998,
  "fng": {
    "value": 42,
    "classification": "Fear"
  },
  "usd_thb": 31.28
}