{
  "ts": "2026-03-30T17:34:24.614Z",
  "xauusd": 4519.100098,
  "xagusd": 70.453003,
  "fng": {
    "value": 8,
    "classification": "Extreme Fear"
  },
  "usd_thb": 32.83
}