{
  "ts": "2025-11-11T19:19:53.656Z",
  "xauusd": 4119.399902,
  "xagusd": 51.080002,
  "fng": {
    "value": 26,
    "classification": "Fear"
  },
  "usd_thb": 32.44
}