{
  "ts": "2025-10-12T23:49:08.348Z",
  "xauusd": 4045.800049,
  "xagusd": 50.455002,
  "fng": {
    "value": 24,
    "classification": "Extreme Fear"
  },
  "usd_thb": 32.61
}