{
  "ts": "2025-10-22T13:20:42.861Z",
  "xauusd": 4067.800049,
  "xagusd": 48.499001,
  "fng": {
    "value": 25,
    "classification": "Extreme Fear"
  },
  "usd_thb": 32.81
}