{
  "ts": "2026-06-05T08:35:07.375Z",
  "xauusd": 4464.799805,
  "xagusd": 72.768997,
  "fng": {
    "value": 12,
    "classification": "Extreme Fear"
  },
  "usd_thb": 32.6
}