{
  "ts": "2025-08-27T20:09:07.607Z",
  "xauusd": 3396.199951,
  "xagusd": 38.561001,
  "fng": {
    "value": 51,
    "classification": "Neutral"
  },
  "usd_thb": 32.38
}