{
  "ts": "2025-11-13T19:53:40.722Z",
  "xauusd": 4169.399902,
  "xagusd": 52.578999,
  "fng": {
    "value": 15,
    "classification": "Extreme Fear"
  },
  "usd_thb": 32.34
}