{
  "ts": "2026-05-07T17:21:18.312Z",
  "xauusd": 4707.899902,
  "xagusd": 79.329002,
  "fng": {
    "value": 47,
    "classification": "Neutral"
  },
  "usd_thb": 32.23
}