{
  "ts": "2025-10-14T23:54:54.310Z",
  "xauusd": 4166.899902,
  "xagusd": 52.120998,
  "fng": {
    "value": 38,
    "classification": "Fear"
  },
  "usd_thb": 32.62
}