{
  "ts": "2026-04-14T23:31:51.650Z",
  "xauusd": 4837.700195,
  "xagusd": 79.580002,
  "fng": {
    "value": 21,
    "classification": "Extreme Fear"
  },
  "usd_thb": 31.96
}