{
  "ts": "2026-04-05T22:44:25.788Z",
  "xauusd": 4639.399902,
  "xagusd": 72.042999,
  "fng": {
    "value": 12,
    "classification": "Extreme Fear"
  },
  "usd_thb": 32.66
}