{
  "ts": "2025-12-02T04:19:17.561Z",
  "xauusd": 4217.299805,
  "xagusd": 57.148998,
  "fng": {
    "value": 23,
    "classification": "Extreme Fear"
  },
  "usd_thb": 31.99
}