{
  "ts": "2026-01-26T08:59:28.081Z",
  "xauusd": 5083.399902,
  "xagusd": 109.363998,
  "fng": {
    "value": 20,
    "classification": "Extreme Fear"
  },
  "usd_thb": 31.07
}