{
  "ts": "2026-02-11T08:06:46.378Z",
  "xauusd": 5059.100098,
  "xagusd": 84.130997,
  "fng": {
    "value": 11,
    "classification": "Extreme Fear"
  },
  "usd_thb": 31.08
}