{
  "ts": "2025-10-02T19:59:35.510Z",
  "xauusd": 3855.199951,
  "xagusd": 46.900002,
  "fng": {
    "value": 64,
    "classification": "Greed"
  },
  "usd_thb": 32.45
}