{
  "ts": "2025-12-15T15:49:43.687Z",
  "xauusd": 4325.600098,
  "xagusd": 63.993999,
  "fng": {
    "value": 16,
    "classification": "Extreme Fear"
  },
  "usd_thb": 31.43
}