{
  "ts": "2025-11-10T07:42:05.620Z",
  "xauusd": 4075.399902,
  "xagusd": 49.667999,
  "fng": {
    "value": 29,
    "classification": "Fear"
  },
  "usd_thb": 32.33
}