{
  "ts": "2026-01-06T04:11:14.725Z",
  "xauusd": 4466.600098,
  "xagusd": 78.897003,
  "fng": {
    "value": 44,
    "classification": "Fear"
  },
  "usd_thb": 31.21
}