{
  "ts": "2026-04-02T13:54:01.546Z",
  "xauusd": 4633.600098,
  "xagusd": 71.313004,
  "fng": {
    "value": 12,
    "classification": "Extreme Fear"
  },
  "usd_thb": 32.65
}