{
  "ts": "2026-01-21T14:02:57.017Z",
  "xauusd": 4878.100098,
  "xagusd": 95.056999,
  "fng": {
    "value": 24,
    "classification": "Extreme Fear"
  },
  "usd_thb": 31.07
}