{
  "ts": "2025-12-23T15:42:49.609Z",
  "xauusd": 4456.200195,
  "xagusd": 69.630997,
  "fng": {
    "value": 24,
    "classification": "Extreme Fear"
  },
  "usd_thb": 31.12
}