{
  "ts": "2026-01-13T21:29:45.964Z",
  "xauusd": 4590.200195,
  "xagusd": 87.170998,
  "fng": {
    "value": 26,
    "classification": "Fear"
  },
  "usd_thb": 31.48
}