{
  "ts": "2025-09-29T06:53:47.718Z",
  "xauusd": 3816.300049,
  "xagusd": 46.924999,
  "fng": {
    "value": 50,
    "classification": "Neutral"
  },
  "usd_thb": 32.24
}