{
  "ts": "2025-11-17T06:56:05.420Z",
  "xauusd": 4067.399902,
  "xagusd": 50.778999,
  "fng": {
    "value": 14,
    "classification": "Extreme Fear"
  },
  "usd_thb": 32.42
}