{
  "ts": "2025-09-24T10:43:02.831Z",
  "xauusd": 3764.399902,
  "xagusd": 44.007999,
  "fng": {
    "value": 44,
    "classification": "Fear"
  },
  "usd_thb": 32.02
}