{
  "ts": "2025-10-29T13:47:38.263Z",
  "xauusd": 4006.600098,
  "xagusd": 48.139999,
  "fng": {
    "value": 51,
    "classification": "Neutral"
  },
  "usd_thb": 32.34
}