{
  "ts": "2025-09-12T04:27:15.033Z",
  "xauusd": 3654.699951,
  "xagusd": 42.094002,
  "fng": {
    "value": 57,
    "classification": "Greed"
  },
  "usd_thb": 31.68
}