{
  "ts": "2025-08-27T13:16:52.945Z",
  "xauusd": 3384.800049,
  "xagusd": 38.366001,
  "fng": {
    "value": 51,
    "classification": "Neutral"
  },
  "usd_thb": 32.46
}