{
  "ts": "2025-10-22T19:40:44.806Z",
  "xauusd": 4107.299805,
  "xagusd": 48.675999,
  "fng": {
    "value": 25,
    "classification": "Extreme Fear"
  },
  "usd_thb": 32.75
}