{
  "ts": "2025-11-09T08:18:57.289Z",
  "xauusd": 4001.209961,
  "xagusd": 48.300999,
  "fng": {
    "value": 22,
    "classification": "Extreme Fear"
  },
  "usd_thb": 32.11
}