{
  "ts": "2025-09-11T14:13:15.979Z",
  "xauusd": 3634.100098,
  "xagusd": 41.358002,
  "fng": {
    "value": 54,
    "classification": "Neutral"
  },
  "usd_thb": 31.73
}