{
  "ts": "2026-01-02T14:29:35.998Z",
  "xauusd": 4372.399902,
  "xagusd": 74.438004,
  "fng": {
    "value": 28,
    "classification": "Fear"
  },
  "usd_thb": 31.37
}