{
  "ts": "2026-02-20T10:51:08.541Z",
  "xauusd": 5031.299805,
  "xagusd": 80.813004,
  "fng": {
    "value": 7,
    "classification": "Extreme Fear"
  },
  "usd_thb": 31.16
}