{
  "ts": "2025-10-01T16:42:20.617Z",
  "xauusd": 3872.100098,
  "xagusd": 47.585999,
  "fng": {
    "value": 49,
    "classification": "Neutral"
  },
  "usd_thb": 32.42
}