{
  "ts": "2026-04-06T09:19:29.773Z",
  "xauusd": 4700.700195,
  "xagusd": 73.500999,
  "fng": {
    "value": 13,
    "classification": "Extreme Fear"
  },
  "usd_thb": 32.43
}