{
  "ts": "2025-11-04T13:43:31.873Z",
  "xauusd": 3981.899902,
  "xagusd": 47.601002,
  "fng": {
    "value": 21,
    "classification": "Extreme Fear"
  },
  "usd_thb": 32.52
}