{
  "ts": "2026-03-03T20:50:01.221Z",
  "xauusd": 5102.399902,
  "xagusd": 82.410004,
  "fng": {
    "value": 14,
    "classification": "Extreme Fear"
  },
  "usd_thb": 31.55
}