{
  "ts": "2025-11-04T09:53:21.793Z",
  "xauusd": 3993.899902,
  "xagusd": 47.868999,
  "fng": {
    "value": 21,
    "classification": "Extreme Fear"
  },
  "usd_thb": 32.53
}