{
  "ts": "2025-12-24T17:46:37.223Z",
  "xauusd": 4480.600098,
  "xagusd": 71.976997,
  "fng": {
    "value": 24,
    "classification": "Extreme Fear"
  },
  "usd_thb": 31.07
}