{
  "ts": "2026-03-26T16:19:21.891Z",
  "xauusd": 4429.200195,
  "xagusd": 68.321999,
  "fng": {
    "value": 10,
    "classification": "Extreme Fear"
  },
  "usd_thb": 32.86
}