{
  "ts": "2025-12-19T06:49:41.614Z",
  "xauusd": 4324.600098,
  "xagusd": 65.754997,
  "fng": {
    "value": 16,
    "classification": "Extreme Fear"
  },
  "usd_thb": 31.43
}