{
  "ts": "2026-03-11T05:57:19.552Z",
  "xauusd": 5199.799805,
  "xagusd": 87.661003,
  "fng": {
    "value": 15,
    "classification": "Extreme Fear"
  },
  "usd_thb": 31.53
}