{
  "ts": "2025-12-09T05:40:33.451Z",
  "xauusd": 4184.799805,
  "xagusd": 58.085999,
  "fng": {
    "value": 22,
    "classification": "Extreme Fear"
  },
  "usd_thb": 31.88
}