{
  "ts": "2026-04-17T00:06:32.557Z",
  "xauusd": 4789.600098,
  "xagusd": 78.679001,
  "fng": {
    "value": 21,
    "classification": "Extreme Fear"
  },
  "usd_thb": 32.04
}