{
  "ts": "2025-10-03T08:44:23.331Z",
  "xauusd": 3863.100098,
  "xagusd": 47.428001,
  "fng": {
    "value": 63,
    "classification": "Greed"
  },
  "usd_thb": 32.36
}