{
  "ts": "2026-01-30T17:50:16.824Z",
  "xauusd": 4869.799805,
  "xagusd": 88.565002,
  "fng": {
    "value": 16,
    "classification": "Extreme Fear"
  },
  "usd_thb": 31.49
}