{
  "ts": "2026-04-13T12:03:23.213Z",
  "xauusd": 4708.799805,
  "xagusd": 74.150002,
  "fng": {
    "value": 12,
    "classification": "Extreme Fear"
  },
  "usd_thb": 32.28
}