{
  "ts": "2025-11-03T15:52:50.377Z",
  "xauusd": 4016.899902,
  "xagusd": 48.608002,
  "fng": {
    "value": 42,
    "classification": "Fear"
  },
  "usd_thb": 32.47
}