{
  "ts": "2025-12-11T11:47:06.943Z",
  "xauusd": 4216.299805,
  "xagusd": 62.227001,
  "fng": {
    "value": 29,
    "classification": "Fear"
  },
  "usd_thb": 31.74
}