{
  "ts": "2026-04-19T23:02:33.158Z",
  "xauusd": 4777.700195,
  "xagusd": 79.627998,
  "fng": {
    "value": 27,
    "classification": "Fear"
  },
  "usd_thb": 32.05
}