{
  "ts": "2025-12-19T09:57:48.550Z",
  "xauusd": 4328.600098,
  "xagusd": 66.008003,
  "fng": {
    "value": 16,
    "classification": "Extreme Fear"
  },
  "usd_thb": 31.45
}