{
  "ts": "2025-08-19T04:46:59.422Z",
  "xauusd": 3335.300049,
  "xagusd": 37.953999,
  "fng": {
    "value": 56,
    "classification": "Greed"
  },
  "usd_thb": 32.51
}