{
  "ts": "2025-09-11T16:27:24.258Z",
  "xauusd": 3639.199951,
  "xagusd": 41.786999,
  "fng": {
    "value": 54,
    "classification": "Neutral"
  },
  "usd_thb": 31.68
}