{
  "ts": "2026-04-23T19:22:19.930Z",
  "xauusd": 4700.200195,
  "xagusd": 75.897003,
  "fng": {
    "value": 46,
    "classification": "Fear"
  },
  "usd_thb": 32.43
}