{
  "ts": "2025-11-03T19:54:16.100Z",
  "xauusd": 4005.300049,
  "xagusd": 48.162998,
  "fng": {
    "value": 42,
    "classification": "Fear"
  },
  "usd_thb": 32.46
}