{
  "ts": "2025-10-08T07:30:17.543Z",
  "xauusd": 4038.199951,
  "xagusd": 48.808998,
  "fng": {
    "value": 60,
    "classification": "Greed"
  },
  "usd_thb": 32.47
}