{
  "ts": "2026-01-28T00:55:57.812Z",
  "xauusd": 5180.799805,
  "xagusd": 113.983002,
  "fng": {
    "value": 29,
    "classification": "Fear"
  },
  "usd_thb": 30.893
}