{
  "ts": "2026-01-15T14:50:31.345Z",
  "xauusd": 4610.399902,
  "xagusd": 90.065002,
  "fng": {
    "value": 61,
    "classification": "Greed"
  },
  "usd_thb": 31.34
}