{
  "ts": "2026-04-10T03:34:09.052Z",
  "xauusd": 4760.200195,
  "xagusd": 75.989998,
  "fng": {
    "value": 16,
    "classification": "Extreme Fear"
  },
  "usd_thb": 32.13
}