{
  "ts": "2025-11-04T19:47:53.703Z",
  "xauusd": 3938.800049,
  "xagusd": 47.286999,
  "fng": {
    "value": 21,
    "classification": "Extreme Fear"
  },
  "usd_thb": 32.58
}