{
  "ts": "2025-11-07T22:43:42.661Z",
  "xauusd": 4001.600098,
  "xagusd": 48.345001,
  "fng": {
    "value": 24,
    "classification": "Extreme Fear"
  },
  "usd_thb": 32.4
}