{
  "ts": "2025-12-15T17:59:47.734Z",
  "xauusd": 4304.600098,
  "xagusd": 63.483002,
  "fng": {
    "value": 16,
    "classification": "Extreme Fear"
  },
  "usd_thb": 31.51
}