{
  "ts": "2025-10-09T14:25:18.727Z",
  "xauusd": 4012.399902,
  "xagusd": 50.056999,
  "fng": {
    "value": 70,
    "classification": "Greed"
  },
  "usd_thb": 32.64
}