{
  "ts": "2025-09-22T09:59:46.645Z",
  "xauusd": 3724.699951,
  "xagusd": 43.750999,
  "fng": {
    "value": 45,
    "classification": "Fear"
  },
  "usd_thb": 31.79
}