{
  "ts": "2025-12-18T23:10:42.348Z",
  "xauusd": 4336.399902,
  "xagusd": 65.612999,
  "fng": {
    "value": 17,
    "classification": "Extreme Fear"
  },
  "usd_thb": 31.4
}