{
  "ts": "2026-04-15T07:12:21.183Z",
  "xauusd": 4811.399902,
  "xagusd": 79.302002,
  "fng": {
    "value": 23,
    "classification": "Extreme Fear"
  },
  "usd_thb": 31.94
}