{
  "ts": "2026-04-08T20:29:46.384Z",
  "xauusd": 4724.899902,
  "xagusd": 74.450996,
  "fng": {
    "value": 17,
    "classification": "Extreme Fear"
  },
  "usd_thb": 32.04
}