{
  "ts": "2026-07-21T12:45:01.981Z",
  "xauusd": 4054.399902,
  "xagusd": 59.037998,
  "fng": {
    "value": 25,
    "classification": "Extreme Fear"
  },
  "usd_thb": 33.66
}