{
  "ts": "2026-07-17T06:30:31.326Z",
  "xauusd": 4005.699951,
  "xagusd": 55.988998,
  "fng": {
    "value": 27,
    "classification": "Fear"
  },
  "usd_thb": 33.56
}