{
  "ts": "2025-10-08T22:32:07.458Z",
  "xauusd": 4026.699951,
  "xagusd": 49.049999,
  "fng": {
    "value": 60,
    "classification": "Greed"
  },
  "usd_thb": 32.5
}