{
  "ts": "2025-08-25T09:53:11.088Z",
  "xauusd": 3368.100098,
  "xagusd": 38.759998,
  "fng": {
    "value": 47,
    "classification": "Neutral"
  },
  "usd_thb": 32.43
}