{
  "ts": "2025-10-28T20:59:56.413Z",
  "xauusd": 3953.300049,
  "xagusd": 47.102001,
  "fng": {
    "value": 50,
    "classification": "Neutral"
  },
  "usd_thb": 32.34
}