{
  "ts": "2025-10-17T17:40:37.955Z",
  "xauusd": 4213.200195,
  "xagusd": 51.301998,
  "fng": {
    "value": 22,
    "classification": "Extreme Fear"
  },
  "usd_thb": 32.77
}