{
  "ts": "2025-09-16T21:54:26.901Z",
  "xauusd": 3690.699951,
  "xagusd": 42.620998,
  "fng": {
    "value": 52,
    "classification": "Neutral"
  },
  "usd_thb": 31.71
}