{
  "ts": "2025-10-20T17:08:28.093Z",
  "xauusd": 4350.200195,
  "xagusd": 52.334999,
  "fng": {
    "value": 29,
    "classification": "Fear"
  },
  "usd_thb": 32.54
}