{
  "ts": "2025-12-19T13:56:43.469Z",
  "xauusd": 4329.399902,
  "xagusd": 65.832001,
  "fng": {
    "value": 16,
    "classification": "Extreme Fear"
  },
  "usd_thb": 31.45
}