{
  "ts": "2025-08-22T10:15:09.012Z",
  "xauusd": 3331.800049,
  "xagusd": 38.040001,
  "fng": {
    "value": 50,
    "classification": "Neutral"
  },
  "usd_thb": 32.64
}