{
  "ts": "2025-10-20T11:09:12.951Z",
  "xauusd": 4254.100098,
  "xagusd": 51.852001,
  "fng": {
    "value": 29,
    "classification": "Fear"
  },
  "usd_thb": 32.72
}