{
  "ts": "2025-10-16T09:57:37.958Z",
  "xauusd": 4237.200195,
  "xagusd": 52.962002,
  "fng": {
    "value": 28,
    "classification": "Fear"
  },
  "usd_thb": 32.55
}