{
  "ts": "2025-12-30T05:55:42.511Z",
  "xauusd": 4379.600098,
  "xagusd": 75.081001,
  "fng": {
    "value": 23,
    "classification": "Extreme Fear"
  },
  "usd_thb": 31.46
}