{
  "ts": "2025-09-17T10:36:19.251Z",
  "xauusd": 3667.199951,
  "xagusd": 41.459999,
  "fng": {
    "value": 53,
    "classification": "Neutral"
  },
  "usd_thb": 31.73
}