{
  "ts": "2025-10-01T10:49:30.346Z",
  "xauusd": 3889.600098,
  "xagusd": 47.314999,
  "fng": {
    "value": 49,
    "classification": "Neutral"
  },
  "usd_thb": 32.38
}