{
  "ts": "2026-02-18T11:58:08.843Z",
  "xauusd": 4911.200195,
  "xagusd": 75.502998,
  "fng": {
    "value": 8,
    "classification": "Extreme Fear"
  },
  "usd_thb": 31.29
}