{
  "ts": "2025-10-27T19:26:56.555Z",
  "xauusd": 3997.699951,
  "xagusd": 46.862999,
  "fng": {
    "value": 51,
    "classification": "Neutral"
  },
  "usd_thb": 32.69
}