{
  "ts": "2026-01-20T04:33:54.477Z",
  "xauusd": 4686.200195,
  "xagusd": 93.873001,
  "fng": {
    "value": 32,
    "classification": "Fear"
  },
  "usd_thb": 31.123
}