{
  "ts": "2025-10-29T22:00:10.510Z",
  "xauusd": 3931.100098,
  "xagusd": 47.609001,
  "fng": {
    "value": 51,
    "classification": "Neutral"
  },
  "usd_thb": 32.4
}