{
  "ts": "2025-10-27T16:35:05.945Z",
  "xauusd": 3991.699951,
  "xagusd": 46.785999,
  "fng": {
    "value": 51,
    "classification": "Neutral"
  },
  "usd_thb": 32.7
}