{
  "ts": "2025-11-26T21:42:17.187Z",
  "xauusd": 4167.899902,
  "xagusd": 53.359001,
  "fng": {
    "value": 15,
    "classification": "Extreme Fear"
  },
  "usd_thb": 32.22
}