{
  "ts": "2025-12-23T11:21:23.312Z",
  "xauusd": 4485.899902,
  "xagusd": 69.674004,
  "fng": {
    "value": 24,
    "classification": "Extreme Fear"
  },
  "usd_thb": 31.07
}