{
  "ts": "2025-09-11T11:33:08.577Z",
  "xauusd": 3621.399902,
  "xagusd": 41.099998,
  "fng": {
    "value": 54,
    "classification": "Neutral"
  },
  "usd_thb": 31.83
}