{
  "ts": "2026-01-28T19:44:21.928Z",
  "xauusd": 5306.700195,
  "xagusd": 113.803001,
  "fng": {
    "value": 29,
    "classification": "Fear"
  },
  "usd_thb": 31.09
}