{
  "ts": "2025-10-03T19:15:15.986Z",
  "xauusd": 3888.399902,
  "xagusd": 48.124001,
  "fng": {
    "value": 63,
    "classification": "Greed"
  },
  "usd_thb": 32.37
}