{
  "ts": "2025-11-19T16:33:53.196Z",
  "xauusd": 4075.800049,
  "xagusd": 51.139999,
  "fng": {
    "value": 15,
    "classification": "Extreme Fear"
  },
  "usd_thb": 32.45
}