{
  "ts": "2026-04-21T05:51:12.828Z",
  "xauusd": 4792.299805,
  "xagusd": 79.255997,
  "fng": {
    "value": 33,
    "classification": "Fear"
  },
  "usd_thb": 31.99
}