{
  "ts": "2025-09-15T19:54:57.196Z",
  "xauusd": 3682.100098,
  "xagusd": 42.773998,
  "fng": {
    "value": 53,
    "classification": "Neutral"
  },
  "usd_thb": 31.59
}