{
  "ts": "2025-09-07T22:28:27.533Z",
  "xauusd": 3595.399902,
  "xagusd": 40.915001,
  "fng": {
    "value": 44,
    "classification": "Fear"
  },
  "usd_thb": 32.08
}