{
  "ts": "2025-11-07T03:16:10.371Z",
  "xauusd": 3991.399902,
  "xagusd": 48.307999,
  "fng": {
    "value": 24,
    "classification": "Extreme Fear"
  },
  "usd_thb": 32.4
}