{
  "ts": "2025-09-23T19:25:48.383Z",
  "xauusd": 3755.300049,
  "xagusd": 43.900002,
  "fng": {
    "value": 43,
    "classification": "Fear"
  },
  "usd_thb": 31.87
}