{
  "ts": "2026-03-04T20:18:43.050Z",
  "xauusd": 5125.799805,
  "xagusd": 83.050003,
  "fng": {
    "value": 10,
    "classification": "Extreme Fear"
  },
  "usd_thb": 31.53
}