{
  "ts": "2025-12-29T13:54:11.369Z",
  "xauusd": 4414.299805,
  "xagusd": 73.259003,
  "fng": {
    "value": 24,
    "classification": "Extreme Fear"
  },
  "usd_thb": 31.49
}