{
  "ts": "2025-10-16T21:10:16.694Z",
  "xauusd": 4327.299805,
  "xagusd": 54.233002,
  "fng": {
    "value": 28,
    "classification": "Fear"
  },
  "usd_thb": 32.5
}