{
  "ts": "2026-01-07T23:36:21.725Z",
  "xauusd": 4462.700195,
  "xagusd": 78.671997,
  "fng": {
    "value": 42,
    "classification": "Fear"
  },
  "usd_thb": 31.32
}