{
  "ts": "2026-04-21T20:38:17.245Z",
  "xauusd": 4711.299805,
  "xagusd": 76.759003,
  "fng": {
    "value": 33,
    "classification": "Fear"
  },
  "usd_thb": 32.17
}