{
  "ts": "2026-02-24T10:01:01.622Z",
  "xauusd": 5172.299805,
  "xagusd": 88.181999,
  "fng": {
    "value": 8,
    "classification": "Extreme Fear"
  },
  "usd_thb": 30.95
}