{
  "ts": "2026-02-02T17:39:41.208Z",
  "xauusd": 4669.399902,
  "xagusd": 78.878998,
  "fng": {
    "value": 14,
    "classification": "Extreme Fear"
  },
  "usd_thb": 31.54
}