{
  "ts": "2026-01-08T05:56:06.807Z",
  "xauusd": 4419.700195,
  "xagusd": 75.920998,
  "fng": {
    "value": 28,
    "classification": "Fear"
  },
  "usd_thb": 31.34
}