{
  "ts": "2025-10-15T15:57:17.590Z",
  "xauusd": 4189.799805,
  "xagusd": 52.615002,
  "fng": {
    "value": 34,
    "classification": "Fear"
  },
  "usd_thb": 32.59
}