{
  "ts": "2025-08-21T14:13:05.370Z",
  "xauusd": 3344.100098,
  "xagusd": 38.125999,
  "fng": {
    "value": 50,
    "classification": "Neutral"
  },
  "usd_thb": 32.64
}