{
  "ts": "2025-08-20T11:53:19.824Z",
  "xauusd": 3331.300049,
  "xagusd": 37.214001,
  "fng": {
    "value": 44,
    "classification": "Fear"
  },
  "usd_thb": 32.53
}