{
  "ts": "2025-11-17T16:00:37.422Z",
  "xauusd": 4065.600098,
  "xagusd": 50.806999,
  "fng": {
    "value": 14,
    "classification": "Extreme Fear"
  },
  "usd_thb": 32.43
}