{
  "ts": "2025-11-10T08:00:15.845Z",
  "xauusd": 4076.800049,
  "xagusd": 49.712002,
  "fng": {
    "value": 29,
    "classification": "Fear"
  },
  "usd_thb": 32.34
}