{
  "ts": "2025-12-24T17:19:37.483Z",
  "xauusd": 4484.200195,
  "xagusd": 71.849998,
  "fng": {
    "value": 24,
    "classification": "Extreme Fear"
  },
  "usd_thb": 31.08
}