{
  "ts": "2026-05-05T21:44:37.396Z",
  "xauusd": 4558.600098,
  "xagusd": 72.957001,
  "fng": {
    "value": 50,
    "classification": "Neutral"
  },
  "usd_thb": 32.53
}