{
  "ts": "2026-01-20T17:58:38.044Z",
  "xauusd": 4762.700195,
  "xagusd": 94.607002,
  "fng": {
    "value": 32,
    "classification": "Fear"
  },
  "usd_thb": 31
}