{
  "ts": "2025-11-24T23:51:59.849Z",
  "xauusd": 4142.899902,
  "xagusd": 51.383999,
  "fng": {
    "value": 19,
    "classification": "Extreme Fear"
  },
  "usd_thb": 32.34
}