{
  "ts": "2025-10-21T03:37:35.145Z",
  "xauusd": 4349.799805,
  "xagusd": 51.970001,
  "fng": {
    "value": 34,
    "classification": "Fear"
  },
  "usd_thb": 32.58
}