{
  "ts": "2025-09-30T11:49:56.360Z",
  "xauusd": 3816.899902,
  "xagusd": 46.237999,
  "fng": {
    "value": 50,
    "classification": "Neutral"
  },
  "usd_thb": 32.13
}