{
  "ts": "2026-02-06T10:25:12.489Z",
  "xauusd": 4856.600098,
  "xagusd": 73.681999,
  "fng": {
    "value": 9,
    "classification": "Extreme Fear"
  },
  "usd_thb": 31.63
}