{
  "ts": "2025-10-07T18:43:29.055Z",
  "xauusd": 3981.800049,
  "xagusd": 47.706001,
  "fng": {
    "value": 70,
    "classification": "Greed"
  },
  "usd_thb": 32.46
}