{
  "ts": "2025-08-21T17:52:07.099Z",
  "xauusd": 3339.399902,
  "xagusd": 38.167999,
  "fng": {
    "value": 50,
    "classification": "Neutral"
  },
  "usd_thb": 32.68
}