{
  "ts": "2025-09-01T04:26:51.387Z",
  "xauusd": 3478.300049,
  "xagusd": 40.473999,
  "fng": {
    "value": 46,
    "classification": "Fear"
  },
  "usd_thb": 32.3
}