{
  "ts": "2025-10-07T23:57:23.057Z",
  "xauusd": 3995.800049,
  "xagusd": 47.990002,
  "fng": {
    "value": 70,
    "classification": "Greed"
  },
  "usd_thb": 32.5
}