{
  "ts": "2026-04-20T04:29:44.596Z",
  "xauusd": 4796.600098,
  "xagusd": 80.102997,
  "fng": {
    "value": 29,
    "classification": "Fear"
  },
  "usd_thb": 32.1
}