{
  "ts": "2026-01-30T14:02:41.579Z",
  "xauusd": 5030.600098,
  "xagusd": 98.526001,
  "fng": {
    "value": 16,
    "classification": "Extreme Fear"
  },
  "usd_thb": 31.469
}