{
  "ts": "2025-08-31T23:26:45.259Z",
  "xauusd": 3448.100098,
  "xagusd": 39.831001,
  "fng": {
    "value": 48,
    "classification": "Neutral"
  },
  "usd_thb": 32.34
}