{
  "ts": "2026-02-24T05:10:16.662Z",
  "xauusd": 5172.100098,
  "xagusd": 87.197998,
  "fng": {
    "value": 8,
    "classification": "Extreme Fear"
  },
  "usd_thb": 31.05
}