{
  "ts": "2026-03-04T08:51:04.110Z",
  "xauusd": 5181.700195,
  "xagusd": 85.874001,
  "fng": {
    "value": 10,
    "classification": "Extreme Fear"
  },
  "usd_thb": 31.48
}