{
  "ts": "2025-09-30T19:59:29.299Z",
  "xauusd": 3860.699951,
  "xagusd": 46.726002,
  "fng": {
    "value": 50,
    "classification": "Neutral"
  },
  "usd_thb": 32.42
}