{
  "ts": "2025-09-16T08:46:33.704Z",
  "xauusd": 3694.699951,
  "xagusd": 42.764999,
  "fng": {
    "value": 52,
    "classification": "Neutral"
  },
  "usd_thb": 31.72
}