{
  "ts": "2025-09-04T14:34:33.035Z",
  "xauusd": 3541.300049,
  "xagusd": 40.564999,
  "fng": {
    "value": 51,
    "classification": "Neutral"
  },
  "usd_thb": 32.35
}