{
  "ts": "2026-01-23T16:00:22.558Z",
  "xauusd": 4961.700195,
  "xagusd": 99.963997,
  "fng": {
    "value": 24,
    "classification": "Extreme Fear"
  },
  "usd_thb": 31.106
}