{
  "ts": "2025-11-04T17:46:04.163Z",
  "xauusd": 3962.300049,
  "xagusd": 47.630001,
  "fng": {
    "value": 21,
    "classification": "Extreme Fear"
  },
  "usd_thb": 32.54
}