{
  "ts": "2026-02-23T11:47:15.768Z",
  "xauusd": 5154.200195,
  "xagusd": 86.700996,
  "fng": {
    "value": 5,
    "classification": "Extreme Fear"
  },
  "usd_thb": 31.01
}