{
  "ts": "2025-12-22T03:05:48.153Z",
  "xauusd": 4389.899902,
  "xagusd": 68.934998,
  "fng": {
    "value": 25,
    "classification": "Extreme Fear"
  },
  "usd_thb": 31.41
}