{
  "ts": "2026-06-19T14:19:37.881Z",
  "xauusd": 4147.700195,
  "xagusd": 64.620003,
  "fng": {
    "value": 14,
    "classification": "Extreme Fear"
  },
  "usd_thb": 32.93
}