{
  "ts": "2025-11-14T19:57:59.001Z",
  "xauusd": 4090.600098,
  "xagusd": 50.810001,
  "fng": {
    "value": 16,
    "classification": "Extreme Fear"
  },
  "usd_thb": 32.45
}