{
  "ts": "2025-12-04T08:56:55.111Z",
  "xauusd": 4192.399902,
  "xagusd": 57.314999,
  "fng": {
    "value": 26,
    "classification": "Fear"
  },
  "usd_thb": 32.02
}