{
  "ts": "2026-03-16T08:02:30.386Z",
  "xauusd": 5000.100098,
  "xagusd": 79.463997,
  "fng": {
    "value": 23,
    "classification": "Extreme Fear"
  },
  "usd_thb": 32.52
}