{
  "ts": "2026-07-22T22:27:51.266Z",
  "xauusd": 4129.200195,
  "xagusd": 59.764999,
  "fng": {
    "value": 33,
    "classification": "Fear"
  },
  "usd_thb": 33.75
}