{
  "ts": "2025-10-01T05:39:17.446Z",
  "xauusd": 3864.800049,
  "xagusd": 46.992001,
  "fng": {
    "value": 49,
    "classification": "Neutral"
  },
  "usd_thb": 32.43
}