{
  "ts": "2026-05-13T15:17:05.789Z",
  "xauusd": 4688.799805,
  "xagusd": 88.556999,
  "fng": {
    "value": 42,
    "classification": "Fear"
  },
  "usd_thb": 32.37
}