{
  "ts": "2025-10-13T07:37:16.792Z",
  "xauusd": 4070.800049,
  "xagusd": 51.720001,
  "fng": {
    "value": 38,
    "classification": "Fear"
  },
  "usd_thb": 32.54
}