{
  "ts": "2025-09-04T17:28:15.421Z",
  "xauusd": 3551.899902,
  "xagusd": 40.799999,
  "fng": {
    "value": 51,
    "classification": "Neutral"
  },
  "usd_thb": 32.29
}