{
  "ts": "2025-11-05T21:51:39.013Z",
  "xauusd": 3983.600098,
  "xagusd": 48.084999,
  "fng": {
    "value": 23,
    "classification": "Extreme Fear"
  },
  "usd_thb": 32.47
}