{
  "ts": "2025-09-01T14:48:18.448Z",
  "xauusd": 3475.100098,
  "xagusd": 40.713001,
  "fng": {
    "value": 46,
    "classification": "Fear"
  },
  "usd_thb": 32.3
}