{
  "ts": "2025-08-19T22:57:41.126Z",
  "xauusd": 3317.399902,
  "xagusd": 37.421001,
  "fng": {
    "value": 56,
    "classification": "Greed"
  },
  "usd_thb": 32.57
}