{
  "ts": "2025-08-20T23:39:53.549Z",
  "xauusd": 3348.300049,
  "xagusd": 37.966999,
  "fng": {
    "value": 44,
    "classification": "Fear"
  },
  "usd_thb": 32.57
}