{
  "ts": "2026-03-10T11:50:22.536Z",
  "xauusd": 5174.700195,
  "xagusd": 88.359001,
  "fng": {
    "value": 13,
    "classification": "Extreme Fear"
  },
  "usd_thb": 31.62
}