{
  "ts": "2026-03-03T15:53:53.562Z",
  "xauusd": 5080.899902,
  "xagusd": 82.295998,
  "fng": {
    "value": 14,
    "classification": "Extreme Fear"
  },
  "usd_thb": 31.79
}