{
  "ts": "2025-09-02T00:41:04.218Z",
  "xauusd": 3485.199951,
  "xagusd": 40.810001,
  "fng": {
    "value": 49,
    "classification": "Neutral"
  },
  "usd_thb": 32.3
}