{
  "ts": "2026-02-25T15:10:49.194Z",
  "xauusd": 5197.700195,
  "xagusd": 90.641998,
  "fng": {
    "value": 11,
    "classification": "Extreme Fear"
  },
  "usd_thb": 31.09
}