{
  "ts": "2026-02-03T13:19:45.822Z",
  "xauusd": 4923.600098,
  "xagusd": 88.295998,
  "fng": {
    "value": 17,
    "classification": "Extreme Fear"
  },
  "usd_thb": 31.51
}