{
  "ts": "2025-12-30T02:20:40.342Z",
  "xauusd": 4356.700195,
  "xagusd": 73.528999,
  "fng": {
    "value": 23,
    "classification": "Extreme Fear"
  },
  "usd_thb": 31.52
}