{
  "ts": "2025-11-26T08:59:13.180Z",
  "xauusd": 4159.799805,
  "xagusd": 52.286999,
  "fng": {
    "value": 15,
    "classification": "Extreme Fear"
  },
  "usd_thb": 32.23
}