{
  "ts": "2025-09-23T03:43:33.059Z",
  "xauusd": 3744.899902,
  "xagusd": 43.869999,
  "fng": {
    "value": 43,
    "classification": "Fear"
  },
  "usd_thb": 31.85
}