{
  "ts": "2026-05-15T05:07:00.117Z",
  "xauusd": 4600.799805,
  "xagusd": 80.831001,
  "fng": {
    "value": 43,
    "classification": "Fear"
  },
  "usd_thb": 32.48
}