{
  "ts": "2025-09-24T13:33:49.066Z",
  "xauusd": 3766.199951,
  "xagusd": 44.206001,
  "fng": {
    "value": 44,
    "classification": "Fear"
  },
  "usd_thb": 32.04
}