{
  "ts": "2025-10-06T09:42:25.611Z",
  "xauusd": 3941.800049,
  "xagusd": 48.669998,
  "fng": {
    "value": 71,
    "classification": "Greed"
  },
  "usd_thb": 32.44
}