{
  "ts": "2026-04-21T18:45:10.344Z",
  "xauusd": 4701.299805,
  "xagusd": 76.661003,
  "fng": {
    "value": 33,
    "classification": "Fear"
  },
  "usd_thb": 32.24
}