{
  "ts": "2025-09-11T20:48:28.882Z",
  "xauusd": 3634.899902,
  "xagusd": 41.599998,
  "fng": {
    "value": 54,
    "classification": "Neutral"
  },
  "usd_thb": 31.7
}