{
  "ts": "2026-07-14T21:39:30.189Z",
  "xauusd": 4053.699951,
  "xagusd": 58.825001,
  "fng": {
    "value": 22,
    "classification": "Extreme Fear"
  },
  "usd_thb": 33.45
}