{
  "ts": "2026-01-19T13:08:07.339Z",
  "xauusd": 4671.299805,
  "xagusd": 93.559998,
  "fng": {
    "value": 44,
    "classification": "Fear"
  },
  "usd_thb": 31.23
}