{
  "ts": "2025-09-18T02:37:20.213Z",
  "xauusd": 3662.100098,
  "xagusd": 41.769001,
  "fng": {
    "value": 52,
    "classification": "Neutral"
  },
  "usd_thb": 31.78
}