{
  "ts": "2025-12-08T11:34:01.204Z",
  "xauusd": 4211.799805,
  "xagusd": 58.530998,
  "fng": {
    "value": 20,
    "classification": "Extreme Fear"
  },
  "usd_thb": 31.85
}