{
  "ts": "2026-06-20T06:01:29.451Z",
  "xauusd": 4156.700195,
  "xagusd": 64.960999,
  "fng": {
    "value": 23,
    "classification": "Extreme Fear"
  },
  "usd_thb": 32.82
}