{
  "ts": "2025-10-06T18:00:12.408Z",
  "xauusd": 3958.699951,
  "xagusd": 48.691002,
  "fng": {
    "value": 71,
    "classification": "Greed"
  },
  "usd_thb": 32.39
}