{
  "ts": "2025-10-13T16:20:35.297Z",
  "xauusd": 4115.399902,
  "xagusd": 51.908001,
  "fng": {
    "value": 38,
    "classification": "Fear"
  },
  "usd_thb": 32.48
}