{
  "ts": "2025-09-24T15:13:40.876Z",
  "xauusd": 3754.199951,
  "xagusd": 44.084999,
  "fng": {
    "value": 44,
    "classification": "Fear"
  },
  "usd_thb": 32.07
}