{
  "ts": "2025-11-12T10:45:18.569Z",
  "xauusd": 4126.700195,
  "xagusd": 51.813999,
  "fng": {
    "value": 24,
    "classification": "Extreme Fear"
  },
  "usd_thb": 32.47
}