{
  "ts": "2026-02-13T13:20:24.123Z",
  "xauusd": 4966.100098,
  "xagusd": 77.751999,
  "fng": {
    "value": 9,
    "classification": "Extreme Fear"
  },
  "usd_thb": 31.03
}