{
  "ts": "2026-01-13T15:01:14.598Z",
  "xauusd": 4630.700195,
  "xagusd": 89.032997,
  "fng": {
    "value": 26,
    "classification": "Fear"
  },
  "usd_thb": 31.36
}