{
  "ts": "2025-09-07T07:45:09.180Z",
  "xauusd": 3587.300049,
  "xagusd": 41.049999,
  "fng": {
    "value": 44,
    "classification": "Fear"
  },
  "usd_thb": 32.05
}