{
  "ts": "2025-10-17T18:47:59.498Z",
  "xauusd": 4239.200195,
  "xagusd": 51.896999,
  "fng": {
    "value": 22,
    "classification": "Extreme Fear"
  },
  "usd_thb": 32.75
}