{
  "ts": "2025-11-12T11:42:16.719Z",
  "xauusd": 4127.899902,
  "xagusd": 51.662998,
  "fng": {
    "value": 24,
    "classification": "Extreme Fear"
  },
  "usd_thb": 32.47
}