{
  "ts": "2025-10-28T14:12:32.599Z",
  "xauusd": 3937.600098,
  "xagusd": 46.912998,
  "fng": {
    "value": 50,
    "classification": "Neutral"
  },
  "usd_thb": 32.39
}