{
  "ts": "2026-03-23T18:26:32.063Z",
  "xauusd": 4425.200195,
  "xagusd": 69.947998,
  "fng": {
    "value": 8,
    "classification": "Extreme Fear"
  },
  "usd_thb": 32.24
}