{
  "ts": "2025-11-19T09:51:11.099Z",
  "xauusd": 4105.600098,
  "xagusd": 52.057999,
  "fng": {
    "value": 15,
    "classification": "Extreme Fear"
  },
  "usd_thb": 32.41
}