{
  "ts": "2026-01-28T05:50:41.915Z",
  "xauusd": 5266.200195,
  "xagusd": 115.586998,
  "fng": {
    "value": 29,
    "classification": "Fear"
  },
  "usd_thb": 30.94
}