{
  "ts": "2025-10-22T09:30:03.944Z",
  "xauusd": 4075.100098,
  "xagusd": 48.435001,
  "fng": {
    "value": 25,
    "classification": "Extreme Fear"
  },
  "usd_thb": 32.87
}