{
  "ts": "2025-10-07T17:43:07.078Z",
  "xauusd": 3986.600098,
  "xagusd": 47.880001,
  "fng": {
    "value": 70,
    "classification": "Greed"
  },
  "usd_thb": 32.46
}