{
  "ts": "2026-02-06T04:28:45.850Z",
  "xauusd": 4827.299805,
  "xagusd": 72.831001,
  "fng": {
    "value": 9,
    "classification": "Extreme Fear"
  },
  "usd_thb": 31.67
}