{
  "ts": "2026-02-23T15:28:52.481Z",
  "xauusd": 5197.700195,
  "xagusd": 87.348999,
  "fng": {
    "value": 5,
    "classification": "Extreme Fear"
  },
  "usd_thb": 30.97
}