{
  "ts": "2026-01-13T23:45:28.960Z",
  "xauusd": 4595.399902,
  "xagusd": 87.746002,
  "fng": {
    "value": 26,
    "classification": "Fear"
  },
  "usd_thb": 31.4
}