{
  "ts": "2025-09-09T22:23:13.988Z",
  "xauusd": 3626.682617,
  "xagusd": 40.825001,
  "fng": {
    "value": 48,
    "classification": "Neutral"
  },
  "usd_thb": 31.74
}