{
  "ts": "2025-11-10T16:24:58.132Z",
  "xauusd": 4091.600098,
  "xagusd": 50.040001,
  "fng": {
    "value": 29,
    "classification": "Fear"
  },
  "usd_thb": 32.32
}