{
  "ts": "2025-10-03T07:28:58.094Z",
  "xauusd": 3863.100098,
  "xagusd": 47.375999,
  "fng": {
    "value": 63,
    "classification": "Greed"
  },
  "usd_thb": 32.41
}