{
  "ts": "2025-11-05T15:33:08.566Z",
  "xauusd": 3983.300049,
  "xagusd": 48.174999,
  "fng": {
    "value": 23,
    "classification": "Extreme Fear"
  },
  "usd_thb": 32.49
}