{
  "ts": "2025-09-26T14:15:18.597Z",
  "xauusd": 3773.300049,
  "xagusd": 45.669998,
  "fng": {
    "value": 28,
    "classification": "Fear"
  },
  "usd_thb": 32.18
}