{
  "ts": "2025-11-23T23:17:55.252Z",
  "xauusd": 4076.600098,
  "xagusd": 50.377998,
  "fng": {
    "value": 13,
    "classification": "Extreme Fear"
  },
  "usd_thb": 32.49
}