{
  "ts": "2025-10-14T16:58:06.925Z",
  "xauusd": 4151.100098,
  "xagusd": 51.931999,
  "fng": {
    "value": 38,
    "classification": "Fear"
  },
  "usd_thb": 32.65
}