{
  "ts": "2025-10-07T19:54:02.858Z",
  "xauusd": 3982.699951,
  "xagusd": 47.768002,
  "fng": {
    "value": 70,
    "classification": "Greed"
  },
  "usd_thb": 32.48
}