{
  "ts": "2026-01-30T03:36:10.047Z",
  "xauusd": 5181.799805,
  "xagusd": 110.056999,
  "fng": {
    "value": 16,
    "classification": "Extreme Fear"
  },
  "usd_thb": 31.34
}