{
  "ts": "2025-09-26T14:52:48.801Z",
  "xauusd": 3776.199951,
  "xagusd": 45.751999,
  "fng": {
    "value": 28,
    "classification": "Fear"
  },
  "usd_thb": 32.2
}