{
  "ts": "2025-08-28T09:48:42.139Z",
  "xauusd": 3400.600098,
  "xagusd": 38.919998,
  "fng": {
    "value": 48,
    "classification": "Neutral"
  },
  "usd_thb": 32.38
}