{
  "ts": "2025-11-10T05:35:37.804Z",
  "xauusd": 4059.899902,
  "xagusd": 49.426998,
  "fng": {
    "value": 29,
    "classification": "Fear"
  },
  "usd_thb": 32.34
}