{
  "ts": "2026-03-24T15:47:17.253Z",
  "xauusd": 4424.899902,
  "xagusd": 70.320999,
  "fng": {
    "value": 11,
    "classification": "Extreme Fear"
  },
  "usd_thb": 32.63
}