{
  "ts": "2025-11-28T19:12:59.157Z",
  "xauusd": 4221.299805,
  "xagusd": 56.497002,
  "fng": {
    "value": 25,
    "classification": "Extreme Fear"
  },
  "usd_thb": 32.1
}