{
  "ts": "2026-04-08T13:58:45.156Z",
  "xauusd": 4780.100098,
  "xagusd": 76.629997,
  "fng": {
    "value": 17,
    "classification": "Extreme Fear"
  },
  "usd_thb": 31.94
}