{
  "ts": "2025-12-10T20:25:20.250Z",
  "xauusd": 4230.200195,
  "xagusd": 61.502998,
  "fng": {
    "value": 26,
    "classification": "Fear"
  },
  "usd_thb": 31.74
}