{
  "ts": "2025-12-19T05:40:48.974Z",
  "xauusd": 4326.399902,
  "xagusd": 65.793999,
  "fng": {
    "value": 16,
    "classification": "Extreme Fear"
  },
  "usd_thb": 31.41
}