{
  "ts": "2025-10-22T22:46:54.734Z",
  "xauusd": 4098.899902,
  "xagusd": 48.438999,
  "fng": {
    "value": 25,
    "classification": "Extreme Fear"
  },
  "usd_thb": 32.78
}