{
  "ts": "2026-01-25T23:17:42.414Z",
  "xauusd": 5029.600098,
  "xagusd": 105.116997,
  "fng": {
    "value": 25,
    "classification": "Extreme Fear"
  },
  "usd_thb": 30.938
}