{
  "ts": "2026-04-07T06:58:49.337Z",
  "xauusd": 4656.799805,
  "xagusd": 72.429001,
  "fng": {
    "value": 11,
    "classification": "Extreme Fear"
  },
  "usd_thb": 32.5
}