{
  "ts": "2025-12-18T23:31:02.878Z",
  "xauusd": 4335.399902,
  "xagusd": 65.601997,
  "fng": {
    "value": 17,
    "classification": "Extreme Fear"
  },
  "usd_thb": 31.37
}