{
  "ts": "2025-11-04T19:38:32.026Z",
  "xauusd": 3943.600098,
  "xagusd": 47.323002,
  "fng": {
    "value": 21,
    "classification": "Extreme Fear"
  },
  "usd_thb": 32.59
}