{
  "ts": "2026-01-12T21:59:39.022Z",
  "xauusd": 4597.899902,
  "xagusd": 85.217003,
  "fng": {
    "value": 27,
    "classification": "Fear"
  },
  "usd_thb": 31.17
}