{
  "ts": "2025-10-28T07:45:50.620Z",
  "xauusd": 3930.100098,
  "xagusd": 46.441002,
  "fng": {
    "value": 50,
    "classification": "Neutral"
  },
  "usd_thb": 32.51
}