{
  "ts": "2025-08-21T13:18:32.391Z",
  "xauusd": 3342.199951,
  "xagusd": 38.040001,
  "fng": {
    "value": 50,
    "classification": "Neutral"
  },
  "usd_thb": 32.62
}