{
  "ts": "2026-03-05T04:26:11.511Z",
  "xauusd": 5184.200195,
  "xagusd": 85.196999,
  "fng": {
    "value": 22,
    "classification": "Extreme Fear"
  },
  "usd_thb": 31.59
}