{
  "ts": "2025-10-02T22:59:24.684Z",
  "xauusd": 3858.199951,
  "xagusd": 46.981998,
  "fng": {
    "value": 64,
    "classification": "Greed"
  },
  "usd_thb": 32.46
}