{
  "ts": "2025-12-05T15:30:38.108Z",
  "xauusd": 4248.799805,
  "xagusd": 58.918999,
  "fng": {
    "value": 28,
    "classification": "Fear"
  },
  "usd_thb": 31.82
}