{
  "ts": "2026-03-10T18:06:34.549Z",
  "xauusd": 5228.899902,
  "xagusd": 89.014999,
  "fng": {
    "value": 13,
    "classification": "Extreme Fear"
  },
  "usd_thb": 31.43
}