{
  "ts": "2025-10-24T02:20:42.304Z",
  "xauusd": 4114.700195,
  "xagusd": 48.515999,
  "fng": {
    "value": 30,
    "classification": "Fear"
  },
  "usd_thb": 32.78
}