{
  "ts": "2026-06-17T02:57:09.155Z",
  "xauusd": 4333.799805,
  "xagusd": 70.308998,
  "fng": {
    "value": 22,
    "classification": "Extreme Fear"
  },
  "usd_thb": 32.52
}