{
  "ts": "2026-05-31T22:40:11.106Z",
  "xauusd": 4535.200195,
  "xagusd": 75.066002,
  "fng": {
    "value": 28,
    "classification": "Fear"
  },
  "usd_thb": 32.54
}