{
  "ts": "2025-09-09T07:45:04.425Z",
  "xauusd": 3648.199951,
  "xagusd": 41.419998,
  "fng": {
    "value": 48,
    "classification": "Neutral"
  },
  "usd_thb": 31.69
}