{
  "ts": "2026-01-04T19:52:19.112Z",
  "xauusd": 4332.299805,
  "xagusd": 72.890999,
  "fng": {
    "value": 25,
    "classification": "Extreme Fear"
  },
  "usd_thb": 31.53
}