{
  "ts": "2025-08-22T06:59:15.357Z",
  "xauusd": 3328.800049,
  "xagusd": 38.033001,
  "fng": {
    "value": 50,
    "classification": "Neutral"
  },
  "usd_thb": 32.63
}