{
  "ts": "2025-12-15T19:26:57.967Z",
  "xauusd": 4312.899902,
  "xagusd": 63.841999,
  "fng": {
    "value": 16,
    "classification": "Extreme Fear"
  },
  "usd_thb": 31.48
}