{
  "ts": "2025-09-09T23:11:17.736Z",
  "xauusd": 3637.899902,
  "xagusd": 40.924999,
  "fng": {
    "value": 48,
    "classification": "Neutral"
  },
  "usd_thb": 31.77
}