{
  "ts": "2026-04-17T11:13:35.721Z",
  "xauusd": 4787.299805,
  "xagusd": 79.260002,
  "fng": {
    "value": 21,
    "classification": "Extreme Fear"
  },
  "usd_thb": 32.05
}