{
  "ts": "2025-10-17T09:58:30.528Z",
  "xauusd": 4340.399902,
  "xagusd": 53.935001,
  "fng": {
    "value": 22,
    "classification": "Extreme Fear"
  },
  "usd_thb": 32.67
}