{
  "ts": "2025-08-14T14:24:42.626Z",
  "xauusd": 3344.800049,
  "xagusd": 38.029999,
  "fng": {
    "value": 75,
    "classification": "Greed"
  },
  "usd_thb": 32.46
}