{
  "ts": "2025-09-19T11:11:57.322Z",
  "xauusd": 3655.300049,
  "xagusd": 42.280998,
  "fng": {
    "value": 53,
    "classification": "Neutral"
  },
  "usd_thb": 31.83
}