{
  "ts": "2025-09-18T15:15:24.468Z",
  "xauusd": 3639.100098,
  "xagusd": 41.625999,
  "fng": {
    "value": 52,
    "classification": "Neutral"
  },
  "usd_thb": 31.91
}