{
  "ts": "2026-05-19T19:20:55.861Z",
  "xauusd": 4493.799805,
  "xagusd": 74.239998,
  "fng": {
    "value": 25,
    "classification": "Extreme Fear"
  },
  "usd_thb": 32.63
}