{
  "ts": "2025-10-09T18:15:14.666Z",
  "xauusd": 3964.300049,
  "xagusd": 49.046001,
  "fng": {
    "value": 70,
    "classification": "Greed"
  },
  "usd_thb": 32.81
}