{
  "ts": "2025-09-09T22:44:53.801Z",
  "xauusd": 3627.899902,
  "xagusd": 40.834999,
  "fng": {
    "value": 48,
    "classification": "Neutral"
  },
  "usd_thb": 31.77
}