{
  "ts": "2025-12-11T09:54:03.091Z",
  "xauusd": 4219.899902,
  "xagusd": 62.089001,
  "fng": {
    "value": 29,
    "classification": "Fear"
  },
  "usd_thb": 31.75
}