{
  "ts": "2026-02-04T11:52:57.762Z",
  "xauusd": 5042.600098,
  "xagusd": 89.600998,
  "fng": {
    "value": 14,
    "classification": "Extreme Fear"
  },
  "usd_thb": 31.59
}