{
  "ts": "2025-12-07T23:28:55.488Z",
  "xauusd": 4203.100098,
  "xagusd": 58.404999,
  "fng": {
    "value": 20,
    "classification": "Extreme Fear"
  },
  "usd_thb": 31.82
}