{
  "ts": "2025-12-08T06:33:32.837Z",
  "xauusd": 4217.899902,
  "xagusd": 58.382999,
  "fng": {
    "value": 20,
    "classification": "Extreme Fear"
  },
  "usd_thb": 31.83
}