{
  "ts": "2025-08-28T19:58:28.386Z",
  "xauusd": 3422.800049,
  "xagusd": 39.119999,
  "fng": {
    "value": 48,
    "classification": "Neutral"
  },
  "usd_thb": 32.26
}