{
  "ts": "2026-07-22T11:27:03.498Z",
  "xauusd": 4120.399902,
  "xagusd": 59.502998,
  "fng": {
    "value": 33,
    "classification": "Fear"
  },
  "usd_thb": 33.78
}