{
  "ts": "2025-09-11T11:08:14.180Z",
  "xauusd": 3622.699951,
  "xagusd": 41.101002,
  "fng": {
    "value": 54,
    "classification": "Neutral"
  },
  "usd_thb": 31.84
}