{
  "ts": "2025-12-09T14:31:43.522Z",
  "xauusd": 4193.700195,
  "xagusd": 58.926998,
  "fng": {
    "value": 22,
    "classification": "Extreme Fear"
  },
  "usd_thb": 31.85
}