{
  "ts": "2025-11-28T03:17:51.129Z",
  "xauusd": 4189.299805,
  "xagusd": 54.014999,
  "fng": {
    "value": 25,
    "classification": "Extreme Fear"
  },
  "usd_thb": 32.19
}