{
  "ts": "2026-03-24T14:44:07.170Z",
  "xauusd": 4420.799805,
  "xagusd": 69.737999,
  "fng": {
    "value": 11,
    "classification": "Extreme Fear"
  },
  "usd_thb": 32.64
}