{
  "ts": "2026-03-22T23:21:53.911Z",
  "xauusd": 4491.299805,
  "xagusd": 68.689003,
  "fng": {
    "value": 10,
    "classification": "Extreme Fear"
  },
  "usd_thb": 32.93
}