{
  "ts": "2025-12-12T17:48:16.649Z",
  "xauusd": 4296.299805,
  "xagusd": 61.832001,
  "fng": {
    "value": 29,
    "classification": "Fear"
  },
  "usd_thb": 31.56
}