{
  "ts": "2025-11-27T02:42:47.009Z",
  "xauusd": 4154.399902,
  "xagusd": 53.077999,
  "fng": {
    "value": 22,
    "classification": "Extreme Fear"
  },
  "usd_thb": 32.19
}