{
  "ts": "2025-10-21T06:49:18.063Z",
  "xauusd": 4338.100098,
  "xagusd": 51.868999,
  "fng": {
    "value": 34,
    "classification": "Fear"
  },
  "usd_thb": 32.63
}