{
  "ts": "2026-03-19T12:02:54.625Z",
  "xauusd": 4642.899902,
  "xagusd": 70.000999,
  "fng": {
    "value": 23,
    "classification": "Extreme Fear"
  },
  "usd_thb": 32.84
}