{
  "ts": "2025-08-20T18:45:46.527Z",
  "xauusd": 3346.199951,
  "xagusd": 37.853001,
  "fng": {
    "value": 44,
    "classification": "Fear"
  },
  "usd_thb": 32.56
}