{
  "ts": "2025-11-06T17:13:09.812Z",
  "xauusd": 3985.699951,
  "xagusd": 48.110001,
  "fng": {
    "value": 27,
    "classification": "Fear"
  },
  "usd_thb": 32.39
}