{
  "ts": "2025-12-18T19:49:29.858Z",
  "xauusd": 4329.399902,
  "xagusd": 65.364998,
  "fng": {
    "value": 17,
    "classification": "Extreme Fear"
  },
  "usd_thb": 31.37
}