{
  "ts": "2026-01-15T12:41:47.601Z",
  "xauusd": 4618.100098,
  "xagusd": 91.250999,
  "fng": {
    "value": 61,
    "classification": "Greed"
  },
  "usd_thb": 31.31
}