{
  "ts": "2025-09-01T11:46:38.635Z",
  "xauusd": 3471.899902,
  "xagusd": 40.563999,
  "fng": {
    "value": 46,
    "classification": "Fear"
  },
  "usd_thb": 32.3
}