{
  "ts": "2025-10-01T17:59:55.037Z",
  "xauusd": 3862.199951,
  "xagusd": 47.426998,
  "fng": {
    "value": 49,
    "classification": "Neutral"
  },
  "usd_thb": 32.44
}