{
  "ts": "2025-11-20T18:24:30.191Z",
  "xauusd": 4059.800049,
  "xagusd": 50.588001,
  "fng": {
    "value": 11,
    "classification": "Extreme Fear"
  },
  "usd_thb": 32.44
}