{
  "ts": "2025-11-21T17:43:48.443Z",
  "xauusd": 4080.800049,
  "xagusd": 50.358002,
  "fng": {
    "value": 14,
    "classification": "Extreme Fear"
  },
  "usd_thb": 32.4
}