{
  "ts": "2025-10-20T22:38:31.715Z",
  "xauusd": 4364.399902,
  "xagusd": 52.580002,
  "fng": {
    "value": 29,
    "classification": "Fear"
  },
  "usd_thb": 32.6
}