{
  "ts": "2025-09-23T18:55:13.274Z",
  "xauusd": 3771.100098,
  "xagusd": 44.165001,
  "fng": {
    "value": 43,
    "classification": "Fear"
  },
  "usd_thb": 31.86
}