{
  "ts": "2026-01-23T14:33:21.521Z",
  "xauusd": 4939.200195,
  "xagusd": 99.268997,
  "fng": {
    "value": 24,
    "classification": "Extreme Fear"
  },
  "usd_thb": 31.16
}