{
  "ts": "2025-11-06T14:51:40.794Z",
  "xauusd": 3998.800049,
  "xagusd": 48.314999,
  "fng": {
    "value": 27,
    "classification": "Fear"
  },
  "usd_thb": 32.38
}