{
  "ts": "2025-11-18T11:51:11.860Z",
  "xauusd": 4043.399902,
  "xagusd": 50.431999,
  "fng": {
    "value": 11,
    "classification": "Extreme Fear"
  },
  "usd_thb": 32.42
}