{
  "ts": "2025-12-30T11:19:48.690Z",
  "xauusd": 4389.700195,
  "xagusd": 74.889999,
  "fng": {
    "value": 23,
    "classification": "Extreme Fear"
  },
  "usd_thb": 31.36
}