{
  "ts": "2025-12-04T04:39:43.092Z",
  "xauusd": 4198.799805,
  "xagusd": 58.299999,
  "fng": {
    "value": 26,
    "classification": "Fear"
  },
  "usd_thb": 31.97
}