{
  "ts": "2025-09-08T18:39:36.911Z",
  "xauusd": 3634.100098,
  "xagusd": 41.360001,
  "fng": {
    "value": 51,
    "classification": "Neutral"
  },
  "usd_thb": 31.71
}