{
  "ts": "2025-09-16T11:37:54.346Z",
  "xauusd": 3694.100098,
  "xagusd": 42.910999,
  "fng": {
    "value": 52,
    "classification": "Neutral"
  },
  "usd_thb": 31.7
}