{
  "ts": "2025-11-17T15:39:35.038Z",
  "xauusd": 4078.300049,
  "xagusd": 50.970001,
  "fng": {
    "value": 14,
    "classification": "Extreme Fear"
  },
  "usd_thb": 32.43
}