{
  "ts": "2026-02-11T05:13:36.265Z",
  "xauusd": 5049.200195,
  "xagusd": 82.545998,
  "fng": {
    "value": 11,
    "classification": "Extreme Fear"
  },
  "usd_thb": 31.1
}