{
  "ts": "2025-09-15T18:48:45.844Z",
  "xauusd": 3677.699951,
  "xagusd": 42.672001,
  "fng": {
    "value": 53,
    "classification": "Neutral"
  },
  "usd_thb": 31.79
}