{
  "ts": "2025-12-26T10:30:15.828Z",
  "xauusd": 4522.299805,
  "xagusd": 75.462997,
  "fng": {
    "value": 20,
    "classification": "Extreme Fear"
  },
  "usd_thb": 31
}