{
  "ts": "2025-11-07T11:26:03.888Z",
  "xauusd": 4003.600098,
  "xagusd": 48.668999,
  "fng": {
    "value": 24,
    "classification": "Extreme Fear"
  },
  "usd_thb": 32.33
}