{
  "ts": "2025-09-16T07:11:21.568Z",
  "xauusd": 3694.199951,
  "xagusd": 42.779999,
  "fng": {
    "value": 52,
    "classification": "Neutral"
  },
  "usd_thb": 31.66
}