{
  "ts": "2025-11-21T15:38:02.573Z",
  "xauusd": 4067.399902,
  "xagusd": 49.632999,
  "fng": {
    "value": 14,
    "classification": "Extreme Fear"
  },
  "usd_thb": 32.43
}