{
  "ts": "2025-08-21T05:46:33.187Z",
  "xauusd": 3340.300049,
  "xagusd": 37.925999,
  "fng": {
    "value": 50,
    "classification": "Neutral"
  },
  "usd_thb": 32.58
}