{
  "ts": "2025-10-27T05:50:05.956Z",
  "xauusd": 4081.300049,
  "xagusd": 48.297001,
  "fng": {
    "value": 51,
    "classification": "Neutral"
  },
  "usd_thb": 32.67
}