{
  "ts": "2026-01-22T16:47:02.605Z",
  "xauusd": 4882.299805,
  "xagusd": 95.646004,
  "fng": {
    "value": 20,
    "classification": "Extreme Fear"
  },
  "usd_thb": 31.12
}