{
  "ts": "2026-03-04T09:26:35.571Z",
  "xauusd": 5177.799805,
  "xagusd": 85.950996,
  "fng": {
    "value": 10,
    "classification": "Extreme Fear"
  },
  "usd_thb": 31.48
}