{
  "ts": "2026-04-28T13:07:53.536Z",
  "xauusd": 4584.100098,
  "xagusd": 72.969002,
  "fng": {
    "value": 33,
    "classification": "Fear"
  },
  "usd_thb": 32.48
}