{
  "ts": "2025-12-02T17:56:55.202Z",
  "xauusd": 4195.299805,
  "xagusd": 58.088001,
  "fng": {
    "value": 23,
    "classification": "Extreme Fear"
  },
  "usd_thb": 32.07
}