{
  "ts": "2025-09-28T22:49:20.109Z",
  "xauusd": 3769.300049,
  "xagusd": 46.363998,
  "fng": {
    "value": 37,
    "classification": "Fear"
  },
  "usd_thb": 32.17
}