{
  "ts": "2026-05-18T19:58:59.103Z",
  "xauusd": 4560.799805,
  "xagusd": 77.549004,
  "fng": {
    "value": 28,
    "classification": "Fear"
  },
  "usd_thb": 32.47
}