{
  "ts": "2025-11-05T21:42:23.199Z",
  "xauusd": 3983.600098,
  "xagusd": 48.120998,
  "fng": {
    "value": 23,
    "classification": "Extreme Fear"
  },
  "usd_thb": 32.47
}