{
  "ts": "2026-07-20T12:05:45.277Z",
  "xauusd": 4015.100098,
  "xagusd": 56.910999,
  "fng": {
    "value": 29,
    "classification": "Fear"
  },
  "usd_thb": 33.6
}