{
  "ts": "2026-03-23T15:42:17.711Z",
  "xauusd": 4417.200195,
  "xagusd": 69.072998,
  "fng": {
    "value": 8,
    "classification": "Extreme Fear"
  },
  "usd_thb": 32.37
}