{
  "ts": "2026-02-28T15:39:36.163Z",
  "xauusd": 5280.200195,
  "xagusd": 93.914001,
  "fng": {
    "value": 11,
    "classification": "Extreme Fear"
  },
  "usd_thb": 31
}