{
  "ts": "2025-10-02T20:49:09.014Z",
  "xauusd": 3856.199951,
  "xagusd": 46.995998,
  "fng": {
    "value": 64,
    "classification": "Greed"
  },
  "usd_thb": 32.46
}