{
  "ts": "2026-05-28T01:51:57.194Z",
  "xauusd": 4419.299805,
  "xagusd": 73.512001,
  "fng": {
    "value": 22,
    "classification": "Extreme Fear"
  },
  "usd_thb": 32.64
}