{
  "ts": "2026-06-22T02:10:20.730Z",
  "xauusd": 4192.200195,
  "xagusd": 66.188004,
  "fng": {
    "value": 20,
    "classification": "Extreme Fear"
  },
  "usd_thb": 32.93
}