{
  "ts": "2025-09-26T03:26:19.311Z",
  "xauusd": 3740.100098,
  "xagusd": 44.755001,
  "fng": {
    "value": 28,
    "classification": "Fear"
  },
  "usd_thb": 32.21
}