{
  "ts": "2025-10-30T04:41:33.767Z",
  "xauusd": 3975.300049,
  "xagusd": 47.904999,
  "fng": {
    "value": 34,
    "classification": "Fear"
  },
  "usd_thb": 32.42
}