{
  "ts": "2025-10-02T05:55:24.288Z",
  "xauusd": 3868.800049,
  "xagusd": 47.501999,
  "fng": {
    "value": 64,
    "classification": "Greed"
  },
  "usd_thb": 32.45
}