{
  "ts": "2025-12-15T07:46:09.490Z",
  "xauusd": 4340.899902,
  "xagusd": 63.338001,
  "fng": {
    "value": 16,
    "classification": "Extreme Fear"
  },
  "usd_thb": 31.45
}