{
  "ts": "2025-12-12T15:52:25.608Z",
  "xauusd": 4313.600098,
  "xagusd": 62.893002,
  "fng": {
    "value": 29,
    "classification": "Fear"
  },
  "usd_thb": 31.56
}