{
  "ts": "2025-09-05T11:51:10.151Z",
  "xauusd": 3552.800049,
  "xagusd": 40.799999,
  "fng": {
    "value": 48,
    "classification": "Neutral"
  },
  "usd_thb": 32.2
}