{
  "ts": "2025-10-17T18:56:48.157Z",
  "xauusd": 4234.299805,
  "xagusd": 51.828999,
  "fng": {
    "value": 22,
    "classification": "Extreme Fear"
  },
  "usd_thb": 32.75
}