{
  "ts": "2025-09-07T23:28:33.108Z",
  "xauusd": 3589.899902,
  "xagusd": 40.914001,
  "fng": {
    "value": 44,
    "classification": "Fear"
  },
  "usd_thb": 32.09
}