{
  "ts": "2025-11-10T10:52:00.208Z",
  "xauusd": 4078.300049,
  "xagusd": 49.981998,
  "fng": {
    "value": 29,
    "classification": "Fear"
  },
  "usd_thb": 32.36
}