{
  "ts": "2026-06-24T13:38:42.256Z",
  "xauusd": 4046.800049,
  "xagusd": 58.866001,
  "fng": {
    "value": 17,
    "classification": "Extreme Fear"
  },
  "usd_thb": 33.41
}