{
  "ts": "2025-10-10T16:58:06.066Z",
  "xauusd": 3983.199951,
  "xagusd": 49.792999,
  "fng": {
    "value": 64,
    "classification": "Greed"
  },
  "usd_thb": 32.68
}