{
  "ts": "2025-09-08T20:58:59.522Z",
  "xauusd": 3636.600098,
  "xagusd": 41.367001,
  "fng": {
    "value": 51,
    "classification": "Neutral"
  },
  "usd_thb": 31.71
}