{
  "ts": "2025-10-16T23:16:04.342Z",
  "xauusd": 4356.700195,
  "xagusd": 54.296001,
  "fng": {
    "value": 28,
    "classification": "Fear"
  },
  "usd_thb": 32.52
}