{
  "ts": "2025-09-12T17:30:13.566Z",
  "xauusd": 3650.399902,
  "xagusd": 42.330002,
  "fng": {
    "value": 57,
    "classification": "Greed"
  },
  "usd_thb": 31.71
}