{
  "ts": "2025-11-04T20:51:25.862Z",
  "xauusd": 3939.199951,
  "xagusd": 47.172001,
  "fng": {
    "value": 21,
    "classification": "Extreme Fear"
  },
  "usd_thb": 32.59
}