{
  "ts": "2025-09-11T10:43:51.714Z",
  "xauusd": 3623.600098,
  "xagusd": 41.085999,
  "fng": {
    "value": 54,
    "classification": "Neutral"
  },
  "usd_thb": 31.85
}