{
  "ts": "2026-02-11T00:02:22.768Z",
  "xauusd": 5042.899902,
  "xagusd": 81.547997,
  "fng": {
    "value": 11,
    "classification": "Extreme Fear"
  },
  "usd_thb": 31.2
}