{
  "ts": "2025-12-23T20:53:34.728Z",
  "xauusd": 4495.600098,
  "xagusd": 71.490997,
  "fng": {
    "value": 24,
    "classification": "Extreme Fear"
  },
  "usd_thb": 31.09
}