{
  "ts": "2025-08-21T20:21:25.916Z",
  "xauusd": 3339.199951,
  "xagusd": 38.169998,
  "fng": {
    "value": 50,
    "classification": "Neutral"
  },
  "usd_thb": 32.66
}