{
  "ts": "2025-08-18T21:46:33.340Z",
  "xauusd": 3333.699951,
  "xagusd": 38.067001,
  "fng": {
    "value": 60,
    "classification": "Greed"
  },
  "usd_thb": 32.49
}