{
  "ts": "2025-09-18T09:43:21.083Z",
  "xauusd": 3671.699951,
  "xagusd": 41.956001,
  "fng": {
    "value": 52,
    "classification": "Neutral"
  },
  "usd_thb": 31.77
}