{
  "ts": "2025-12-10T15:30:02.523Z",
  "xauusd": 4194.600098,
  "xagusd": 60.428001,
  "fng": {
    "value": 26,
    "classification": "Fear"
  },
  "usd_thb": 31.85
}