{
  "ts": "2025-12-03T06:58:07.766Z",
  "xauusd": 4209.299805,
  "xagusd": 58.018002,
  "fng": {
    "value": 28,
    "classification": "Fear"
  },
  "usd_thb": 31.87
}