{
  "ts": "2026-01-27T10:49:09.875Z",
  "xauusd": 5085.100098,
  "xagusd": 112.358002,
  "fng": {
    "value": 29,
    "classification": "Fear"
  },
  "usd_thb": 31.02
}