{
  "ts": "2025-10-27T15:02:02.062Z",
  "xauusd": 3981.800049,
  "xagusd": 46.203999,
  "fng": {
    "value": 51,
    "classification": "Neutral"
  },
  "usd_thb": 32.74
}