{
  "ts": "2025-11-04T15:58:17.179Z",
  "xauusd": 3959.300049,
  "xagusd": 47.509998,
  "fng": {
    "value": 21,
    "classification": "Extreme Fear"
  },
  "usd_thb": 32.59
}