{
  "ts": "2025-09-24T01:49:43.559Z",
  "xauusd": 3759.300049,
  "xagusd": 43.948002,
  "fng": {
    "value": 44,
    "classification": "Fear"
  },
  "usd_thb": 31.87
}