{
  "ts": "2025-08-18T22:44:37.117Z",
  "xauusd": 3334.699951,
  "xagusd": 38.109001,
  "fng": {
    "value": 60,
    "classification": "Greed"
  },
  "usd_thb": 32.49
}