{
  "ts": "2026-02-19T18:55:05.122Z",
  "xauusd": 4985.100098,
  "xagusd": 78.068001,
  "fng": {
    "value": 9,
    "classification": "Extreme Fear"
  },
  "usd_thb": 31.16
}