{
  "ts": "2025-12-26T14:50:38.268Z",
  "xauusd": 4518.399902,
  "xagusd": 74.580002,
  "fng": {
    "value": 20,
    "classification": "Extreme Fear"
  },
  "usd_thb": 31.02
}