{
  "ts": "2025-10-21T14:35:52.106Z",
  "xauusd": 4130.799805,
  "xagusd": 48.532501,
  "fng": {
    "value": 34,
    "classification": "Fear"
  },
  "usd_thb": 32.84
}