{
  "ts": "2025-11-18T14:25:56.660Z",
  "xauusd": 4077.800049,
  "xagusd": 50.747002,
  "fng": {
    "value": 11,
    "classification": "Extreme Fear"
  },
  "usd_thb": 32.41
}