{
  "ts": "2026-01-22T18:00:52.669Z",
  "xauusd": 4905.600098,
  "xagusd": 96.436996,
  "fng": {
    "value": 20,
    "classification": "Extreme Fear"
  },
  "usd_thb": 31.076
}