{
  "ts": "2026-01-27T21:00:16.510Z",
  "xauusd": 5176.799805,
  "xagusd": 112.283997,
  "fng": {
    "value": 29,
    "classification": "Fear"
  },
  "usd_thb": 30.911
}