{
  "ts": "2025-09-10T04:55:29.608Z",
  "xauusd": 3643.199951,
  "xagusd": 41.110001,
  "fng": {
    "value": 49,
    "classification": "Neutral"
  },
  "usd_thb": 31.75
}