{
  "ts": "2025-12-22T09:52:55.525Z",
  "xauusd": 4414.399902,
  "xagusd": 69.078003,
  "fng": {
    "value": 25,
    "classification": "Extreme Fear"
  },
  "usd_thb": 31.17
}