{
  "ts": "2026-03-02T23:12:16.563Z",
  "xauusd": 5334.799805,
  "xagusd": 89.762001,
  "fng": {
    "value": 10,
    "classification": "Extreme Fear"
  },
  "usd_thb": 31.35
}