{
  "ts": "2026-05-12T12:15:43.141Z",
  "xauusd": 4706.200195,
  "xagusd": 83.773003,
  "fng": {
    "value": 49,
    "classification": "Neutral"
  },
  "usd_thb": 32.37
}