{
  "ts": "2025-11-13T03:34:20.016Z",
  "xauusd": 4199.200195,
  "xagusd": 53.825001,
  "fng": {
    "value": 15,
    "classification": "Extreme Fear"
  },
  "usd_thb": 32.36
}