{
  "ts": "2025-11-20T14:49:54.765Z",
  "xauusd": 4095.100098,
  "xagusd": 51.330002,
  "fng": {
    "value": 11,
    "classification": "Extreme Fear"
  },
  "usd_thb": 32.37
}