{
  "ts": "2025-10-17T07:31:20.115Z",
  "xauusd": 4343.399902,
  "xagusd": 54.115002,
  "fng": {
    "value": 22,
    "classification": "Extreme Fear"
  },
  "usd_thb": 32.62
}