{
  "ts": "2025-10-10T06:27:10.904Z",
  "xauusd": 3972.899902,
  "xagusd": 50.033001,
  "fng": {
    "value": 64,
    "classification": "Greed"
  },
  "usd_thb": 32.68
}