{
  "ts": "2026-06-09T05:48:15.119Z",
  "xauusd": 4345.899902,
  "xagusd": 68.633003,
  "fng": {
    "value": 10,
    "classification": "Extreme Fear"
  },
  "usd_thb": 32.8
}