{
  "ts": "2025-09-11T04:27:03.681Z",
  "xauusd": 3633.899902,
  "xagusd": 41.131001,
  "fng": {
    "value": 54,
    "classification": "Neutral"
  },
  "usd_thb": 31.78
}