{
  "ts": "2026-06-15T18:04:55.408Z",
  "xauusd": 4323.100098,
  "xagusd": 70.177002,
  "fng": {
    "value": 20,
    "classification": "Extreme Fear"
  },
  "usd_thb": 32.53
}