{
  "ts": "2025-10-08T08:50:11.129Z",
  "xauusd": 4040.300049,
  "xagusd": 48.837002,
  "fng": {
    "value": 60,
    "classification": "Greed"
  },
  "usd_thb": 32.47
}