{
  "ts": "2025-09-26T07:30:19.340Z",
  "xauusd": 3746.399902,
  "xagusd": 45.063999,
  "fng": {
    "value": 28,
    "classification": "Fear"
  },
  "usd_thb": 32.25
}