{
  "ts": "2026-02-02T10:06:42.000Z",
  "xauusd": 4712.299805,
  "xagusd": 82.261002,
  "fng": {
    "value": 14,
    "classification": "Extreme Fear"
  },
  "usd_thb": 31.49
}