{
  "ts": "2025-11-04T10:14:19.095Z",
  "xauusd": 3993.100098,
  "xagusd": 47.813999,
  "fng": {
    "value": 21,
    "classification": "Extreme Fear"
  },
  "usd_thb": 32.53
}