{
  "ts": "2025-12-01T11:53:29.983Z",
  "xauusd": 4256.700195,
  "xagusd": 57.518002,
  "fng": {
    "value": 24,
    "classification": "Extreme Fear"
  },
  "usd_thb": 31.95
}