{
  "ts": "2025-10-30T04:51:06.350Z",
  "xauusd": 3979.899902,
  "xagusd": 47.901001,
  "fng": {
    "value": 34,
    "classification": "Fear"
  },
  "usd_thb": 32.45
}