{
  "ts": "2025-09-25T09:36:14.838Z",
  "xauusd": 3753.399902,
  "xagusd": 44.867001,
  "fng": {
    "value": 44,
    "classification": "Fear"
  },
  "usd_thb": 32.19
}