{
  "ts": "2026-01-02T13:32:19.245Z",
  "xauusd": 4374.700195,
  "xagusd": 73.796997,
  "fng": {
    "value": 28,
    "classification": "Fear"
  },
  "usd_thb": 31.38
}