{
  "ts": "2025-10-06T07:19:01.565Z",
  "xauusd": 3936.199951,
  "xagusd": 48.726002,
  "fng": {
    "value": 71,
    "classification": "Greed"
  },
  "usd_thb": 32.37
}