{
  "ts": "2026-04-23T11:46:32.130Z",
  "xauusd": 4706.299805,
  "xagusd": 75.193001,
  "fng": {
    "value": 46,
    "classification": "Fear"
  },
  "usd_thb": 32.39
}