{
  "ts": "2026-01-27T21:53:59.152Z",
  "xauusd": 5176.700195,
  "xagusd": 112.515999,
  "fng": {
    "value": 29,
    "classification": "Fear"
  },
  "usd_thb": 30.88
}