{
  "ts": "2025-09-30T15:59:56.595Z",
  "xauusd": 3838.699951,
  "xagusd": 46.304001,
  "fng": {
    "value": 50,
    "classification": "Neutral"
  },
  "usd_thb": 32.47
}