{
  "ts": "2026-02-04T11:25:05.455Z",
  "xauusd": 5031.899902,
  "xagusd": 89.987999,
  "fng": {
    "value": 14,
    "classification": "Extreme Fear"
  },
  "usd_thb": 31.6
}