{
  "ts": "2026-01-21T11:42:46.286Z",
  "xauusd": 4863.299805,
  "xagusd": 94.780998,
  "fng": {
    "value": 24,
    "classification": "Extreme Fear"
  },
  "usd_thb": 31.09
}