{
  "ts": "2025-10-13T06:23:04.652Z",
  "xauusd": 4070.100098,
  "xagusd": 51.568001,
  "fng": {
    "value": 38,
    "classification": "Fear"
  },
  "usd_thb": 32.48
}