{
  "ts": "2026-01-22T12:42:40.844Z",
  "xauusd": 4831.600098,
  "xagusd": 93.838997,
  "fng": {
    "value": 20,
    "classification": "Extreme Fear"
  },
  "usd_thb": 31.327
}