{
  "ts": "2026-01-25T23:56:58.188Z",
  "xauusd": 5038.600098,
  "xagusd": 105.167999,
  "fng": {
    "value": 25,
    "classification": "Extreme Fear"
  },
  "usd_thb": 31.032
}