{
  "ts": "2025-11-11T05:38:42.554Z",
  "xauusd": 4127.600098,
  "xagusd": 50.719002,
  "fng": {
    "value": 26,
    "classification": "Fear"
  },
  "usd_thb": 32.41
}