{
  "ts": "2025-12-08T15:42:47.063Z",
  "xauusd": 4190.200195,
  "xagusd": 58.172001,
  "fng": {
    "value": 20,
    "classification": "Extreme Fear"
  },
  "usd_thb": 31.92
}