{
  "ts": "2026-02-17T10:41:15.571Z",
  "xauusd": 4927.399902,
  "xagusd": 74.622002,
  "fng": {
    "value": 10,
    "classification": "Extreme Fear"
  },
  "usd_thb": 31.18
}