{
  "ts": "2025-08-18T07:48:08.638Z",
  "xauusd": 3351.399902,
  "xagusd": 38.122002,
  "fng": {
    "value": 60,
    "classification": "Greed"
  },
  "usd_thb": 32.43
}