{
  "ts": "2026-07-15T22:15:19.303Z",
  "xauusd": 4064.600098,
  "xagusd": 57.967999,
  "fng": {
    "value": 25,
    "classification": "Extreme Fear"
  },
  "usd_thb": 33.54
}