{
  "ts": "2025-12-18T15:44:26.605Z",
  "xauusd": 4340.399902,
  "xagusd": 65.677002,
  "fng": {
    "value": 17,
    "classification": "Extreme Fear"
  },
  "usd_thb": 31.42
}