{
  "ts": "2025-10-08T19:45:33.476Z",
  "xauusd": 4038.899902,
  "xagusd": 49.192001,
  "fng": {
    "value": 60,
    "classification": "Greed"
  },
  "usd_thb": 32.52
}