{
  "ts": "2025-08-22T12:50:47.586Z",
  "xauusd": 3325.899902,
  "xagusd": 37.880001,
  "fng": {
    "value": 50,
    "classification": "Neutral"
  },
  "usd_thb": 32.72
}