{
  "ts": "2025-10-24T00:54:15.880Z",
  "xauusd": 4131.600098,
  "xagusd": 48.955002,
  "fng": {
    "value": 30,
    "classification": "Fear"
  },
  "usd_thb": 32.78
}