{
  "ts": "2026-02-16T04:54:54.157Z",
  "xauusd": 4978.600098,
  "xagusd": 75.540001,
  "fng": {
    "value": 12,
    "classification": "Extreme Fear"
  },
  "usd_thb": 31.01
}