{
  "ts": "2025-09-02T23:49:10.315Z",
  "xauusd": 3529.899902,
  "xagusd": 40.886002,
  "fng": {
    "value": 49,
    "classification": "Neutral"
  },
  "usd_thb": 32.31
}