{
  "ts": "2025-09-17T23:16:37.658Z",
  "xauusd": 3669.300049,
  "xagusd": 41.898998,
  "fng": {
    "value": 53,
    "classification": "Neutral"
  },
  "usd_thb": 31.79
}