{
  "ts": "2025-10-02T14:14:27.924Z",
  "xauusd": 3871.300049,
  "xagusd": 47.400002,
  "fng": {
    "value": 64,
    "classification": "Greed"
  },
  "usd_thb": 32.4
}