{
  "ts": "2025-08-21T16:50:35.515Z",
  "xauusd": 3341.199951,
  "xagusd": 38.136002,
  "fng": {
    "value": 50,
    "classification": "Neutral"
  },
  "usd_thb": 32.64
}