{
  "ts": "2025-11-28T15:58:04.903Z",
  "xauusd": 4201.200195,
  "xagusd": 55.598999,
  "fng": {
    "value": 25,
    "classification": "Extreme Fear"
  },
  "usd_thb": 32.11
}