{
  "ts": "2025-09-26T03:46:39.805Z",
  "xauusd": 3746.199951,
  "xagusd": 44.821999,
  "fng": {
    "value": 28,
    "classification": "Fear"
  },
  "usd_thb": 32.21
}