{
  "ts": "2026-01-06T11:44:45.626Z",
  "xauusd": 4461.899902,
  "xagusd": 78.357002,
  "fng": {
    "value": 44,
    "classification": "Fear"
  },
  "usd_thb": 31.26
}