{
  "ts": "2026-02-09T20:19:40.729Z",
  "xauusd": 5079.700195,
  "xagusd": 83.831001,
  "fng": {
    "value": 14,
    "classification": "Extreme Fear"
  },
  "usd_thb": 31.09
}