{
  "ts": "2026-01-02T04:59:13.987Z",
  "xauusd": 4372.899902,
  "xagusd": 73.366997,
  "fng": {
    "value": 28,
    "classification": "Fear"
  },
  "usd_thb": 31.45
}