{
  "ts": "2026-05-05T16:48:04.998Z",
  "xauusd": 4557.600098,
  "xagusd": 73.253998,
  "fng": {
    "value": 50,
    "classification": "Neutral"
  },
  "usd_thb": 32.53
}