{
  "ts": "2025-09-01T08:41:53.740Z",
  "xauusd": 3477.699951,
  "xagusd": 40.742001,
  "fng": {
    "value": 46,
    "classification": "Fear"
  },
  "usd_thb": 32.29
}