{
  "ts": "2025-09-03T22:49:30.457Z",
  "xauusd": 3563.600098,
  "xagusd": 41.141998,
  "fng": {
    "value": 55,
    "classification": "Greed"
  },
  "usd_thb": 32.28
}