{
  "ts": "2026-01-12T20:44:22.500Z",
  "xauusd": 4597.600098,
  "xagusd": 85.294998,
  "fng": {
    "value": 27,
    "classification": "Fear"
  },
  "usd_thb": 31.18
}