{
  "ts": "2026-01-05T19:30:50.679Z",
  "xauusd": 4442.899902,
  "xagusd": 76.109001,
  "fng": {
    "value": 26,
    "classification": "Fear"
  },
  "usd_thb": 31.28
}