{
  "ts": "2025-12-08T17:54:02.836Z",
  "xauusd": 4194.899902,
  "xagusd": 58.155998,
  "fng": {
    "value": 20,
    "classification": "Extreme Fear"
  },
  "usd_thb": 31.9
}