{
  "ts": "2025-09-25T10:36:37.608Z",
  "xauusd": 3758.300049,
  "xagusd": 45.026001,
  "fng": {
    "value": 44,
    "classification": "Fear"
  },
  "usd_thb": 32.16
}