{
  "ts": "2025-11-06T04:02:08.785Z",
  "xauusd": 3988.699951,
  "xagusd": 48.252998,
  "fng": {
    "value": 27,
    "classification": "Fear"
  },
  "usd_thb": 32.46
}