{
  "ts": "2025-09-04T05:41:53.858Z",
  "xauusd": 3531.899902,
  "xagusd": 40.880001,
  "fng": {
    "value": 51,
    "classification": "Neutral"
  },
  "usd_thb": 32.33
}