{
  "ts": "2025-12-18T08:55:42.916Z",
  "xauusd": 4328.399902,
  "xagusd": 66.251999,
  "fng": {
    "value": 17,
    "classification": "Extreme Fear"
  },
  "usd_thb": 31.47
}