{
  "ts": "2025-08-20T08:41:37.724Z",
  "xauusd": 3324.300049,
  "xagusd": 37.040001,
  "fng": {
    "value": 44,
    "classification": "Fear"
  },
  "usd_thb": 32.55
}