{
  "ts": "2025-09-06T21:37:36.696Z",
  "xauusd": 3586.754883,
  "xagusd": 41.008499,
  "fng": {
    "value": 48,
    "classification": "Neutral"
  },
  "usd_thb": 32.06
}