{
  "ts": "2025-12-29T23:59:40.823Z",
  "xauusd": 4346.399902,
  "xagusd": 72.616997,
  "fng": {
    "value": 24,
    "classification": "Extreme Fear"
  },
  "usd_thb": 31.61
}