{
  "ts": "2026-06-21T06:59:49.064Z",
  "xauusd": 4156.700195,
  "xagusd": 64.960999,
  "fng": {
    "value": 23,
    "classification": "Extreme Fear"
  },
  "usd_thb": 32.82
}