{
  "ts": "2026-05-27T13:53:07.599Z",
  "xauusd": 4432.399902,
  "xagusd": 74.825996,
  "fng": {
    "value": 25,
    "classification": "Extreme Fear"
  },
  "usd_thb": 32.58
}