{
  "ts": "2026-01-05T23:47:16.520Z",
  "xauusd": 4443.799805,
  "xagusd": 76.415001,
  "fng": {
    "value": 26,
    "classification": "Fear"
  },
  "usd_thb": 31.29
}