{
  "ts": "2025-11-25T10:12:40.963Z",
  "xauusd": 4137.799805,
  "xagusd": 51.203999,
  "fng": {
    "value": 20,
    "classification": "Extreme Fear"
  },
  "usd_thb": 32.29
}