{
  "ts": "2026-02-06T20:03:06.871Z",
  "xauusd": 4954.100098,
  "xagusd": 77.476997,
  "fng": {
    "value": 9,
    "classification": "Extreme Fear"
  },
  "usd_thb": 31.46
}