{
  "ts": "2026-06-24T08:44:20.830Z",
  "xauusd": 4083.399902,
  "xagusd": 61.516998,
  "fng": {
    "value": 17,
    "classification": "Extreme Fear"
  },
  "usd_thb": 33.37
}