{
  "ts": "2025-10-17T19:36:32.930Z",
  "xauusd": 4226.799805,
  "xagusd": 51.695999,
  "fng": {
    "value": 22,
    "classification": "Extreme Fear"
  },
  "usd_thb": 32.76
}