{
  "ts": "2026-04-01T20:02:47.564Z",
  "xauusd": 4767.399902,
  "xagusd": 75.321999,
  "fng": {
    "value": 8,
    "classification": "Extreme Fear"
  },
  "usd_thb": 32.65
}