{
  "ts": "2025-10-29T10:22:28.464Z",
  "xauusd": 4028.800049,
  "xagusd": 48.380001,
  "fng": {
    "value": 51,
    "classification": "Neutral"
  },
  "usd_thb": 32.26
}