{
  "ts": "2026-04-06T23:05:50.729Z",
  "xauusd": 4660.299805,
  "xagusd": 73.164001,
  "fng": {
    "value": 13,
    "classification": "Extreme Fear"
  },
  "usd_thb": 32.55
}