{
  "ts": "2025-09-12T03:39:55.483Z",
  "xauusd": 3651.100098,
  "xagusd": 41.970001,
  "fng": {
    "value": 57,
    "classification": "Greed"
  },
  "usd_thb": 31.68
}