{
  "ts": "2026-03-23T23:28:11.598Z",
  "xauusd": 4446.399902,
  "xagusd": 70.210999,
  "fng": {
    "value": 8,
    "classification": "Extreme Fear"
  },
  "usd_thb": 32.34
}