{
  "ts": "2025-10-07T16:29:21.244Z",
  "xauusd": 3971.800049,
  "xagusd": 47.546001,
  "fng": {
    "value": 70,
    "classification": "Greed"
  },
  "usd_thb": 32.56
}