{
  "ts": "2025-12-31T16:56:41.651Z",
  "xauusd": 4324.200195,
  "xagusd": 71.776001,
  "fng": {
    "value": 21,
    "classification": "Extreme Fear"
  },
  "usd_thb": 31.38
}