{
  "ts": "2025-09-19T12:31:54.772Z",
  "xauusd": 3649.100098,
  "xagusd": 42.099998,
  "fng": {
    "value": 53,
    "classification": "Neutral"
  },
  "usd_thb": 31.89
}