{
  "ts": "2026-01-28T15:22:08.184Z",
  "xauusd": 5263.399902,
  "xagusd": 113.248001,
  "fng": {
    "value": 29,
    "classification": "Fear"
  },
  "usd_thb": 31.17
}