{
  "ts": "2025-08-26T04:00:33.567Z",
  "xauusd": 3373.399902,
  "xagusd": 38.792999,
  "fng": {
    "value": 48,
    "classification": "Neutral"
  },
  "usd_thb": 32.45
}