{
  "ts": "2025-10-03T09:13:27.612Z",
  "xauusd": 3861.800049,
  "xagusd": 47.400002,
  "fng": {
    "value": 63,
    "classification": "Greed"
  },
  "usd_thb": 32.4
}