{
  "ts": "2025-12-16T07:45:13.734Z",
  "xauusd": 4286.399902,
  "xagusd": 63.113998,
  "fng": {
    "value": 11,
    "classification": "Extreme Fear"
  },
  "usd_thb": 31.51
}