{
  "ts": "2026-01-22T23:52:20.196Z",
  "xauusd": 4954.899902,
  "xagusd": 96.903999,
  "fng": {
    "value": 20,
    "classification": "Extreme Fear"
  },
  "usd_thb": 31.06
}