{
  "ts": "2026-02-26T16:32:18.435Z",
  "xauusd": 5180.799805,
  "xagusd": 87.362999,
  "fng": {
    "value": 11,
    "classification": "Extreme Fear"
  },
  "usd_thb": 31.1
}