{
  "ts": "2025-12-08T07:29:09.416Z",
  "xauusd": 4216.299805,
  "xagusd": 58.415001,
  "fng": {
    "value": 20,
    "classification": "Extreme Fear"
  },
  "usd_thb": 31.83
}