{
  "ts": "2025-10-22T04:25:33.765Z",
  "xauusd": 4131.600098,
  "xagusd": 48.985001,
  "fng": {
    "value": 25,
    "classification": "Extreme Fear"
  },
  "usd_thb": 32.79
}