{
  "ts": "2026-05-12T17:22:04.756Z",
  "xauusd": 4681.600098,
  "xagusd": 85.150002,
  "fng": {
    "value": 49,
    "classification": "Neutral"
  },
  "usd_thb": 32.39
}