{
  "ts": "2025-10-03T05:46:25.594Z",
  "xauusd": 3856.800049,
  "xagusd": 47.259998,
  "fng": {
    "value": 63,
    "classification": "Greed"
  },
  "usd_thb": 32.44
}