{
  "ts": "2025-12-01T05:52:26.598Z",
  "xauusd": 4230.100098,
  "xagusd": 57.051998,
  "fng": {
    "value": 24,
    "classification": "Extreme Fear"
  },
  "usd_thb": 32.05
}