{
  "ts": "2026-03-03T09:33:54.145Z",
  "xauusd": 5263.899902,
  "xagusd": 84.094002,
  "fng": {
    "value": 14,
    "classification": "Extreme Fear"
  },
  "usd_thb": 31.67
}