{
  "ts": "2025-08-27T10:57:39.412Z",
  "xauusd": 3377.199951,
  "xagusd": 38.255001,
  "fng": {
    "value": 51,
    "classification": "Neutral"
  },
  "usd_thb": 32.49
}