{
  "ts": "2025-10-09T22:42:29.512Z",
  "xauusd": 3976.300049,
  "xagusd": 49.151001,
  "fng": {
    "value": 70,
    "classification": "Greed"
  },
  "usd_thb": 32.8
}