{
  "ts": "2026-01-08T11:46:33.959Z",
  "xauusd": 4427.600098,
  "xagusd": 75.753998,
  "fng": {
    "value": 28,
    "classification": "Fear"
  },
  "usd_thb": 31.34
}