{
  "ts": "2025-08-21T17:43:32.550Z",
  "xauusd": 3339.600098,
  "xagusd": 38.150002,
  "fng": {
    "value": 50,
    "classification": "Neutral"
  },
  "usd_thb": 32.65
}