{
  "ts": "2025-10-22T18:46:11.234Z",
  "xauusd": 4077.199951,
  "xagusd": 48.261002,
  "fng": {
    "value": 25,
    "classification": "Extreme Fear"
  },
  "usd_thb": 32.79
}