{
  "ts": "2026-01-12T07:55:02.165Z",
  "xauusd": 4587.399902,
  "xagusd": 84.168999,
  "fng": {
    "value": 27,
    "classification": "Fear"
  },
  "usd_thb": 31.22
}