{
  "ts": "2025-08-25T16:45:35.996Z",
  "xauusd": 3373.899902,
  "xagusd": 38.823002,
  "fng": {
    "value": 47,
    "classification": "Neutral"
  },
  "usd_thb": 32.45
}