{
  "ts": "2025-10-03T11:36:45.852Z",
  "xauusd": 3858.699951,
  "xagusd": 47.393002,
  "fng": {
    "value": 63,
    "classification": "Greed"
  },
  "usd_thb": 32.38
}