{
  "ts": "2026-02-22T23:42:25.834Z",
  "xauusd": 5156.100098,
  "xagusd": 86.780998,
  "fng": {
    "value": 9,
    "classification": "Extreme Fear"
  },
  "usd_thb": 31.03
}