{
  "ts": "2025-12-10T19:25:37.810Z",
  "xauusd": 4211.100098,
  "xagusd": 60.780998,
  "fng": {
    "value": 26,
    "classification": "Fear"
  },
  "usd_thb": 31.81
}