{
  "ts": "2026-01-02T09:39:11.002Z",
  "xauusd": 4388.200195,
  "xagusd": 74.547997,
  "fng": {
    "value": 28,
    "classification": "Fear"
  },
  "usd_thb": 31.36
}