{
  "ts": "2025-10-22T20:59:00.229Z",
  "xauusd": 4099.299805,
  "xagusd": 48.549999,
  "fng": {
    "value": 25,
    "classification": "Extreme Fear"
  },
  "usd_thb": 32.77
}