{
  "ts": "2025-08-22T17:08:38.922Z",
  "xauusd": 3373.399902,
  "xagusd": 39.056999,
  "fng": {
    "value": 50,
    "classification": "Neutral"
  },
  "usd_thb": 32.38
}