{
  "ts": "2025-10-28T10:54:10.249Z",
  "xauusd": 3925.600098,
  "xagusd": 46.356998,
  "fng": {
    "value": 50,
    "classification": "Neutral"
  },
  "usd_thb": 32.44
}