{
  "ts": "2026-01-08T08:54:15.728Z",
  "xauusd": 4423.799805,
  "xagusd": 75.321999,
  "fng": {
    "value": 28,
    "classification": "Fear"
  },
  "usd_thb": 31.34
}