{
  "ts": "2025-09-16T17:51:20.139Z",
  "xauusd": 3688.800049,
  "xagusd": 42.525002,
  "fng": {
    "value": 52,
    "classification": "Neutral"
  },
  "usd_thb": 31.66
}