{
  "ts": "2025-12-11T20:50:00.636Z",
  "xauusd": 4273.700195,
  "xagusd": 63.508999,
  "fng": {
    "value": 29,
    "classification": "Fear"
  },
  "usd_thb": 31.63
}