{
  "ts": "2025-12-17T05:55:48.522Z",
  "xauusd": 4336.799805,
  "xagusd": 66.271004,
  "fng": {
    "value": 16,
    "classification": "Extreme Fear"
  },
  "usd_thb": 31.43
}