{
  "ts": "2025-10-28T12:35:09.053Z",
  "xauusd": 3921.399902,
  "xagusd": 46.553001,
  "fng": {
    "value": 50,
    "classification": "Neutral"
  },
  "usd_thb": 32.46
}