{
  "ts": "2025-09-19T02:54:02.132Z",
  "xauusd": 3646.300049,
  "xagusd": 42.109001,
  "fng": {
    "value": 53,
    "classification": "Neutral"
  },
  "usd_thb": 31.85
}