{
  "ts": "2026-04-09T23:25:44.040Z",
  "xauusd": 4758.799805,
  "xagusd": 75.369003,
  "fng": {
    "value": 14,
    "classification": "Extreme Fear"
  },
  "usd_thb": 32.04
}