{
  "ts": "2025-09-19T14:45:57.411Z",
  "xauusd": 3665.100098,
  "xagusd": 42.504002,
  "fng": {
    "value": 53,
    "classification": "Neutral"
  },
  "usd_thb": 31.84
}