{
  "ts": "2026-01-23T11:55:44.049Z",
  "xauusd": 4925.100098,
  "xagusd": 98.762001,
  "fng": {
    "value": 24,
    "classification": "Extreme Fear"
  },
  "usd_thb": 31.173
}