{
  "ts": "2025-09-24T16:16:27.865Z",
  "xauusd": 3741.800049,
  "xagusd": 43.962002,
  "fng": {
    "value": 44,
    "classification": "Fear"
  },
  "usd_thb": 32.08
}