{
  "ts": "2025-08-17T23:33:17.312Z",
  "xauusd": 3329.600098,
  "xagusd": 37.893002,
  "fng": {
    "value": 64,
    "classification": "Greed"
  },
  "usd_thb": 32.38
}