{
  "ts": "2025-11-11T14:41:05.766Z",
  "xauusd": 4129.100098,
  "xagusd": 50.964001,
  "fng": {
    "value": 26,
    "classification": "Fear"
  },
  "usd_thb": 32.41
}