{
  "ts": "2025-10-15T19:34:56.402Z",
  "xauusd": 4212.700195,
  "xagusd": 53.075001,
  "fng": {
    "value": 34,
    "classification": "Fear"
  },
  "usd_thb": 32.56
}