{
  "ts": "2025-12-19T09:48:54.385Z",
  "xauusd": 4332.600098,
  "xagusd": 66.091003,
  "fng": {
    "value": 16,
    "classification": "Extreme Fear"
  },
  "usd_thb": 31.47
}