{
  "ts": "2026-01-30T06:34:16.107Z",
  "xauusd": 5162.399902,
  "xagusd": 109.502998,
  "fng": {
    "value": 16,
    "classification": "Extreme Fear"
  },
  "usd_thb": 31.398
}