{
  "ts": "2026-06-25T15:16:17.882Z",
  "xauusd": 4011.199951,
  "xagusd": 57.828999,
  "fng": {
    "value": 12,
    "classification": "Extreme Fear"
  },
  "usd_thb": 33.33
}