{
  "ts": "2025-10-03T15:42:10.109Z",
  "xauusd": 3887.899902,
  "xagusd": 48.379002,
  "fng": {
    "value": 63,
    "classification": "Greed"
  },
  "usd_thb": 32.32
}