{
  "ts": "2025-10-08T07:41:25.865Z",
  "xauusd": 4036.100098,
  "xagusd": 48.793999,
  "fng": {
    "value": 60,
    "classification": "Greed"
  },
  "usd_thb": 32.42
}