{
  "ts": "2026-02-11T20:50:11.650Z",
  "xauusd": 5089.899902,
  "xagusd": 84.579002,
  "fng": {
    "value": 11,
    "classification": "Extreme Fear"
  },
  "usd_thb": 31
}