{
  "ts": "2025-09-04T21:00:16.912Z",
  "xauusd": 3546.899902,
  "xagusd": 40.699001,
  "fng": {
    "value": 51,
    "classification": "Neutral"
  },
  "usd_thb": 32.32
}