{
  "ts": "2025-09-25T20:28:01.137Z",
  "xauusd": 3750.699951,
  "xagusd": 45.237999,
  "fng": {
    "value": 44,
    "classification": "Fear"
  },
  "usd_thb": 32.19
}