{
  "ts": "2025-10-02T08:54:02.952Z",
  "xauusd": 3877.399902,
  "xagusd": 47.551998,
  "fng": {
    "value": 64,
    "classification": "Greed"
  },
  "usd_thb": 32.37
}