{
  "ts": "2025-10-12T22:50:35.900Z",
  "xauusd": 4038.800049,
  "xagusd": 50.206001,
  "fng": {
    "value": 24,
    "classification": "Extreme Fear"
  },
  "usd_thb": 32.65
}