{
  "ts": "2025-11-27T15:34:48.390Z",
  "xauusd": 4160.700195,
  "xagusd": 53.136002,
  "fng": {
    "value": 22,
    "classification": "Extreme Fear"
  },
  "usd_thb": 32.21
}