{
  "ts": "2025-12-08T04:42:56.528Z",
  "xauusd": 4212.299805,
  "xagusd": 58.085999,
  "fng": {
    "value": 20,
    "classification": "Extreme Fear"
  },
  "usd_thb": 31.83
}