{
  "ts": "2025-09-16T06:38:02.292Z",
  "xauusd": 3687.600098,
  "xagusd": 42.785999,
  "fng": {
    "value": 52,
    "classification": "Neutral"
  },
  "usd_thb": 31.66
}