{
  "ts": "2026-04-20T18:07:15.116Z",
  "xauusd": 4814.899902,
  "xagusd": 79.970001,
  "fng": {
    "value": 29,
    "classification": "Fear"
  },
  "usd_thb": 31.98
}