{
  "ts": "2025-09-04T22:35:28.087Z",
  "xauusd": 3543.600098,
  "xagusd": 40.654999,
  "fng": {
    "value": 51,
    "classification": "Neutral"
  },
  "usd_thb": 32.33
}