{
  "ts": "2025-12-04T11:19:09.132Z",
  "xauusd": 4204.399902,
  "xagusd": 57.608002,
  "fng": {
    "value": 26,
    "classification": "Fear"
  },
  "usd_thb": 32.01
}