{
  "ts": "2025-11-26T21:20:21.765Z",
  "xauusd": 4164.299805,
  "xagusd": 53.307999,
  "fng": {
    "value": 15,
    "classification": "Extreme Fear"
  },
  "usd_thb": 32.22
}