{
  "ts": "2025-11-06T07:23:58.135Z",
  "xauusd": 4006.544922,
  "xagusd": 48.505501,
  "fng": {
    "value": 27,
    "classification": "Fear"
  },
  "usd_thb": 32.41
}