{
  "ts": "2025-11-05T14:20:55.803Z",
  "xauusd": 3981.699951,
  "xagusd": 48.028999,
  "fng": {
    "value": 23,
    "classification": "Extreme Fear"
  },
  "usd_thb": 32.45
}