{
  "ts": "2025-09-30T05:36:39.100Z",
  "xauusd": 3869.199951,
  "xagusd": 47.193001,
  "fng": {
    "value": 50,
    "classification": "Neutral"
  },
  "usd_thb": 32.33
}