{
  "ts": "2025-11-13T06:37:56.363Z",
  "xauusd": 4208.799805,
  "xagusd": 54.115002,
  "fng": {
    "value": 15,
    "classification": "Extreme Fear"
  },
  "usd_thb": 32.36
}