{
  "ts": "2026-04-28T18:53:39.850Z",
  "xauusd": 4599.200195,
  "xagusd": 73.448997,
  "fng": {
    "value": 33,
    "classification": "Fear"
  },
  "usd_thb": 32.46
}