{
  "ts": "2025-11-18T07:38:43.705Z",
  "xauusd": 4000.800049,
  "xagusd": 49.564999,
  "fng": {
    "value": 11,
    "classification": "Extreme Fear"
  },
  "usd_thb": 32.46
}