{
  "ts": "2025-10-20T08:20:21.327Z",
  "xauusd": 4261.100098,
  "xagusd": 52.103001,
  "fng": {
    "value": 29,
    "classification": "Fear"
  },
  "usd_thb": 32.76
}