{
  "ts": "2026-03-26T18:35:42.728Z",
  "xauusd": 4382.299805,
  "xagusd": 67.407997,
  "fng": {
    "value": 10,
    "classification": "Extreme Fear"
  },
  "usd_thb": 32.95
}