{
  "ts": "2025-08-18T06:21:38.704Z",
  "xauusd": 3349.600098,
  "xagusd": 38.098999,
  "fng": {
    "value": 60,
    "classification": "Greed"
  },
  "usd_thb": 32.45
}