{
  "ts": "2026-04-08T18:52:01.174Z",
  "xauusd": 4711.200195,
  "xagusd": 73.882004,
  "fng": {
    "value": 17,
    "classification": "Extreme Fear"
  },
  "usd_thb": 32.05
}