{
  "ts": "2025-09-21T22:07:36.684Z",
  "xauusd": 3684.64502,
  "xagusd": 43.109501,
  "fng": {
    "value": 49,
    "classification": "Neutral"
  },
  "usd_thb": 31.9
}