{
  "ts": "2025-09-15T10:55:52.902Z",
  "xauusd": 3641.399902,
  "xagusd": 42.227001,
  "fng": {
    "value": 53,
    "classification": "Neutral"
  },
  "usd_thb": 31.93
}