{
  "ts": "2026-02-09T00:02:26.573Z",
  "xauusd": 5033.600098,
  "xagusd": 79.968002,
  "fng": {
    "value": 14,
    "classification": "Extreme Fear"
  },
  "usd_thb": 31.42
}