{
  "ts": "2025-12-08T22:46:54.096Z",
  "xauusd": 4191.600098,
  "xagusd": 58.200001,
  "fng": {
    "value": 20,
    "classification": "Extreme Fear"
  },
  "usd_thb": 31.88
}