{
  "ts": "2026-04-01T09:59:09.174Z",
  "xauusd": 4724.799805,
  "xagusd": 74.641998,
  "fng": {
    "value": 8,
    "classification": "Extreme Fear"
  },
  "usd_thb": 32.54
}