{
  "ts": "2025-09-07T22:09:49.960Z",
  "xauusd": 3596.600098,
  "xagusd": 40.939999,
  "fng": {
    "value": 44,
    "classification": "Fear"
  },
  "usd_thb": 32.03
}