{
  "ts": "2025-09-18T06:37:48.565Z",
  "xauusd": 3638.699951,
  "xagusd": 41.405998,
  "fng": {
    "value": 52,
    "classification": "Neutral"
  },
  "usd_thb": 31.93
}