{
  "ts": "2025-12-11T14:20:55.970Z",
  "xauusd": 4226.100098,
  "xagusd": 62.662998,
  "fng": {
    "value": 29,
    "classification": "Fear"
  },
  "usd_thb": 31.71
}