{
  "ts": "2026-07-23T11:26:16.741Z",
  "xauusd": 4085.300049,
  "xagusd": 58.575001,
  "fng": {
    "value": 31,
    "classification": "Fear"
  },
  "usd_thb": 33.79
}