{
  "ts": "2025-09-15T05:58:07.392Z",
  "xauusd": 3645.100098,
  "xagusd": 42.278999,
  "fng": {
    "value": 53,
    "classification": "Neutral"
  },
  "usd_thb": 31.76
}