{
  "ts": "2026-01-16T11:23:56.698Z",
  "xauusd": 4610.100098,
  "xagusd": 90.887001,
  "fng": {
    "value": 49,
    "classification": "Neutral"
  },
  "usd_thb": 31.35
}