{
  "ts": "2025-08-25T18:16:10.995Z",
  "xauusd": 3372.399902,
  "xagusd": 38.764999,
  "fng": {
    "value": 47,
    "classification": "Neutral"
  },
  "usd_thb": 32.45
}