{
  "ts": "2026-01-07T04:08:25.261Z",
  "xauusd": 4472.200195,
  "xagusd": 79.906998,
  "fng": {
    "value": 42,
    "classification": "Fear"
  },
  "usd_thb": 31.18
}