{
  "ts": "2026-03-20T04:28:00.602Z",
  "xauusd": 4724.600098,
  "xagusd": 74.028999,
  "fng": {
    "value": 11,
    "classification": "Extreme Fear"
  },
  "usd_thb": 32.66
}