{
  "ts": "2025-12-10T23:37:35.740Z",
  "xauusd": 4229.299805,
  "xagusd": 61.870998,
  "fng": {
    "value": 26,
    "classification": "Fear"
  },
  "usd_thb": 31.74
}