{
  "ts": "2025-11-19T19:54:48.162Z",
  "xauusd": 4077.899902,
  "xagusd": 51.175999,
  "fng": {
    "value": 15,
    "classification": "Extreme Fear"
  },
  "usd_thb": 32.47
}