{
  "ts": "2026-02-03T10:05:31.722Z",
  "xauusd": 4918.700195,
  "xagusd": 87.093002,
  "fng": {
    "value": 17,
    "classification": "Extreme Fear"
  },
  "usd_thb": 31.52
}