{
  "ts": "2026-06-23T15:27:51.719Z",
  "xauusd": 4128.799805,
  "xagusd": 62.043999,
  "fng": {
    "value": 23,
    "classification": "Extreme Fear"
  },
  "usd_thb": 33.2
}