{
  "ts": "2025-09-05T04:46:24.116Z",
  "xauusd": 3559.100098,
  "xagusd": 40.931999,
  "fng": {
    "value": 48,
    "classification": "Neutral"
  },
  "usd_thb": 32.22
}