{
  "ts": "2026-03-20T11:57:53.499Z",
  "xauusd": 4669.100098,
  "xagusd": 72.349998,
  "fng": {
    "value": 11,
    "classification": "Extreme Fear"
  },
  "usd_thb": 32.66
}