{
  "ts": "2025-12-30T07:40:08.637Z",
  "xauusd": 4374.799805,
  "xagusd": 74.769997,
  "fng": {
    "value": 23,
    "classification": "Extreme Fear"
  },
  "usd_thb": 31.46
}