{
  "ts": "2026-03-05T12:44:21.070Z",
  "xauusd": 5165.299805,
  "xagusd": 84.418999,
  "fng": {
    "value": 22,
    "classification": "Extreme Fear"
  },
  "usd_thb": 31.55
}