{
  "ts": "2025-11-03T11:58:28.491Z",
  "xauusd": 4007.100098,
  "xagusd": 48.793999,
  "fng": {
    "value": 42,
    "classification": "Fear"
  },
  "usd_thb": 32.48
}