{
  "ts": "2025-10-29T17:48:36.425Z",
  "xauusd": 3993.199951,
  "xagusd": 48.064999,
  "fng": {
    "value": 51,
    "classification": "Neutral"
  },
  "usd_thb": 32.34
}