{
  "ts": "2025-09-30T18:13:06.896Z",
  "xauusd": 3841.300049,
  "xagusd": 46.422001,
  "fng": {
    "value": 50,
    "classification": "Neutral"
  },
  "usd_thb": 32.43
}