{
  "ts": "2025-09-16T03:42:35.849Z",
  "xauusd": 3681.899902,
  "xagusd": 42.580002,
  "fng": {
    "value": 52,
    "classification": "Neutral"
  },
  "usd_thb": 31.71
}