{
  "ts": "2025-08-22T07:35:50.399Z",
  "xauusd": 3333.100098,
  "xagusd": 38.127998,
  "fng": {
    "value": 50,
    "classification": "Neutral"
  },
  "usd_thb": 32.64
}