{
  "ts": "2026-02-08T23:16:32.906Z",
  "xauusd": 4976.299805,
  "xagusd": 78.929001,
  "fng": {
    "value": 7,
    "classification": "Extreme Fear"
  },
  "usd_thb": 31.48
}