{
  "ts": "2025-08-28T23:56:15.544Z",
  "xauusd": 3416.300049,
  "xagusd": 39.040001,
  "fng": {
    "value": 48,
    "classification": "Neutral"
  },
  "usd_thb": 32.27
}