{
  "ts": "2026-04-16T19:38:57.090Z",
  "xauusd": 4793.200195,
  "xagusd": 78.748001,
  "fng": {
    "value": 23,
    "classification": "Extreme Fear"
  },
  "usd_thb": 31.98
}