{
  "ts": "2025-09-09T20:31:47.831Z",
  "xauusd": 3632.899902,
  "xagusd": 40.962002,
  "fng": {
    "value": 48,
    "classification": "Neutral"
  },
  "usd_thb": 31.75
}