{
  "ts": "2025-10-16T17:13:58.526Z",
  "xauusd": 4288.899902,
  "xagusd": 53.936001,
  "fng": {
    "value": 28,
    "classification": "Fear"
  },
  "usd_thb": 32.49
}