{
  "ts": "2025-12-18T21:49:33.664Z",
  "xauusd": 4332.899902,
  "xagusd": 65.473999,
  "fng": {
    "value": 17,
    "classification": "Extreme Fear"
  },
  "usd_thb": 31.42
}