{
  "ts": "2026-02-18T13:14:58.299Z",
  "xauusd": 4958.700195,
  "xagusd": 76.123001,
  "fng": {
    "value": 8,
    "classification": "Extreme Fear"
  },
  "usd_thb": 31.22
}