{
  "ts": "2026-01-13T16:25:03.488Z",
  "xauusd": 4606.799805,
  "xagusd": 88.989998,
  "fng": {
    "value": 26,
    "classification": "Fear"
  },
  "usd_thb": 31.43
}