{
  "ts": "2025-10-16T11:42:31.190Z",
  "xauusd": 4245.299805,
  "xagusd": 53.219002,
  "fng": {
    "value": 28,
    "classification": "Fear"
  },
  "usd_thb": 32.53
}