{
  "ts": "2025-09-16T10:17:19.261Z",
  "xauusd": 3697.800049,
  "xagusd": 42.749001,
  "fng": {
    "value": 52,
    "classification": "Neutral"
  },
  "usd_thb": 31.69
}