{
  "ts": "2025-09-12T13:52:47.067Z",
  "xauusd": 3650.399902,
  "xagusd": 42.150002,
  "fng": {
    "value": 57,
    "classification": "Greed"
  },
  "usd_thb": 31.73
}