{
  "ts": "2025-11-06T18:24:23.643Z",
  "xauusd": 3988.439941,
  "xagusd": 48.161201,
  "fng": {
    "value": 27,
    "classification": "Fear"
  },
  "usd_thb": 32.39
}