{
  "ts": "2025-09-26T13:06:56.743Z",
  "xauusd": 3756.800049,
  "xagusd": 45.403999,
  "fng": {
    "value": 28,
    "classification": "Fear"
  },
  "usd_thb": 32.19
}