{
  "ts": "2025-12-29T07:57:27.302Z",
  "xauusd": 4478.399902,
  "xagusd": 76.082001,
  "fng": {
    "value": 24,
    "classification": "Extreme Fear"
  },
  "usd_thb": 29.43
}