{
  "ts": "2026-07-13T09:59:17.127Z",
  "xauusd": 4070.600098,
  "xagusd": 58.603001,
  "fng": {
    "value": 28,
    "classification": "Fear"
  },
  "usd_thb": 33.34
}