{
  "ts": "2025-08-21T17:09:18.168Z",
  "xauusd": 3342.100098,
  "xagusd": 38.185001,
  "fng": {
    "value": 50,
    "classification": "Neutral"
  },
  "usd_thb": 32.65
}