{
  "ts": "2025-10-06T11:35:57.524Z",
  "xauusd": 3940.800049,
  "xagusd": 48.466999,
  "fng": {
    "value": 71,
    "classification": "Greed"
  },
  "usd_thb": 32.44
}