{
  "ts": "2026-04-15T00:09:33.534Z",
  "xauusd": 4836.200195,
  "xagusd": 79.532997,
  "fng": {
    "value": 23,
    "classification": "Extreme Fear"
  },
  "usd_thb": 31.98
}