{
  "ts": "2026-01-15T21:45:53.800Z",
  "xauusd": 4616.700195,
  "xagusd": 92.543999,
  "fng": {
    "value": 61,
    "classification": "Greed"
  },
  "usd_thb": 31.34
}