{
  "ts": "2025-09-02T08:20:36.171Z",
  "xauusd": 3476.699951,
  "xagusd": 40.509998,
  "fng": {
    "value": 49,
    "classification": "Neutral"
  },
  "usd_thb": 32.36
}