{
  "ts": "2025-11-04T20:40:30.149Z",
  "xauusd": 3940.399902,
  "xagusd": 47.235001,
  "fng": {
    "value": 21,
    "classification": "Extreme Fear"
  },
  "usd_thb": 32.58
}