{
  "ts": "2025-09-04T03:18:37.284Z",
  "xauusd": 3530.300049,
  "xagusd": 40.605999,
  "fng": {
    "value": 51,
    "classification": "Neutral"
  },
  "usd_thb": 32.29
}