{
  "ts": "2025-08-20T09:35:01.316Z",
  "xauusd": 3327.100098,
  "xagusd": 37.123001,
  "fng": {
    "value": 44,
    "classification": "Fear"
  },
  "usd_thb": 32.53
}