{
  "ts": "2025-08-15T08:35:39.823Z",
  "xauusd": 3341.300049,
  "xagusd": 38.029999,
  "fng": {
    "value": 60,
    "classification": "Greed"
  },
  "usd_thb": 32.45
}