{
  "ts": "2025-08-14T09:54:01.225Z",
  "xauusd": 3356.100098,
  "xagusd": 38.436001,
  "fng": {
    "value": 75,
    "classification": "Greed"
  },
  "usd_thb": 32.35
}