{
  "ts": "2026-06-03T20:24:43.945Z",
  "xauusd": 4439.899902,
  "xagusd": 73.072998,
  "fng": {
    "value": 11,
    "classification": "Extreme Fear"
  },
  "usd_thb": 32.72
}