{
  "ts": "2025-09-02T06:22:09.701Z",
  "xauusd": 3490.199951,
  "xagusd": 40.700001,
  "fng": {
    "value": 49,
    "classification": "Neutral"
  },
  "usd_thb": 32.31
}