{
  "ts": "2025-11-27T07:47:56.380Z",
  "xauusd": 4160.200195,
  "xagusd": 53.688999,
  "fng": {
    "value": 22,
    "classification": "Extreme Fear"
  },
  "usd_thb": 32.22
}