{
  "ts": "2026-02-17T20:23:24.806Z",
  "xauusd": 4877.299805,
  "xagusd": 73.420998,
  "fng": {
    "value": 10,
    "classification": "Extreme Fear"
  },
  "usd_thb": 31.26
}