{
  "ts": "2026-03-02T22:50:15.765Z",
  "xauusd": 5322.799805,
  "xagusd": 89.453003,
  "fng": {
    "value": 10,
    "classification": "Extreme Fear"
  },
  "usd_thb": 31.39
}