{
  "ts": "2025-09-01T04:47:35.722Z",
  "xauusd": 3475.199951,
  "xagusd": 40.494999,
  "fng": {
    "value": 46,
    "classification": "Fear"
  },
  "usd_thb": 32.3
}