{
  "ts": "2025-12-08T14:48:10.458Z",
  "xauusd": 4200.299805,
  "xagusd": 58.209999,
  "fng": {
    "value": 20,
    "classification": "Extreme Fear"
  },
  "usd_thb": 31.86
}