{
  "ts": "2025-12-31T20:51:33.478Z",
  "xauusd": 4317.299805,
  "xagusd": 71.254997,
  "fng": {
    "value": 21,
    "classification": "Extreme Fear"
  },
  "usd_thb": 31.44
}