{
  "ts": "2025-12-17T11:36:49.316Z",
  "xauusd": 4317.700195,
  "xagusd": 65.945999,
  "fng": {
    "value": 16,
    "classification": "Extreme Fear"
  },
  "usd_thb": 31.5
}