{
  "ts": "2025-11-18T04:54:02.840Z",
  "xauusd": 4010.399902,
  "xagusd": 49.669998,
  "fng": {
    "value": 11,
    "classification": "Extreme Fear"
  },
  "usd_thb": 32.47
}