{
  "ts": "2026-03-26T06:51:02.517Z",
  "xauusd": 4450.600098,
  "xagusd": 70.078003,
  "fng": {
    "value": 10,
    "classification": "Extreme Fear"
  },
  "usd_thb": 32.76
}