{
  "ts": "2026-04-25T22:39:58.816Z",
  "xauusd": 4710.799805,
  "xagusd": 75.806999,
  "fng": {
    "value": 31,
    "classification": "Fear"
  },
  "usd_thb": 32.31
}