{
  "ts": "2025-11-18T10:54:17.482Z",
  "xauusd": 4049.100098,
  "xagusd": 50.596001,
  "fng": {
    "value": 11,
    "classification": "Extreme Fear"
  },
  "usd_thb": 32.42
}