{
  "ts": "2026-03-05T07:09:30.710Z",
  "xauusd": 5166.200195,
  "xagusd": 83.408997,
  "fng": {
    "value": 22,
    "classification": "Extreme Fear"
  },
  "usd_thb": 31.63
}