{
  "ts": "2025-10-30T16:30:57.489Z",
  "xauusd": 3996.800049,
  "xagusd": 48.830002,
  "fng": {
    "value": 34,
    "classification": "Fear"
  },
  "usd_thb": 32.49
}