{
  "ts": "2025-12-11T18:29:52.366Z",
  "xauusd": 4283.899902,
  "xagusd": 64.339996,
  "fng": {
    "value": 29,
    "classification": "Fear"
  },
  "usd_thb": 31.62
}