{
  "ts": "2025-09-29T10:59:33.707Z",
  "xauusd": 3818.699951,
  "xagusd": 47.004002,
  "fng": {
    "value": 50,
    "classification": "Neutral"
  },
  "usd_thb": 32.24
}