{
  "ts": "2025-12-26T09:50:53.404Z",
  "xauusd": 4515.100098,
  "xagusd": 74.779999,
  "fng": {
    "value": 20,
    "classification": "Extreme Fear"
  },
  "usd_thb": 30.44
}