{
  "ts": "2025-10-13T23:40:50.394Z",
  "xauusd": 4130.700195,
  "xagusd": 52.639999,
  "fng": {
    "value": 38,
    "classification": "Fear"
  },
  "usd_thb": 32.6
}