{
  "ts": "2026-06-02T14:54:48.969Z",
  "xauusd": 4503.799805,
  "xagusd": 75.891998,
  "fng": {
    "value": 23,
    "classification": "Extreme Fear"
  },
  "usd_thb": 32.6
}