{
  "ts": "2025-09-11T19:36:12.145Z",
  "xauusd": 3636.899902,
  "xagusd": 41.626999,
  "fng": {
    "value": 54,
    "classification": "Neutral"
  },
  "usd_thb": 31.71
}