{
  "ts": "2026-01-09T05:14:37.566Z",
  "xauusd": 4463.899902,
  "xagusd": 76.726997,
  "fng": {
    "value": 27,
    "classification": "Fear"
  },
  "usd_thb": 31.41
}