{
  "ts": "2026-05-28T19:55:07.323Z",
  "xauusd": 4500.899902,
  "xagusd": 75.716003,
  "fng": {
    "value": 22,
    "classification": "Extreme Fear"
  },
  "usd_thb": 32.54
}