{
  "ts": "2026-01-26T15:46:48.098Z",
  "xauusd": 5080.899902,
  "xagusd": 111.345001,
  "fng": {
    "value": 20,
    "classification": "Extreme Fear"
  },
  "usd_thb": 31.05
}