{
  "ts": "2026-06-26T15:33:16.541Z",
  "xauusd": 4086.800049,
  "xagusd": 59.352001,
  "fng": {
    "value": 13,
    "classification": "Extreme Fear"
  },
  "usd_thb": 33.34
}