{
  "ts": "2025-10-06T20:46:58.646Z",
  "xauusd": 3959.600098,
  "xagusd": 48.582001,
  "fng": {
    "value": 71,
    "classification": "Greed"
  },
  "usd_thb": 32.39
}