{
  "ts": "2026-07-08T11:17:32.828Z",
  "xauusd": 4054.600098,
  "xagusd": 58.662998,
  "fng": {
    "value": 20,
    "classification": "Extreme Fear"
  },
  "usd_thb": 33.46
}