{
  "ts": "2025-08-18T07:14:40.410Z",
  "xauusd": 3351.699951,
  "xagusd": 38.110001,
  "fng": {
    "value": 60,
    "classification": "Greed"
  },
  "usd_thb": 32.45
}