{
  "ts": "2025-12-15T21:39:02.711Z",
  "xauusd": 4303.600098,
  "xagusd": 64.010002,
  "fng": {
    "value": 16,
    "classification": "Extreme Fear"
  },
  "usd_thb": 31.48
}