{
  "ts": "2025-12-01T14:58:57.846Z",
  "xauusd": 4240.299805,
  "xagusd": 57.691002,
  "fng": {
    "value": 24,
    "classification": "Extreme Fear"
  },
  "usd_thb": 31.96
}