{
  "ts": "2026-05-05T03:47:04.132Z",
  "xauusd": 4537.200195,
  "xagusd": 72.961998,
  "fng": {
    "value": 50,
    "classification": "Neutral"
  },
  "usd_thb": 32.71
}