{
  "ts": "2025-09-30T06:57:54.635Z",
  "xauusd": 3860.399902,
  "xagusd": 46.849998,
  "fng": {
    "value": 50,
    "classification": "Neutral"
  },
  "usd_thb": 32.31
}