{
  "ts": "2026-04-21T22:57:22.939Z",
  "xauusd": 4720.899902,
  "xagusd": 76.971001,
  "fng": {
    "value": 33,
    "classification": "Fear"
  },
  "usd_thb": 32.16
}