{
  "ts": "2025-09-05T08:54:12.560Z",
  "xauusd": 3548.899902,
  "xagusd": 40.869999,
  "fng": {
    "value": 48,
    "classification": "Neutral"
  },
  "usd_thb": 32.18
}