{
  "ts": "2025-11-20T09:00:35.816Z",
  "xauusd": 4065.100098,
  "xagusd": 50.779999,
  "fng": {
    "value": 11,
    "classification": "Extreme Fear"
  },
  "usd_thb": 32.43
}