{
  "ts": "2026-05-05T00:07:50.120Z",
  "xauusd": 4525.899902,
  "xagusd": 72.980003,
  "fng": {
    "value": 50,
    "classification": "Neutral"
  },
  "usd_thb": 32.7
}