{
  "ts": "2025-09-12T15:28:56.978Z",
  "xauusd": 3643.899902,
  "xagusd": 42.213001,
  "fng": {
    "value": 57,
    "classification": "Greed"
  },
  "usd_thb": 31.74
}