{
  "ts": "2025-10-13T20:34:10.477Z",
  "xauusd": 4110.700195,
  "xagusd": 52.209999,
  "fng": {
    "value": 38,
    "classification": "Fear"
  },
  "usd_thb": 32.54
}