{
  "ts": "2026-02-23T22:50:45.375Z",
  "xauusd": 5229.399902,
  "xagusd": 88.331001,
  "fng": {
    "value": 5,
    "classification": "Extreme Fear"
  },
  "usd_thb": 30.95
}