{
  "ts": "2025-09-22T09:50:26.843Z",
  "xauusd": 3724.100098,
  "xagusd": 43.702999,
  "fng": {
    "value": 45,
    "classification": "Fear"
  },
  "usd_thb": 31.8
}