{
  "ts": "2026-01-09T11:21:21.260Z",
  "xauusd": 4473.200195,
  "xagusd": 78.114998,
  "fng": {
    "value": 27,
    "classification": "Fear"
  },
  "usd_thb": 31.41
}