{
  "ts": "2025-12-16T23:24:05.326Z",
  "xauusd": 4307.299805,
  "xagusd": 63.801998,
  "fng": {
    "value": 11,
    "classification": "Extreme Fear"
  },
  "usd_thb": 31.44
}