{
  "ts": "2025-10-07T19:45:20.989Z",
  "xauusd": 3981.699951,
  "xagusd": 47.713001,
  "fng": {
    "value": 70,
    "classification": "Greed"
  },
  "usd_thb": 32.51
}