{
  "ts": "2025-08-29T20:43:06.127Z",
  "xauusd": 3449.100098,
  "xagusd": 39.720001,
  "fng": {
    "value": 50,
    "classification": "Neutral"
  },
  "usd_thb": 32.31
}