{
  "ts": "2026-06-01T13:01:33.091Z",
  "xauusd": 4503.600098,
  "xagusd": 75.945999,
  "fng": {
    "value": 29,
    "classification": "Fear"
  },
  "usd_thb": 32.52
}