{
  "ts": "2026-02-12T22:52:09.621Z",
  "xauusd": 4922.799805,
  "xagusd": 75.443001,
  "fng": {
    "value": 5,
    "classification": "Extreme Fear"
  },
  "usd_thb": 30.97
}