{
  "ts": "2025-10-03T09:41:24.839Z",
  "xauusd": 3861.199951,
  "xagusd": 47.321999,
  "fng": {
    "value": 63,
    "classification": "Greed"
  },
  "usd_thb": 32.38
}