{
  "ts": "2025-10-13T15:23:23.447Z",
  "xauusd": 4100.100098,
  "xagusd": 51.744999,
  "fng": {
    "value": 38,
    "classification": "Fear"
  },
  "usd_thb": 32.51
}