{
  "ts": "2026-03-12T13:45:45.116Z",
  "xauusd": 5158.399902,
  "xagusd": 86.504997,
  "fng": {
    "value": 18,
    "classification": "Extreme Fear"
  },
  "usd_thb": 31.97
}