{
  "ts": "2025-12-24T07:55:34.124Z",
  "xauusd": 4488.100098,
  "xagusd": 72.255997,
  "fng": {
    "value": 24,
    "classification": "Extreme Fear"
  },
  "usd_thb": 31.02
}