{
  "ts": "2026-02-03T02:01:30.708Z",
  "xauusd": 4764.700195,
  "xagusd": 84.630997,
  "fng": {
    "value": 17,
    "classification": "Extreme Fear"
  },
  "usd_thb": 31.43
}