{
  "ts": "2025-12-12T13:51:35.639Z",
  "xauusd": 4336.299805,
  "xagusd": 64.253998,
  "fng": {
    "value": 29,
    "classification": "Fear"
  },
  "usd_thb": 31.54
}