{
  "ts": "2025-10-03T10:47:43.478Z",
  "xauusd": 3866.399902,
  "xagusd": 47.481998,
  "fng": {
    "value": 63,
    "classification": "Greed"
  },
  "usd_thb": 32.39
}