{
  "ts": "2026-01-20T11:59:58.951Z",
  "xauusd": 4732.299805,
  "xagusd": 95.667999,
  "fng": {
    "value": 32,
    "classification": "Fear"
  },
  "usd_thb": 31.048
}