{
  "ts": "2026-04-20T19:21:47.494Z",
  "xauusd": 4818.399902,
  "xagusd": 80.054001,
  "fng": {
    "value": 29,
    "classification": "Fear"
  },
  "usd_thb": 31.98
}