{
  "ts": "2026-02-26T05:37:19.275Z",
  "xauusd": 5201.899902,
  "xagusd": 89.851997,
  "fng": {
    "value": 11,
    "classification": "Extreme Fear"
  },
  "usd_thb": 31.03
}