{
  "ts": "2026-03-18T23:17:27.829Z",
  "xauusd": 4832.899902,
  "xagusd": 75.994003,
  "fng": {
    "value": 26,
    "classification": "Fear"
  },
  "usd_thb": 32.82
}