{
  "ts": "2025-12-04T15:58:54.626Z",
  "xauusd": 4208.799805,
  "xagusd": 57.016998,
  "fng": {
    "value": 26,
    "classification": "Fear"
  },
  "usd_thb": 32
}