{
  "ts": "2026-01-06T07:48:52.421Z",
  "xauusd": 4465.299805,
  "xagusd": 78.610001,
  "fng": {
    "value": 44,
    "classification": "Fear"
  },
  "usd_thb": 31.15
}