{
  "ts": "2026-02-13T20:21:08.562Z",
  "xauusd": 5032.299805,
  "xagusd": 77.398003,
  "fng": {
    "value": 9,
    "classification": "Extreme Fear"
  },
  "usd_thb": 31.07
}