{
  "ts": "2025-11-21T19:10:21.466Z",
  "xauusd": 4085.699951,
  "xagusd": 50.419998,
  "fng": {
    "value": 14,
    "classification": "Extreme Fear"
  },
  "usd_thb": 32.36
}