{
  "ts": "2026-06-10T22:31:30.135Z",
  "xauusd": 4052.399902,
  "xagusd": 62.973999,
  "fng": {
    "value": 9,
    "classification": "Extreme Fear"
  },
  "usd_thb": 32.93
}