{
  "ts": "2025-08-29T19:37:41.996Z",
  "xauusd": 3446.899902,
  "xagusd": 39.810001,
  "fng": {
    "value": 50,
    "classification": "Neutral"
  },
  "usd_thb": 32.3
}