{
  "ts": "2025-08-19T14:48:44.321Z",
  "xauusd": 3327.199951,
  "xagusd": 37.689999,
  "fng": {
    "value": 56,
    "classification": "Greed"
  },
  "usd_thb": 32.54
}