{
  "ts": "2025-10-27T01:22:59.985Z",
  "xauusd": 4093.199951,
  "xagusd": 48.506001,
  "fng": {
    "value": 51,
    "classification": "Neutral"
  },
  "usd_thb": 32.61
}