{
  "ts": "2026-03-06T11:54:43.796Z",
  "xauusd": 5082.299805,
  "xagusd": 82.494003,
  "fng": {
    "value": 18,
    "classification": "Extreme Fear"
  },
  "usd_thb": 31.94
}