{
  "ts": "2025-10-31T04:33:09.983Z",
  "xauusd": 4003.199951,
  "xagusd": 48.915001,
  "fng": {
    "value": 29,
    "classification": "Fear"
  },
  "usd_thb": 32.32
}