{
  "ts": "2026-01-27T11:51:36.398Z",
  "xauusd": 5075.799805,
  "xagusd": 111.595001,
  "fng": {
    "value": 29,
    "classification": "Fear"
  },
  "usd_thb": 31.062
}