{
  "ts": "2025-09-25T21:18:24.821Z",
  "xauusd": 3750.199951,
  "xagusd": 45.233002,
  "fng": {
    "value": 44,
    "classification": "Fear"
  },
  "usd_thb": 32.17
}