{
  "ts": "2025-09-10T15:11:28.245Z",
  "xauusd": 3646.899902,
  "xagusd": 41.237999,
  "fng": {
    "value": 49,
    "classification": "Neutral"
  },
  "usd_thb": 31.77
}