{
  "ts": "2025-10-10T15:43:25.138Z",
  "xauusd": 4012.800049,
  "xagusd": 49.973999,
  "fng": {
    "value": 64,
    "classification": "Greed"
  },
  "usd_thb": 32.59
}