{
  "ts": "2025-08-26T10:28:26.603Z",
  "xauusd": 3372.199951,
  "xagusd": 38.528999,
  "fng": {
    "value": 48,
    "classification": "Neutral"
  },
  "usd_thb": 32.48
}