{
  "ts": "2025-10-21T23:24:20.226Z",
  "xauusd": 4121.100098,
  "xagusd": 48.549999,
  "fng": {
    "value": 34,
    "classification": "Fear"
  },
  "usd_thb": 32.87
}