{
  "ts": "2025-12-05T23:52:11.692Z",
  "xauusd": 4199.299805,
  "xagusd": 58.393002,
  "fng": {
    "value": 28,
    "classification": "Fear"
  },
  "usd_thb": 31.81
}