{
  "ts": "2025-12-01T08:29:45.953Z",
  "xauusd": 4250.799805,
  "xagusd": 57.254002,
  "fng": {
    "value": 24,
    "classification": "Extreme Fear"
  },
  "usd_thb": 31.95
}