{
  "ts": "2025-09-11T15:29:04.058Z",
  "xauusd": 3638.699951,
  "xagusd": 41.549999,
  "fng": {
    "value": 54,
    "classification": "Neutral"
  },
  "usd_thb": 31.69
}