{
  "ts": "2025-12-31T07:26:16.122Z",
  "xauusd": 4334.899902,
  "xagusd": 72.267998,
  "fng": {
    "value": 21,
    "classification": "Extreme Fear"
  },
  "usd_thb": 31.49
}