{
  "ts": "2025-08-25T17:33:01.148Z",
  "xauusd": 3373.899902,
  "xagusd": 38.799999,
  "fng": {
    "value": 47,
    "classification": "Neutral"
  },
  "usd_thb": 32.44
}