{
  "ts": "2025-10-15T18:52:53.150Z",
  "xauusd": 4198.399902,
  "xagusd": 52.971001,
  "fng": {
    "value": 34,
    "classification": "Fear"
  },
  "usd_thb": 32.57
}