{
  "ts": "2025-09-29T05:23:01.714Z",
  "xauusd": 3803.899902,
  "xagusd": 46.755001,
  "fng": {
    "value": 50,
    "classification": "Neutral"
  },
  "usd_thb": 32.22
}