{
  "ts": "2026-03-13T02:47:07.039Z",
  "xauusd": 5118.399902,
  "xagusd": 85.019997,
  "fng": {
    "value": 15,
    "classification": "Extreme Fear"
  },
  "usd_thb": 32.12
}