{
  "ts": "2026-02-17T14:14:15.788Z",
  "xauusd": 4893.299805,
  "xagusd": 74.317001,
  "fng": {
    "value": 10,
    "classification": "Extreme Fear"
  },
  "usd_thb": 31.3
}