{
  "ts": "2025-09-22T04:39:02.852Z",
  "xauusd": 3690.219971,
  "xagusd": 43.528801,
  "fng": {
    "value": 45,
    "classification": "Fear"
  },
  "usd_thb": 31.84
}