{
  "ts": "2026-05-08T14:15:21.753Z",
  "xauusd": 4732.899902,
  "xagusd": 81.087997,
  "fng": {
    "value": 38,
    "classification": "Fear"
  },
  "usd_thb": 32.16
}