{
  "ts": "2025-10-15T16:41:09.344Z",
  "xauusd": 4191.600098,
  "xagusd": 52.481998,
  "fng": {
    "value": 34,
    "classification": "Fear"
  },
  "usd_thb": 32.58
}