{
  "ts": "2026-01-13T22:18:55.969Z",
  "xauusd": 4587.299805,
  "xagusd": 87.063004,
  "fng": {
    "value": 26,
    "classification": "Fear"
  },
  "usd_thb": 31.47
}