{
  "ts": "2025-11-25T15:13:25.266Z",
  "xauusd": 4129.700195,
  "xagusd": 51.167999,
  "fng": {
    "value": 20,
    "classification": "Extreme Fear"
  },
  "usd_thb": 32.26
}