{
  "ts": "2025-12-11T10:57:22.147Z",
  "xauusd": 4219.700195,
  "xagusd": 62.478001,
  "fng": {
    "value": 29,
    "classification": "Fear"
  },
  "usd_thb": 31.75
}