{
  "ts": "2025-12-11T04:01:15.994Z",
  "xauusd": 4216.399902,
  "xagusd": 62.136002,
  "fng": {
    "value": 29,
    "classification": "Fear"
  },
  "usd_thb": 31.75
}