{
  "ts": "2026-03-05T14:34:29.942Z",
  "xauusd": 5111.899902,
  "xagusd": 82.550003,
  "fng": {
    "value": 22,
    "classification": "Extreme Fear"
  },
  "usd_thb": 31.7
}