{
  "ts": "2025-10-24T09:10:25.785Z",
  "xauusd": 4072.899902,
  "xagusd": 48.209999,
  "fng": {
    "value": 30,
    "classification": "Fear"
  },
  "usd_thb": 32.75
}