{
  "ts": "2026-04-27T18:01:43.719Z",
  "xauusd": 4683.299805,
  "xagusd": 75.461998,
  "fng": {
    "value": 47,
    "classification": "Neutral"
  },
  "usd_thb": 32.36
}