{
  "ts": "2025-11-07T19:00:16.897Z",
  "xauusd": 4007.699951,
  "xagusd": 48.390999,
  "fng": {
    "value": 24,
    "classification": "Extreme Fear"
  },
  "usd_thb": 32.4
}