{
  "ts": "2025-10-07T11:39:25.114Z",
  "xauusd": 3962.100098,
  "xagusd": 48.508999,
  "fng": {
    "value": 70,
    "classification": "Greed"
  },
  "usd_thb": 32.53
}