{
  "ts": "2025-08-19T17:46:35.771Z",
  "xauusd": 3319.399902,
  "xagusd": 37.438999,
  "fng": {
    "value": 56,
    "classification": "Greed"
  },
  "usd_thb": 32.57
}