{
  "ts": "2025-08-31T23:10:29.243Z",
  "xauusd": 3451.600098,
  "xagusd": 39.779999,
  "fng": {
    "value": 48,
    "classification": "Neutral"
  },
  "usd_thb": 32.34
}