{
  "ts": "2025-09-19T16:35:34.945Z",
  "xauusd": 3668.899902,
  "xagusd": 42.705002,
  "fng": {
    "value": 53,
    "classification": "Neutral"
  },
  "usd_thb": 31.83
}