{
  "ts": "2025-12-12T14:53:48.684Z",
  "xauusd": 4347.100098,
  "xagusd": 64.338997,
  "fng": {
    "value": 29,
    "classification": "Fear"
  },
  "usd_thb": 31.53
}