{
  "ts": "2025-11-20T11:44:45.399Z",
  "xauusd": 4068.399902,
  "xagusd": 50.963001,
  "fng": {
    "value": 11,
    "classification": "Extreme Fear"
  },
  "usd_thb": 32.43
}