{
  "ts": "2025-10-17T07:17:10.481Z",
  "xauusd": 4357.200195,
  "xagusd": 54.075001,
  "fng": {
    "value": 22,
    "classification": "Extreme Fear"
  },
  "usd_thb": 32.58
}