{
  "ts": "2025-12-04T10:56:24.307Z",
  "xauusd": 4198.700195,
  "xagusd": 57.412998,
  "fng": {
    "value": 26,
    "classification": "Fear"
  },
  "usd_thb": 32.02
}