{
  "ts": "2025-11-07T17:52:17.606Z",
  "xauusd": 4000.149902,
  "xagusd": 48.161499,
  "fng": {
    "value": 24,
    "classification": "Extreme Fear"
  },
  "usd_thb": 32.4
}