{
  "ts": "2025-12-09T22:42:04.618Z",
  "xauusd": 4209.200195,
  "xagusd": 60.716999,
  "fng": {
    "value": 22,
    "classification": "Extreme Fear"
  },
  "usd_thb": 31.82
}