{
  "ts": "2026-02-16T06:03:19.385Z",
  "xauusd": 4991.799805,
  "xagusd": 76.088997,
  "fng": {
    "value": 12,
    "classification": "Extreme Fear"
  },
  "usd_thb": 30.98
}