{
  "ts": "2025-11-13T11:40:44.703Z",
  "xauusd": 4227.799805,
  "xagusd": 53.720001,
  "fng": {
    "value": 15,
    "classification": "Extreme Fear"
  },
  "usd_thb": 32.33
}