{
  "ts": "2026-02-06T13:38:59.818Z",
  "xauusd": 4924.100098,
  "xagusd": 75.657997,
  "fng": {
    "value": 9,
    "classification": "Extreme Fear"
  },
  "usd_thb": 31.55
}