{
  "ts": "2025-11-07T05:36:12.298Z",
  "xauusd": 3997.600098,
  "xagusd": 48.521999,
  "fng": {
    "value": 24,
    "classification": "Extreme Fear"
  },
  "usd_thb": 32.37
}