{
  "ts": "2025-11-24T09:32:41.215Z",
  "xauusd": 4069.300049,
  "xagusd": 50.290001,
  "fng": {
    "value": 19,
    "classification": "Extreme Fear"
  },
  "usd_thb": 32.49
}