{
  "ts": "2025-09-03T22:58:20.603Z",
  "xauusd": 3563.199951,
  "xagusd": 41.106998,
  "fng": {
    "value": 55,
    "classification": "Greed"
  },
  "usd_thb": 32.3
}