{
  "ts": "2025-12-19T15:52:41.141Z",
  "xauusd": 4346.899902,
  "xagusd": 66.752998,
  "fng": {
    "value": 16,
    "classification": "Extreme Fear"
  },
  "usd_thb": 31.42
}