{
  "ts": "2025-11-26T05:49:14.378Z",
  "xauusd": 4165.200195,
  "xagusd": 52.054001,
  "fng": {
    "value": 15,
    "classification": "Extreme Fear"
  },
  "usd_thb": 32.21
}