{
  "ts": "2025-11-10T05:55:20.107Z",
  "xauusd": 4068.800049,
  "xagusd": 49.490002,
  "fng": {
    "value": 29,
    "classification": "Fear"
  },
  "usd_thb": 32.34
}