{
  "ts": "2025-12-10T13:23:13.787Z",
  "xauusd": 4197.100098,
  "xagusd": 61.209999,
  "fng": {
    "value": 26,
    "classification": "Fear"
  },
  "usd_thb": 31.77
}