{
  "ts": "2025-08-27T22:43:47.642Z",
  "xauusd": 3397.399902,
  "xagusd": 38.647999,
  "fng": {
    "value": 51,
    "classification": "Neutral"
  },
  "usd_thb": 32.41
}