{
  "ts": "2026-03-18T07:40:50.022Z",
  "xauusd": 5014.299805,
  "xagusd": 79.892998,
  "fng": {
    "value": 26,
    "classification": "Fear"
  },
  "usd_thb": 32.31
}