{
  "ts": "2026-01-16T21:38:10.930Z",
  "xauusd": 4593.899902,
  "xagusd": 89.878998,
  "fng": {
    "value": 49,
    "classification": "Neutral"
  },
  "usd_thb": 31.4
}