{
  "ts": "2025-10-13T11:21:18.189Z",
  "xauusd": 4085.399902,
  "xagusd": 51.478001,
  "fng": {
    "value": 38,
    "classification": "Fear"
  },
  "usd_thb": 32.48
}