{
  "ts": "2026-01-08T07:55:22.401Z",
  "xauusd": 4432.700195,
  "xagusd": 75.851997,
  "fng": {
    "value": 28,
    "classification": "Fear"
  },
  "usd_thb": 31.34
}