{
  "ts": "2026-05-04T09:33:05.843Z",
  "xauusd": 4582.399902,
  "xagusd": 74.627998,
  "fng": {
    "value": 40,
    "classification": "Fear"
  },
  "usd_thb": 32.5
}