{
  "ts": "2025-11-12T06:47:23.061Z",
  "xauusd": 4115.799805,
  "xagusd": 51.529999,
  "fng": {
    "value": 24,
    "classification": "Extreme Fear"
  },
  "usd_thb": 32.53
}