{
  "ts": "2025-09-08T10:42:49.474Z",
  "xauusd": 3617.800049,
  "xagusd": 41.330002,
  "fng": {
    "value": 51,
    "classification": "Neutral"
  },
  "usd_thb": 31.82
}