{
  "ts": "2025-11-10T01:11:15.856Z",
  "xauusd": 4024.699951,
  "xagusd": 48.748001,
  "fng": {
    "value": 29,
    "classification": "Fear"
  },
  "usd_thb": 32.28
}