{
  "ts": "2025-10-13T05:45:22.614Z",
  "xauusd": 4075.899902,
  "xagusd": 51.672001,
  "fng": {
    "value": 38,
    "classification": "Fear"
  },
  "usd_thb": 32.52
}