{
  "ts": "2026-05-06T01:12:21.744Z",
  "xauusd": 4612.799805,
  "xagusd": 74.397003,
  "fng": {
    "value": 46,
    "classification": "Fear"
  },
  "usd_thb": 32.41
}