{
  "ts": "2025-09-29T22:57:46.388Z",
  "xauusd": 3831.800049,
  "xagusd": 46.831001,
  "fng": {
    "value": 50,
    "classification": "Neutral"
  },
  "usd_thb": 32.21
}