{
  "ts": "2026-05-05T10:16:05.049Z",
  "xauusd": 4554.200195,
  "xagusd": 73.780998,
  "fng": {
    "value": 50,
    "classification": "Neutral"
  },
  "usd_thb": 32.68
}