{
  "ts": "2025-11-14T21:54:41.643Z",
  "xauusd": 4081.399902,
  "xagusd": 50.619999,
  "fng": {
    "value": 16,
    "classification": "Extreme Fear"
  },
  "usd_thb": 32.42
}