{
  "ts": "2026-05-11T22:36:27.013Z",
  "xauusd": 4742.700195,
  "xagusd": 86.623001,
  "fng": {
    "value": 48,
    "classification": "Neutral"
  },
  "usd_thb": 32.25
}