{
  "ts": "2025-10-29T14:54:26.014Z",
  "xauusd": 4013.300049,
  "xagusd": 48.383999,
  "fng": {
    "value": 51,
    "classification": "Neutral"
  },
  "usd_thb": 32.34
}