{
  "ts": "2025-09-02T20:41:10.164Z",
  "xauusd": 3537.199951,
  "xagusd": 40.950001,
  "fng": {
    "value": 49,
    "classification": "Neutral"
  },
  "usd_thb": 32.34
}