{
  "ts": "2025-09-26T07:15:35.454Z",
  "xauusd": 3743.899902,
  "xagusd": 45.220001,
  "fng": {
    "value": 28,
    "classification": "Fear"
  },
  "usd_thb": 32.25
}