{
  "ts": "2025-11-24T08:44:41.145Z",
  "xauusd": 4064.399902,
  "xagusd": 50.092999,
  "fng": {
    "value": 19,
    "classification": "Extreme Fear"
  },
  "usd_thb": 32.47
}