{
  "ts": "2025-08-25T23:29:34.509Z",
  "xauusd": 3358.399902,
  "xagusd": 38.540001,
  "fng": {
    "value": 47,
    "classification": "Neutral"
  },
  "usd_thb": 32.49
}