{
  "ts": "2025-11-24T14:40:46.606Z",
  "xauusd": 4073.199951,
  "xagusd": 50.157001,
  "fng": {
    "value": 19,
    "classification": "Extreme Fear"
  },
  "usd_thb": 32.43
}