{
  "ts": "2025-11-12T17:44:42.577Z",
  "xauusd": 4203.100098,
  "xagusd": 53.494999,
  "fng": {
    "value": 24,
    "classification": "Extreme Fear"
  },
  "usd_thb": 32.34
}