{
  "ts": "2026-01-23T17:51:17.434Z",
  "xauusd": 4984.700195,
  "xagusd": 101.324997,
  "fng": {
    "value": 24,
    "classification": "Extreme Fear"
  },
  "usd_thb": 31.042
}