{
  "ts": "2025-09-19T17:41:31.982Z",
  "xauusd": 3673.699951,
  "xagusd": 42.786999,
  "fng": {
    "value": 53,
    "classification": "Neutral"
  },
  "usd_thb": 31.81
}