{
  "ts": "2026-07-03T07:31:01.638Z",
  "xauusd": 4176.399902,
  "xagusd": 62.733002,
  "fng": {
    "value": 21,
    "classification": "Extreme Fear"
  },
  "usd_thb": 33.1
}