{
  "ts": "2026-02-05T06:09:02.439Z",
  "xauusd": 4906.799805,
  "xagusd": 78.431999,
  "fng": {
    "value": 12,
    "classification": "Extreme Fear"
  },
  "usd_thb": 31.8
}