{
  "ts": "2025-09-04T04:52:03.232Z",
  "xauusd": 3531.600098,
  "xagusd": 40.811001,
  "fng": {
    "value": 51,
    "classification": "Neutral"
  },
  "usd_thb": 32.34
}