{
  "ts": "2026-02-24T21:54:30.950Z",
  "xauusd": 5146.100098,
  "xagusd": 87.321999,
  "fng": {
    "value": 8,
    "classification": "Extreme Fear"
  },
  "usd_thb": 31.02
}