{
  "ts": "2026-02-27T07:07:05.813Z",
  "xauusd": 5189.200195,
  "xagusd": 90.283997,
  "fng": {
    "value": 13,
    "classification": "Extreme Fear"
  },
  "usd_thb": 31.03
}