{
  "ts": "2026-04-17T13:54:51.331Z",
  "xauusd": 4805.399902,
  "xagusd": 82.345001,
  "fng": {
    "value": 21,
    "classification": "Extreme Fear"
  },
  "usd_thb": 31.79
}