{
  "ts": "2026-01-15T05:56:31.011Z",
  "xauusd": 4598.700195,
  "xagusd": 88.273003,
  "fng": {
    "value": 61,
    "classification": "Greed"
  },
  "usd_thb": 31.43
}