{
  "ts": "2025-12-04T06:58:33.971Z",
  "xauusd": 4190.399902,
  "xagusd": 57.515999,
  "fng": {
    "value": 26,
    "classification": "Fear"
  },
  "usd_thb": 32.03
}