{
  "ts": "2025-08-21T23:12:05.391Z",
  "xauusd": 3339.399902,
  "xagusd": 38.162998,
  "fng": {
    "value": 50,
    "classification": "Neutral"
  },
  "usd_thb": 32.66
}