{
  "ts": "2026-06-26T04:17:49.174Z",
  "xauusd": 4008.699951,
  "xagusd": 56.758999,
  "fng": {
    "value": 13,
    "classification": "Extreme Fear"
  },
  "usd_thb": 33.38
}