{
  "ts": "2026-01-28T18:02:19.192Z",
  "xauusd": 5299.100098,
  "xagusd": 114.196999,
  "fng": {
    "value": 29,
    "classification": "Fear"
  },
  "usd_thb": 31.094
}