{
  "ts": "2025-10-03T04:41:49.073Z",
  "xauusd": 3846.399902,
  "xagusd": 46.932999,
  "fng": {
    "value": 63,
    "classification": "Greed"
  },
  "usd_thb": 32.45
}