{
  "ts": "2025-09-19T19:37:31.280Z",
  "xauusd": 3683.199951,
  "xagusd": 43.032001,
  "fng": {
    "value": 53,
    "classification": "Neutral"
  },
  "usd_thb": 31.8
}