{
  "ts": "2026-01-12T19:47:04.430Z",
  "xauusd": 4616.200195,
  "xagusd": 85.832001,
  "fng": {
    "value": 27,
    "classification": "Fear"
  },
  "usd_thb": 31.18
}