{
  "ts": "2025-11-25T17:18:24.637Z",
  "xauusd": 4150.200195,
  "xagusd": 51.421001,
  "fng": {
    "value": 20,
    "classification": "Extreme Fear"
  },
  "usd_thb": 32.26
}