{
  "ts": "2026-01-16T16:50:24.646Z",
  "xauusd": 4588.299805,
  "xagusd": 88.782997,
  "fng": {
    "value": 49,
    "classification": "Neutral"
  },
  "usd_thb": 31.42
}