{
  "ts": "2025-09-30T20:58:20.125Z",
  "xauusd": 3860.300049,
  "xagusd": 46.703999,
  "fng": {
    "value": 50,
    "classification": "Neutral"
  },
  "usd_thb": 32.44
}