{
  "ts": "2025-12-19T19:23:57.559Z",
  "xauusd": 4347.799805,
  "xagusd": 67.250999,
  "fng": {
    "value": 16,
    "classification": "Extreme Fear"
  },
  "usd_thb": 31.41
}