{
  "ts": "2025-10-22T04:43:15.924Z",
  "xauusd": 4130.600098,
  "xagusd": 49.009998,
  "fng": {
    "value": 25,
    "classification": "Extreme Fear"
  },
  "usd_thb": 32.78
}