{
  "ts": "2025-10-13T15:55:41.611Z",
  "xauusd": 4103.100098,
  "xagusd": 51.540001,
  "fng": {
    "value": 38,
    "classification": "Fear"
  },
  "usd_thb": 32.55
}