{
  "ts": "2025-10-08T18:56:12.046Z",
  "xauusd": 4050.100098,
  "xagusd": 49.342999,
  "fng": {
    "value": 60,
    "classification": "Greed"
  },
  "usd_thb": 32.47
}