{
  "ts": "2025-12-12T06:23:14.964Z",
  "xauusd": 4278.799805,
  "xagusd": 63.846001,
  "fng": {
    "value": 29,
    "classification": "Fear"
  },
  "usd_thb": 31.65
}