{
  "ts": "2025-11-19T14:50:50.375Z",
  "xauusd": 4115.100098,
  "xagusd": 51.933998,
  "fng": {
    "value": 15,
    "classification": "Extreme Fear"
  },
  "usd_thb": 32.42
}