{
  "ts": "2026-01-07T07:47:43.469Z",
  "xauusd": 4459.799805,
  "xagusd": 79.855003,
  "fng": {
    "value": 42,
    "classification": "Fear"
  },
  "usd_thb": 31.27
}