{
  "ts": "2025-09-03T14:33:15.870Z",
  "xauusd": 3564.100098,
  "xagusd": 41.439999,
  "fng": {
    "value": 55,
    "classification": "Greed"
  },
  "usd_thb": 32.28
}