{
  "ts": "2025-08-22T08:42:06.211Z",
  "xauusd": 3330.699951,
  "xagusd": 38.112999,
  "fng": {
    "value": 50,
    "classification": "Neutral"
  },
  "usd_thb": 32.63
}