{
  "ts": "2025-10-16T17:32:01.491Z",
  "xauusd": 4291.600098,
  "xagusd": 54.136002,
  "fng": {
    "value": 28,
    "classification": "Fear"
  },
  "usd_thb": 32.48
}