{
  "ts": "2025-12-11T09:40:48.299Z",
  "xauusd": 4216.200195,
  "xagusd": 62.140999,
  "fng": {
    "value": 29,
    "classification": "Fear"
  },
  "usd_thb": 31.76
}