{
  "ts": "2025-09-19T05:24:42.341Z",
  "xauusd": 3658.800049,
  "xagusd": 42.345001,
  "fng": {
    "value": 53,
    "classification": "Neutral"
  },
  "usd_thb": 31.86
}