{
  "ts": "2025-09-08T23:12:06.129Z",
  "xauusd": 3631.100098,
  "xagusd": 41.369999,
  "fng": {
    "value": 51,
    "classification": "Neutral"
  },
  "usd_thb": 31.71
}