{
  "ts": "2026-07-22T18:53:11.769Z",
  "xauusd": 4139.399902,
  "xagusd": 60.050999,
  "fng": {
    "value": 33,
    "classification": "Fear"
  },
  "usd_thb": 33.75
}