{
  "ts": "2025-09-05T07:56:59.075Z",
  "xauusd": 3549.199951,
  "xagusd": 40.881001,
  "fng": {
    "value": 48,
    "classification": "Neutral"
  },
  "usd_thb": 32.23
}