{
  "ts": "2026-01-27T13:09:19.520Z",
  "xauusd": 5088.399902,
  "xagusd": 112.408997,
  "fng": {
    "value": 29,
    "classification": "Fear"
  },
  "usd_thb": 31.022
}