{
  "ts": "2026-02-23T21:07:40.943Z",
  "xauusd": 5234.899902,
  "xagusd": 88.853996,
  "fng": {
    "value": 5,
    "classification": "Extreme Fear"
  },
  "usd_thb": 30.96
}