{
  "ts": "2026-05-08T15:53:19.574Z",
  "xauusd": 4711.399902,
  "xagusd": 80.228996,
  "fng": {
    "value": 38,
    "classification": "Fear"
  },
  "usd_thb": 32.19
}