{
  "ts": "2026-04-08T19:51:57.354Z",
  "xauusd": 4729.299805,
  "xagusd": 74.636002,
  "fng": {
    "value": 17,
    "classification": "Extreme Fear"
  },
  "usd_thb": 32.03
}