{
  "ts": "2025-09-15T09:32:39.896Z",
  "xauusd": 3641.699951,
  "xagusd": 42.209999,
  "fng": {
    "value": 53,
    "classification": "Neutral"
  },
  "usd_thb": 31.87
}