{
  "ts": "2025-10-31T07:00:52.026Z",
  "xauusd": 4014.100098,
  "xagusd": 49.226002,
  "fng": {
    "value": 29,
    "classification": "Fear"
  },
  "usd_thb": 32.31
}