{
  "ts": "2025-11-24T05:30:39.638Z",
  "xauusd": 4048.100098,
  "xagusd": 50.075001,
  "fng": {
    "value": 19,
    "classification": "Extreme Fear"
  },
  "usd_thb": 32.47
}