{
  "ts": "2025-11-23T23:42:34.464Z",
  "xauusd": 4070.699951,
  "xagusd": 50.174999,
  "fng": {
    "value": 13,
    "classification": "Extreme Fear"
  },
  "usd_thb": 32.5
}