{
  "ts": "2025-12-03T22:28:34.057Z",
  "xauusd": 4204.100098,
  "xagusd": 58.547001,
  "fng": {
    "value": 28,
    "classification": "Fear"
  },
  "usd_thb": 31.89
}