{
  "ts": "2026-06-09T22:44:04.063Z",
  "xauusd": 4251.399902,
  "xagusd": 65.205002,
  "fng": {
    "value": 10,
    "classification": "Extreme Fear"
  },
  "usd_thb": 32.89
}