{
  "ts": "2026-04-21T00:04:01.711Z",
  "xauusd": 4824.700195,
  "xagusd": 80.058998,
  "fng": {
    "value": 33,
    "classification": "Fear"
  },
  "usd_thb": 32
}