{
  "ts": "2025-08-27T15:26:45.055Z",
  "xauusd": 3389.600098,
  "xagusd": 38.509998,
  "fng": {
    "value": 51,
    "classification": "Neutral"
  },
  "usd_thb": 32.44
}