{
  "ts": "2025-11-23T16:20:47.348Z",
  "xauusd": 4066.199951,
  "xagusd": 50.060001,
  "fng": {
    "value": 13,
    "classification": "Extreme Fear"
  },
  "usd_thb": 32.36
}