{
  "ts": "2025-12-25T14:11:50.275Z",
  "xauusd": 4480.600098,
  "xagusd": 71.968002,
  "fng": {
    "value": 23,
    "classification": "Extreme Fear"
  },
  "usd_thb": 30
}