{
  "ts": "2025-12-03T11:55:56.437Z",
  "xauusd": 4207.399902,
  "xagusd": 58.316002,
  "fng": {
    "value": 28,
    "classification": "Fear"
  },
  "usd_thb": 31.9
}