{
  "ts": "2025-11-28T10:56:01.933Z",
  "xauusd": 4165.299805,
  "xagusd": 53.919998,
  "fng": {
    "value": 25,
    "classification": "Extreme Fear"
  },
  "usd_thb": 32.2
}