{
  "ts": "2026-01-09T17:27:28.581Z",
  "xauusd": 4506.399902,
  "xagusd": 79.980003,
  "fng": {
    "value": 27,
    "classification": "Fear"
  },
  "usd_thb": 31.36
}