{
  "ts": "2026-07-09T08:37:47.495Z",
  "xauusd": 4114.399902,
  "xagusd": 59.471001,
  "fng": {
    "value": 22,
    "classification": "Extreme Fear"
  },
  "usd_thb": 33.38
}