{
  "ts": "2025-08-25T09:44:10.764Z",
  "xauusd": 3366.199951,
  "xagusd": 38.799999,
  "fng": {
    "value": 47,
    "classification": "Neutral"
  },
  "usd_thb": 32.43
}