{
  "ts": "2026-03-20T06:31:42.791Z",
  "xauusd": 4685.700195,
  "xagusd": 72.573997,
  "fng": {
    "value": 11,
    "classification": "Extreme Fear"
  },
  "usd_thb": 32.67
}