{
  "ts": "2025-08-27T21:47:09.886Z",
  "xauusd": 3397.699951,
  "xagusd": 38.637001,
  "fng": {
    "value": 51,
    "classification": "Neutral"
  },
  "usd_thb": 32.44
}