{
  "ts": "2025-10-02T07:48:20.496Z",
  "xauusd": 3865.600098,
  "xagusd": 47.457001,
  "fng": {
    "value": 64,
    "classification": "Greed"
  },
  "usd_thb": 32.39
}