{
  "ts": "2025-12-31T21:40:09.318Z",
  "xauusd": 4316.299805,
  "xagusd": 71.481003,
  "fng": {
    "value": 21,
    "classification": "Extreme Fear"
  },
  "usd_thb": 31.44
}