{
  "ts": "2026-01-26T13:52:08.166Z",
  "xauusd": 5071.700195,
  "xagusd": 109.385002,
  "fng": {
    "value": 20,
    "classification": "Extreme Fear"
  },
  "usd_thb": 31.165
}