{
  "ts": "2026-01-05T21:17:01.742Z",
  "xauusd": 4447.899902,
  "xagusd": 76.482002,
  "fng": {
    "value": 26,
    "classification": "Fear"
  },
  "usd_thb": 31.28
}