{
  "ts": "2025-09-10T20:54:19.693Z",
  "xauusd": 3640.300049,
  "xagusd": 41.200001,
  "fng": {
    "value": 49,
    "classification": "Neutral"
  },
  "usd_thb": 31.77
}