{
  "ts": "2026-01-07T18:51:15.580Z",
  "xauusd": 4455.399902,
  "xagusd": 78.290001,
  "fng": {
    "value": 42,
    "classification": "Fear"
  },
  "usd_thb": 31.31
}