{
  "ts": "2025-10-08T14:10:07.916Z",
  "xauusd": 4041.399902,
  "xagusd": 48.939999,
  "fng": {
    "value": 60,
    "classification": "Greed"
  },
  "usd_thb": 32.54
}