{
  "ts": "2025-08-21T18:26:57.996Z",
  "xauusd": 3339.199951,
  "xagusd": 38.140999,
  "fng": {
    "value": 50,
    "classification": "Neutral"
  },
  "usd_thb": 32.65
}