{
  "ts": "2025-09-17T11:36:42.901Z",
  "xauusd": 3668.800049,
  "xagusd": 41.574001,
  "fng": {
    "value": 53,
    "classification": "Neutral"
  },
  "usd_thb": 31.74
}