{
  "ts": "2025-12-11T20:58:57.523Z",
  "xauusd": 4276.299805,
  "xagusd": 63.570999,
  "fng": {
    "value": 29,
    "classification": "Fear"
  },
  "usd_thb": 31.63
}