{
  "ts": "2025-08-28T19:32:23.333Z",
  "xauusd": 3420.399902,
  "xagusd": 39.112999,
  "fng": {
    "value": 48,
    "classification": "Neutral"
  },
  "usd_thb": 32.26
}