{
  "ts": "2025-09-22T19:38:34.475Z",
  "xauusd": 3746.399902,
  "xagusd": 44.144001,
  "fng": {
    "value": 45,
    "classification": "Fear"
  },
  "usd_thb": 31.76
}