{
  "ts": "2025-09-01T08:55:50.140Z",
  "xauusd": 3478.100098,
  "xagusd": 40.773998,
  "fng": {
    "value": 46,
    "classification": "Fear"
  },
  "usd_thb": 32.29
}