{
  "ts": "2026-02-06T19:04:39.016Z",
  "xauusd": 4963.399902,
  "xagusd": 77.455002,
  "fng": {
    "value": 9,
    "classification": "Extreme Fear"
  },
  "usd_thb": 31.48
}