{
  "ts": "2025-10-17T11:19:26.924Z",
  "xauusd": 4322.399902,
  "xagusd": 54.082001,
  "fng": {
    "value": 22,
    "classification": "Extreme Fear"
  },
  "usd_thb": 32.7
}