{
  "ts": "2026-05-29T04:47:00.099Z",
  "xauusd": 4511.200195,
  "xagusd": 75.980003,
  "fng": {
    "value": 23,
    "classification": "Extreme Fear"
  },
  "usd_thb": 32.55
}