{
  "ts": "2025-10-15T19:52:45.631Z",
  "xauusd": 4211.799805,
  "xagusd": 53.141998,
  "fng": {
    "value": 34,
    "classification": "Fear"
  },
  "usd_thb": 32.57
}