{
  "ts": "2026-03-22T10:35:53.040Z",
  "xauusd": 4492.200195,
  "xagusd": 67.938004,
  "fng": {
    "value": 10,
    "classification": "Extreme Fear"
  },
  "usd_thb": 32.77
}