{
  "ts": "2025-11-18T07:56:53.785Z",
  "xauusd": 4016.199951,
  "xagusd": 49.796001,
  "fng": {
    "value": 11,
    "classification": "Extreme Fear"
  },
  "usd_thb": 32.45
}