{
  "ts": "2025-08-19T04:56:08.520Z",
  "xauusd": 3335.899902,
  "xagusd": 37.963001,
  "fng": {
    "value": 56,
    "classification": "Greed"
  },
  "usd_thb": 32.5
}