{
  "ts": "2025-10-01T04:49:51.644Z",
  "xauusd": 3861.199951,
  "xagusd": 47.098999,
  "fng": {
    "value": 49,
    "classification": "Neutral"
  },
  "usd_thb": 32.46
}