{
  "ts": "2025-12-05T19:47:28.960Z",
  "xauusd": 4206.100098,
  "xagusd": 58.380001,
  "fng": {
    "value": 28,
    "classification": "Fear"
  },
  "usd_thb": 31.87
}