{
  "ts": "2026-01-18T23:47:59.297Z",
  "xauusd": 4670.700195,
  "xagusd": 93.279999,
  "fng": {
    "value": 49,
    "classification": "Neutral"
  },
  "usd_thb": 29.6
}