{
  "ts": "2026-01-14T19:50:19.443Z",
  "xauusd": 4640.399902,
  "xagusd": 92.676003,
  "fng": {
    "value": 48,
    "classification": "Neutral"
  },
  "usd_thb": 31.32
}