{
  "ts": "2026-05-11T23:36:06.413Z",
  "xauusd": 4757.299805,
  "xagusd": 87.185997,
  "fng": {
    "value": 48,
    "classification": "Neutral"
  },
  "usd_thb": 32.24
}