{
  "ts": "2025-11-24T11:31:20.417Z",
  "xauusd": 4071.399902,
  "xagusd": 50.209999,
  "fng": {
    "value": 19,
    "classification": "Extreme Fear"
  },
  "usd_thb": 32.48
}