{
  "ts": "2025-10-26T23:46:50.738Z",
  "xauusd": 4070.600098,
  "xagusd": 48.220001,
  "fng": {
    "value": 40,
    "classification": "Fear"
  },
  "usd_thb": 32.63
}