{
  "ts": "2026-03-31T10:14:48.757Z",
  "xauusd": 4559.700195,
  "xagusd": 73.233002,
  "fng": {
    "value": 11,
    "classification": "Extreme Fear"
  },
  "usd_thb": 32.93
}