{
  "ts": "2026-02-03T14:11:52.349Z",
  "xauusd": 4924.600098,
  "xagusd": 87.839996,
  "fng": {
    "value": 17,
    "classification": "Extreme Fear"
  },
  "usd_thb": 31.53
}