{
  "ts": "2025-10-24T03:42:35.938Z",
  "xauusd": 4116.399902,
  "xagusd": 48.639999,
  "fng": {
    "value": 30,
    "classification": "Fear"
  },
  "usd_thb": 32.8
}