{
  "ts": "2025-11-14T13:55:10.636Z",
  "xauusd": 4053.399902,
  "xagusd": 50.764999,
  "fng": {
    "value": 16,
    "classification": "Extreme Fear"
  },
  "usd_thb": 32.39
}