{
  "ts": "2026-04-06T01:06:16.977Z",
  "xauusd": 4632.299805,
  "xagusd": 72.474998,
  "fng": {
    "value": 13,
    "classification": "Extreme Fear"
  },
  "usd_thb": 32.67
}