{
  "ts": "2025-09-04T11:26:42.983Z",
  "xauusd": 3539.699951,
  "xagusd": 40.884998,
  "fng": {
    "value": 51,
    "classification": "Neutral"
  },
  "usd_thb": 32.32
}