{
  "ts": "2025-11-13T21:20:17.196Z",
  "xauusd": 4177.100098,
  "xagusd": 52.546001,
  "fng": {
    "value": 15,
    "classification": "Extreme Fear"
  },
  "usd_thb": 32.34
}