{
  "ts": "2026-03-31T09:14:59.590Z",
  "xauusd": 4569.100098,
  "xagusd": 73.286003,
  "fng": {
    "value": 11,
    "classification": "Extreme Fear"
  },
  "usd_thb": 32.88
}