{
  "ts": "2026-01-20T07:04:08.094Z",
  "xauusd": 4713.899902,
  "xagusd": 94.345001,
  "fng": {
    "value": 32,
    "classification": "Fear"
  },
  "usd_thb": 31.11
}