{
  "ts": "2026-06-02T18:35:25.570Z",
  "xauusd": 4489.200195,
  "xagusd": 75.279999,
  "fng": {
    "value": 23,
    "classification": "Extreme Fear"
  },
  "usd_thb": 32.66
}