{
  "ts": "2025-10-02T12:35:16.018Z",
  "xauusd": 3884.600098,
  "xagusd": 47.689999,
  "fng": {
    "value": 64,
    "classification": "Greed"
  },
  "usd_thb": 32.36
}