{
  "ts": "2025-11-18T16:45:54.416Z",
  "xauusd": 4063.800049,
  "xagusd": 50.747002,
  "fng": {
    "value": 11,
    "classification": "Extreme Fear"
  },
  "usd_thb": 32.38
}