{
  "ts": "2025-12-18T02:56:59.970Z",
  "xauusd": 4332.700195,
  "xagusd": 66.435997,
  "fng": {
    "value": 17,
    "classification": "Extreme Fear"
  },
  "usd_thb": 31.48
}