{
  "ts": "2025-10-02T19:13:39.756Z",
  "xauusd": 3856.300049,
  "xagusd": 46.862999,
  "fng": {
    "value": 64,
    "classification": "Greed"
  },
  "usd_thb": 32.48
}