{
  "ts": "2025-09-22T14:27:48.953Z",
  "xauusd": 3720.800049,
  "xagusd": 43.665001,
  "fng": {
    "value": 45,
    "classification": "Fear"
  },
  "usd_thb": 31.81
}