{
  "ts": "2025-10-22T07:23:06.581Z",
  "xauusd": 4144.600098,
  "xagusd": 49.075001,
  "fng": {
    "value": 25,
    "classification": "Extreme Fear"
  },
  "usd_thb": 32.79
}