{
  "ts": "2025-10-23T08:14:54.923Z",
  "xauusd": 4111.799805,
  "xagusd": 49.117001,
  "fng": {
    "value": 27,
    "classification": "Fear"
  },
  "usd_thb": 32.76
}