{
  "ts": "2025-10-27T05:39:59.338Z",
  "xauusd": 4082.399902,
  "xagusd": 48.273998,
  "fng": {
    "value": 51,
    "classification": "Neutral"
  },
  "usd_thb": 32.68
}