{
  "ts": "2026-01-13T15:35:31.614Z",
  "xauusd": 4613.200195,
  "xagusd": 88.238998,
  "fng": {
    "value": 26,
    "classification": "Fear"
  },
  "usd_thb": 31.42
}