{
  "ts": "2025-12-16T06:37:33.044Z",
  "xauusd": 4291.100098,
  "xagusd": 63.127998,
  "fng": {
    "value": 11,
    "classification": "Extreme Fear"
  },
  "usd_thb": 31.51
}