{
  "ts": "2026-01-14T07:58:04.223Z",
  "xauusd": 4635.200195,
  "xagusd": 90.262001,
  "fng": {
    "value": 48,
    "classification": "Neutral"
  },
  "usd_thb": 31.4
}