{
  "ts": "2025-12-29T16:15:46.755Z",
  "xauusd": 4334.200195,
  "xagusd": 72.000999,
  "fng": {
    "value": 24,
    "classification": "Extreme Fear"
  },
  "usd_thb": 31.59
}