{
  "ts": "2025-10-28T11:11:33.030Z",
  "xauusd": 3919.399902,
  "xagusd": 46.223999,
  "fng": {
    "value": 50,
    "classification": "Neutral"
  },
  "usd_thb": 32.45
}