{
  "ts": "2025-10-07T12:43:00.828Z",
  "xauusd": 3972.300049,
  "xagusd": 48.471001,
  "fng": {
    "value": 70,
    "classification": "Greed"
  },
  "usd_thb": 32.51
}