{
  "ts": "2025-09-04T03:51:07.099Z",
  "xauusd": 3531.100098,
  "xagusd": 40.759998,
  "fng": {
    "value": 51,
    "classification": "Neutral"
  },
  "usd_thb": 32.3
}