{
  "ts": "2026-02-10T01:05:00.634Z",
  "xauusd": 5027.299805,
  "xagusd": 81.460999,
  "fng": {
    "value": 9,
    "classification": "Extreme Fear"
  },
  "usd_thb": 31.12
}