{
  "ts": "2025-10-31T14:36:33.520Z",
  "xauusd": 4021.600098,
  "xagusd": 49.022999,
  "fng": {
    "value": 29,
    "classification": "Fear"
  },
  "usd_thb": 32.37
}