{
  "ts": "2025-09-04T13:33:21.961Z",
  "xauusd": 3552.699951,
  "xagusd": 40.939999,
  "fng": {
    "value": 51,
    "classification": "Neutral"
  },
  "usd_thb": 32.28
}