{
  "ts": "2025-09-09T19:35:14.537Z",
  "xauusd": 3636.699951,
  "xagusd": 40.995998,
  "fng": {
    "value": 48,
    "classification": "Neutral"
  },
  "usd_thb": 31.76
}