{
  "ts": "2025-10-08T06:17:13.359Z",
  "xauusd": 4026.699951,
  "xagusd": 48.632999,
  "fng": {
    "value": 60,
    "classification": "Greed"
  },
  "usd_thb": 32.51
}