{
  "ts": "2026-05-15T16:27:21.208Z",
  "xauusd": 4541.399902,
  "xagusd": 76.460999,
  "fng": {
    "value": 43,
    "classification": "Fear"
  },
  "usd_thb": 32.62
}