{
  "ts": "2026-03-13T16:38:29.003Z",
  "xauusd": 5052.799805,
  "xagusd": 80.461998,
  "fng": {
    "value": 15,
    "classification": "Extreme Fear"
  },
  "usd_thb": 32.36
}