{
  "ts": "2026-07-01T08:46:21.580Z",
  "xauusd": 3978.100098,
  "xagusd": 57.903999,
  "fng": {
    "value": 11,
    "classification": "Extreme Fear"
  },
  "usd_thb": 33.36
}