{
  "ts": "2026-01-21T09:29:08.509Z",
  "xauusd": 4876.299805,
  "xagusd": 95.410004,
  "fng": {
    "value": 24,
    "classification": "Extreme Fear"
  },
  "usd_thb": 31.07
}