{
  "ts": "2026-01-08T14:52:49.739Z",
  "xauusd": 4435.899902,
  "xagusd": 74.705002,
  "fng": {
    "value": 28,
    "classification": "Fear"
  },
  "usd_thb": 31.57
}