{
  "ts": "2025-11-04T07:44:03.865Z",
  "xauusd": 3994.199951,
  "xagusd": 47.755001,
  "fng": {
    "value": 21,
    "classification": "Extreme Fear"
  },
  "usd_thb": 32.51
}