{
  "ts": "2025-11-12T11:30:30.420Z",
  "xauusd": 4125.399902,
  "xagusd": 51.644001,
  "fng": {
    "value": 24,
    "classification": "Extreme Fear"
  },
  "usd_thb": 32.47
}