{
  "ts": "2026-01-22T19:36:53.325Z",
  "xauusd": 4923.399902,
  "xagusd": 96.441002,
  "fng": {
    "value": 20,
    "classification": "Extreme Fear"
  },
  "usd_thb": 31.03
}