{
  "ts": "2025-10-06T23:50:30.601Z",
  "xauusd": 3971.300049,
  "xagusd": 48.582001,
  "fng": {
    "value": 71,
    "classification": "Greed"
  },
  "usd_thb": 32.45
}