{
  "ts": "2026-01-21T17:30:23.080Z",
  "xauusd": 4821.799805,
  "xagusd": 93.220001,
  "fng": {
    "value": 24,
    "classification": "Extreme Fear"
  },
  "usd_thb": 31.15
}