{
  "ts": "2025-08-19T06:30:16.602Z",
  "xauusd": 3337.199951,
  "xagusd": 37.911999,
  "fng": {
    "value": 56,
    "classification": "Greed"
  },
  "usd_thb": 32.49
}