{
  "ts": "2025-08-15T19:30:57.546Z",
  "xauusd": 3338.100098,
  "xagusd": 38.040001,
  "fng": {
    "value": 60,
    "classification": "Greed"
  },
  "usd_thb": 32.47
}