{
  "ts": "2025-12-31T09:49:29.941Z",
  "xauusd": 4337.200195,
  "xagusd": 72.355003,
  "fng": {
    "value": 21,
    "classification": "Extreme Fear"
  },
  "usd_thb": 31.49
}