{
  "ts": "2025-10-06T15:40:11.659Z",
  "xauusd": 3954.600098,
  "xagusd": 48.588001,
  "fng": {
    "value": 71,
    "classification": "Greed"
  },
  "usd_thb": 32.41
}