{
  "ts": "2025-11-10T09:39:43.066Z",
  "xauusd": 4084.800049,
  "xagusd": 49.948002,
  "fng": {
    "value": 29,
    "classification": "Fear"
  },
  "usd_thb": 32.36
}