{
  "ts": "2025-12-08T19:33:11.271Z",
  "xauusd": 4188.200195,
  "xagusd": 58.039001,
  "fng": {
    "value": 20,
    "classification": "Extreme Fear"
  },
  "usd_thb": 31.88
}