{
  "ts": "2026-02-19T09:42:54.931Z",
  "xauusd": 5000.899902,
  "xagusd": 78.774002,
  "fng": {
    "value": 9,
    "classification": "Extreme Fear"
  },
  "usd_thb": 31.15
}