{
  "ts": "2026-01-06T17:44:35.500Z",
  "xauusd": 4485.799805,
  "xagusd": 80.940002,
  "fng": {
    "value": 44,
    "classification": "Fear"
  },
  "usd_thb": 31.21
}