{
  "ts": "2025-09-08T12:19:14.157Z",
  "xauusd": 3615.965088,
  "xagusd": 41.300999,
  "fng": {
    "value": 51,
    "classification": "Neutral"
  },
  "usd_thb": 31.77
}