{
  "ts": "2025-11-24T03:45:58.185Z",
  "xauusd": 4056.800049,
  "xagusd": 50.094002,
  "fng": {
    "value": 19,
    "classification": "Extreme Fear"
  },
  "usd_thb": 32.48
}