{
  "ts": "2026-07-02T10:24:47.720Z",
  "xauusd": 4067.699951,
  "xagusd": 60.011002,
  "fng": {
    "value": 19,
    "classification": "Extreme Fear"
  },
  "usd_thb": 33.28
}