{
  "ts": "2025-08-22T05:14:18.213Z",
  "xauusd": 3328.899902,
  "xagusd": 38.099998,
  "fng": {
    "value": 50,
    "classification": "Neutral"
  },
  "usd_thb": 32.64
}