{
  "ts": "2026-02-11T03:20:32.877Z",
  "xauusd": 5050.200195,
  "xagusd": 82.363998,
  "fng": {
    "value": 11,
    "classification": "Extreme Fear"
  },
  "usd_thb": 31.13
}