{
  "ts": "2026-01-26T15:15:41.459Z",
  "xauusd": 5096.399902,
  "xagusd": 112.163002,
  "fng": {
    "value": 20,
    "classification": "Extreme Fear"
  },
  "usd_thb": 31.03
}