{
  "ts": "2025-12-03T04:58:02.264Z",
  "xauusd": 4222.200195,
  "xagusd": 58.816002,
  "fng": {
    "value": 28,
    "classification": "Fear"
  },
  "usd_thb": 31.86
}