{
  "ts": "2026-03-16T03:29:43.353Z",
  "xauusd": 5011.600098,
  "xagusd": 80.032997,
  "fng": {
    "value": 23,
    "classification": "Extreme Fear"
  },
  "usd_thb": 32.42
}