{
  "ts": "2025-08-27T05:43:34.729Z",
  "xauusd": 3378.800049,
  "xagusd": 38.557999,
  "fng": {
    "value": 51,
    "classification": "Neutral"
  },
  "usd_thb": 32.5
}