{
  "ts": "2026-02-12T13:53:16.810Z",
  "xauusd": 5080.600098,
  "xagusd": 83.170998,
  "fng": {
    "value": 5,
    "classification": "Extreme Fear"
  },
  "usd_thb": 30.93
}