{
  "ts": "2025-12-19T17:44:59.703Z",
  "xauusd": 4354.399902,
  "xagusd": 67.301003,
  "fng": {
    "value": 16,
    "classification": "Extreme Fear"
  },
  "usd_thb": 31.42
}