{
  "ts": "2025-10-16T18:14:14.798Z",
  "xauusd": 4291.799805,
  "xagusd": 53.956001,
  "fng": {
    "value": 28,
    "classification": "Fear"
  },
  "usd_thb": 32.48
}