{
  "ts": "2025-09-16T18:35:59.580Z",
  "xauusd": 3689.800049,
  "xagusd": 42.509998,
  "fng": {
    "value": 52,
    "classification": "Neutral"
  },
  "usd_thb": 31.67
}