{
  "ts": "2025-12-11T17:00:33.487Z",
  "xauusd": 4275.299805,
  "xagusd": 63.971001,
  "fng": {
    "value": 29,
    "classification": "Fear"
  },
  "usd_thb": 31.61
}