{
  "ts": "2025-08-14T01:44:14.863Z",
  "xauusd": 3366.300049,
  "xagusd": 38.602001,
  "fng": {
    "value": 75,
    "classification": "Greed"
  },
  "usd_thb": 32.25
}