{
  "ts": "2026-01-27T23:17:01.222Z",
  "xauusd": 5172.100098,
  "xagusd": 111.425003,
  "fng": {
    "value": 29,
    "classification": "Fear"
  },
  "usd_thb": 30.9
}