{
  "ts": "2026-03-08T23:11:12.095Z",
  "xauusd": 5115.799805,
  "xagusd": 82.758003,
  "fng": {
    "value": 12,
    "classification": "Extreme Fear"
  },
  "usd_thb": 31.93
}