{
  "ts": "2025-12-11T20:20:19.982Z",
  "xauusd": 4269.299805,
  "xagusd": 63.512001,
  "fng": {
    "value": 29,
    "classification": "Fear"
  },
  "usd_thb": 31.63
}