{
  "ts": "2025-09-26T17:51:12.219Z",
  "xauusd": 3782.699951,
  "xagusd": 46.558998,
  "fng": {
    "value": 28,
    "classification": "Fear"
  },
  "usd_thb": 32.2
}