{
  "ts": "2026-01-09T03:05:28.400Z",
  "xauusd": 4468.100098,
  "xagusd": 76.748001,
  "fng": {
    "value": 27,
    "classification": "Fear"
  },
  "usd_thb": 31.43
}