{
  "ts": "2025-11-14T09:42:17.009Z",
  "xauusd": 4170.700195,
  "xagusd": 52.751999,
  "fng": {
    "value": 16,
    "classification": "Extreme Fear"
  },
  "usd_thb": 32.38
}