{
  "ts": "2026-04-20T01:12:24.729Z",
  "xauusd": 4790.799805,
  "xagusd": 80.253998,
  "fng": {
    "value": 29,
    "classification": "Fear"
  },
  "usd_thb": 32.01
}