{
  "ts": "2025-11-27T12:55:56.518Z",
  "xauusd": 4159.200195,
  "xagusd": 53.464001,
  "fng": {
    "value": 22,
    "classification": "Extreme Fear"
  },
  "usd_thb": 32.23
}