{
  "ts": "2025-12-12T12:47:47.515Z",
  "xauusd": 4329.100098,
  "xagusd": 64.129997,
  "fng": {
    "value": 29,
    "classification": "Fear"
  },
  "usd_thb": 31.53
}