{
  "ts": "2026-01-05T06:19:13.812Z",
  "xauusd": 4418.200195,
  "xagusd": 75.452003,
  "fng": {
    "value": 26,
    "classification": "Fear"
  },
  "usd_thb": 31.35
}