{
  "ts": "2025-12-17T15:11:33.289Z",
  "xauusd": 4342.100098,
  "xagusd": 66.067001,
  "fng": {
    "value": 16,
    "classification": "Extreme Fear"
  },
  "usd_thb": 31.44
}