{
  "ts": "2025-11-18T13:32:27.343Z",
  "xauusd": 4051.800049,
  "xagusd": 50.283001,
  "fng": {
    "value": 11,
    "classification": "Extreme Fear"
  },
  "usd_thb": 32.41
}