{
  "ts": "2026-01-06T13:51:52.075Z",
  "xauusd": 4459.299805,
  "xagusd": 78.594002,
  "fng": {
    "value": 44,
    "classification": "Fear"
  },
  "usd_thb": 31.25
}