{
  "ts": "2026-03-05T13:49:01.194Z",
  "xauusd": 5120.399902,
  "xagusd": 82.704002,
  "fng": {
    "value": 22,
    "classification": "Extreme Fear"
  },
  "usd_thb": 31.69
}