{
  "ts": "2025-12-11T16:36:20.456Z",
  "xauusd": 4257.799805,
  "xagusd": 63.474998,
  "fng": {
    "value": 29,
    "classification": "Fear"
  },
  "usd_thb": 31.64
}