{
  "ts": "2026-03-11T22:14:41.270Z",
  "xauusd": 5176.299805,
  "xagusd": 85.735001,
  "fng": {
    "value": 15,
    "classification": "Extreme Fear"
  },
  "usd_thb": 31.77
}