{
  "ts": "2025-10-28T02:45:34.606Z",
  "xauusd": 3994.399902,
  "xagusd": 46.896999,
  "fng": {
    "value": 50,
    "classification": "Neutral"
  },
  "usd_thb": 32.65
}