{
  "ts": "2026-02-16T11:48:56.145Z",
  "xauusd": 5006.200195,
  "xagusd": 77.224998,
  "fng": {
    "value": 12,
    "classification": "Extreme Fear"
  },
  "usd_thb": 31.08
}