{
  "ts": "2026-05-19T23:20:58.451Z",
  "xauusd": 4489.100098,
  "xagusd": 74.289001,
  "fng": {
    "value": 25,
    "classification": "Extreme Fear"
  },
  "usd_thb": 32.67
}