{
  "ts": "2025-12-17T21:26:40.767Z",
  "xauusd": 4346.299805,
  "xagusd": 66.492996,
  "fng": {
    "value": 16,
    "classification": "Extreme Fear"
  },
  "usd_thb": 31.47
}