{
  "ts": "2025-09-08T09:21:29.521Z",
  "xauusd": 3613.100098,
  "xagusd": 41.189999,
  "fng": {
    "value": 51,
    "classification": "Neutral"
  },
  "usd_thb": 31.87
}