{
  "ts": "2025-10-27T20:53:05.469Z",
  "xauusd": 3983.399902,
  "xagusd": 46.835999,
  "fng": {
    "value": 51,
    "classification": "Neutral"
  },
  "usd_thb": 32.66
}