{
  "ts": "2025-11-11T09:39:02.788Z",
  "xauusd": 4145.299805,
  "xagusd": 50.990002,
  "fng": {
    "value": 26,
    "classification": "Fear"
  },
  "usd_thb": 32.38
}