{
  "ts": "2025-11-08T16:39:31.384Z",
  "xauusd": 4001.600098,
  "xagusd": 48.345001,
  "fng": {
    "value": 20,
    "classification": "Extreme Fear"
  },
  "usd_thb": 32.39
}