{
  "ts": "2025-11-05T09:26:46.712Z",
  "xauusd": 3967.600098,
  "xagusd": 47.683998,
  "fng": {
    "value": 23,
    "classification": "Extreme Fear"
  },
  "usd_thb": 32.54
}