{
  "ts": "2026-03-26T08:37:12.593Z",
  "xauusd": 4433.299805,
  "xagusd": 68.464996,
  "fng": {
    "value": 10,
    "classification": "Extreme Fear"
  },
  "usd_thb": 32.83
}