{
  "ts": "2025-10-28T13:41:17.609Z",
  "xauusd": 3925.199951,
  "xagusd": 46.730999,
  "fng": {
    "value": 50,
    "classification": "Neutral"
  },
  "usd_thb": 32.44
}