{
  "ts": "2025-09-23T15:34:15.431Z",
  "xauusd": 3782.100098,
  "xagusd": 44.362999,
  "fng": {
    "value": 43,
    "classification": "Fear"
  },
  "usd_thb": 31.87
}