{
  "ts": "2025-12-26T05:30:48.443Z",
  "xauusd": 4508.299805,
  "xagusd": 74.717003,
  "fng": {
    "value": 20,
    "classification": "Extreme Fear"
  },
  "usd_thb": 30.95
}