{
  "ts": "2025-08-20T05:41:10.390Z",
  "xauusd": 3321.699951,
  "xagusd": 37.259998,
  "fng": {
    "value": 44,
    "classification": "Fear"
  },
  "usd_thb": 32.57
}