{
  "ts": "2026-04-23T20:29:14.040Z",
  "xauusd": 4691.799805,
  "xagusd": 75.511002,
  "fng": {
    "value": 46,
    "classification": "Fear"
  },
  "usd_thb": 32.44
}