{
  "ts": "2025-12-05T14:59:37.286Z",
  "xauusd": 4243.799805,
  "xagusd": 58.639999,
  "fng": {
    "value": 28,
    "classification": "Fear"
  },
  "usd_thb": 31.83
}