{
  "ts": "2026-03-03T22:14:57.239Z",
  "xauusd": 5089.700195,
  "xagusd": 82.175003,
  "fng": {
    "value": 14,
    "classification": "Extreme Fear"
  },
  "usd_thb": 31.58
}