{
  "ts": "2026-04-10T19:10:00.610Z",
  "xauusd": 4768.700195,
  "xagusd": 76.537003,
  "fng": {
    "value": 16,
    "classification": "Extreme Fear"
  },
  "usd_thb": 32.04
}