{
  "ts": "2025-12-11T05:30:51.771Z",
  "xauusd": 4213.200195,
  "xagusd": 61.816002,
  "fng": {
    "value": 29,
    "classification": "Fear"
  },
  "usd_thb": 31.77
}