{
  "ts": "2025-09-02T03:58:32.860Z",
  "xauusd": 3494.899902,
  "xagusd": 40.779999,
  "fng": {
    "value": 49,
    "classification": "Neutral"
  },
  "usd_thb": 32.28
}