{
  "ts": "2026-01-14T16:53:25.182Z",
  "xauusd": 4615.299805,
  "xagusd": 91.071999,
  "fng": {
    "value": 48,
    "classification": "Neutral"
  },
  "usd_thb": 31.34
}