{
  "ts": "2026-01-14T16:20:17.650Z",
  "xauusd": 4622.100098,
  "xagusd": 92.080002,
  "fng": {
    "value": 48,
    "classification": "Neutral"
  },
  "usd_thb": 31.33
}