{
  "ts": "2026-02-06T14:25:37.027Z",
  "xauusd": 4908.200195,
  "xagusd": 75.003998,
  "fng": {
    "value": 9,
    "classification": "Extreme Fear"
  },
  "usd_thb": 31.54
}