{
  "ts": "2025-09-16T18:00:14.944Z",
  "xauusd": 3688.100098,
  "xagusd": 42.526001,
  "fng": {
    "value": 52,
    "classification": "Neutral"
  },
  "usd_thb": 31.66
}