{
  "ts": "2025-09-11T12:51:19.345Z",
  "xauusd": 3631.199951,
  "xagusd": 41.115002,
  "fng": {
    "value": 54,
    "classification": "Neutral"
  },
  "usd_thb": 31.75
}