{
  "ts": "2025-10-10T06:58:40.772Z",
  "xauusd": 3969.399902,
  "xagusd": 49.956001,
  "fng": {
    "value": 64,
    "classification": "Greed"
  },
  "usd_thb": 32.78
}