{
  "ts": "2026-05-21T22:20:21.981Z",
  "xauusd": 4543.399902,
  "xagusd": 76.827003,
  "fng": {
    "value": 29,
    "classification": "Fear"
  },
  "usd_thb": 32.57
}