{
  "ts": "2026-02-20T21:34:18.568Z",
  "xauusd": 5099.299805,
  "xagusd": 84.546997,
  "fng": {
    "value": 7,
    "classification": "Extreme Fear"
  },
  "usd_thb": 31.03
}