{
  "ts": "2025-11-21T16:43:13.484Z",
  "xauusd": 4076.600098,
  "xagusd": 49.983002,
  "fng": {
    "value": 14,
    "classification": "Extreme Fear"
  },
  "usd_thb": 32.43
}