{
  "ts": "2025-12-24T02:58:52.677Z",
  "xauusd": 4498.100098,
  "xagusd": 72.157997,
  "fng": {
    "value": 24,
    "classification": "Extreme Fear"
  },
  "usd_thb": 31.05
}