{
  "ts": "2025-10-09T20:32:57.622Z",
  "xauusd": 3977.600098,
  "xagusd": 49.244999,
  "fng": {
    "value": 70,
    "classification": "Greed"
  },
  "usd_thb": 32.77
}