{
  "ts": "2025-08-29T14:56:35.985Z",
  "xauusd": 3438.600098,
  "xagusd": 39.299999,
  "fng": {
    "value": 50,
    "classification": "Neutral"
  },
  "usd_thb": 32.32
}