{
  "ts": "2025-08-22T20:45:53.672Z",
  "xauusd": 3372.399902,
  "xagusd": 38.952999,
  "fng": {
    "value": 50,
    "classification": "Neutral"
  },
  "usd_thb": 32.41
}