{
  "ts": "2025-12-15T19:00:29.215Z",
  "xauusd": 4314.200195,
  "xagusd": 63.811001,
  "fng": {
    "value": 16,
    "classification": "Extreme Fear"
  },
  "usd_thb": 31.51
}