{
  "ts": "2026-01-12T05:48:29.196Z",
  "xauusd": 4583.399902,
  "xagusd": 84.467003,
  "fng": {
    "value": 27,
    "classification": "Fear"
  },
  "usd_thb": 31.19
}