{
  "ts": "2025-10-24T20:33:06.716Z",
  "xauusd": 4104.200195,
  "xagusd": 48.631001,
  "fng": {
    "value": 30,
    "classification": "Fear"
  },
  "usd_thb": 32.71
}