{
  "ts": "2025-10-08T11:58:14.853Z",
  "xauusd": 4038.399902,
  "xagusd": 49.033001,
  "fng": {
    "value": 60,
    "classification": "Greed"
  },
  "usd_thb": 32.53
}