{
  "ts": "2025-09-09T04:59:25.807Z",
  "xauusd": 3656.300049,
  "xagusd": 41.412998,
  "fng": {
    "value": 48,
    "classification": "Neutral"
  },
  "usd_thb": 31.62
}