{
  "ts": "2025-10-09T05:44:45.892Z",
  "xauusd": 4037.800049,
  "xagusd": 49.161999,
  "fng": {
    "value": 70,
    "classification": "Greed"
  },
  "usd_thb": 32.55
}