{
  "ts": "2025-12-07T13:50:48.535Z",
  "xauusd": 4199.299805,
  "xagusd": 58.393002,
  "fng": {
    "value": 20,
    "classification": "Extreme Fear"
  },
  "usd_thb": 31.86
}