{
  "ts": "2026-02-24T10:58:36.923Z",
  "xauusd": 5175.399902,
  "xagusd": 88.210999,
  "fng": {
    "value": 8,
    "classification": "Extreme Fear"
  },
  "usd_thb": 31.01
}