{
  "ts": "2025-10-17T07:41:42.596Z",
  "xauusd": 4342.600098,
  "xagusd": 54.087002,
  "fng": {
    "value": 22,
    "classification": "Extreme Fear"
  },
  "usd_thb": 32.62
}