{
  "ts": "2025-09-18T16:51:44.956Z",
  "xauusd": 3645.199951,
  "xagusd": 41.837002,
  "fng": {
    "value": 52,
    "classification": "Neutral"
  },
  "usd_thb": 31.92
}