{
  "ts": "2026-03-18T13:48:59.562Z",
  "xauusd": 4879.600098,
  "xagusd": 77.425003,
  "fng": {
    "value": 26,
    "classification": "Fear"
  },
  "usd_thb": 32.6
}