{
  "ts": "2026-03-10T15:36:07.048Z",
  "xauusd": 5234.899902,
  "xagusd": 89.816002,
  "fng": {
    "value": 13,
    "classification": "Extreme Fear"
  },
  "usd_thb": 31.41
}