{
  "ts": "2025-11-03T10:00:07.533Z",
  "xauusd": 4003.300049,
  "xagusd": 48.712002,
  "fng": {
    "value": 42,
    "classification": "Fear"
  },
  "usd_thb": 32.44
}