{
  "ts": "2025-09-05T19:12:44.286Z",
  "xauusd": 3595.699951,
  "xagusd": 41.049999,
  "fng": {
    "value": 48,
    "classification": "Neutral"
  },
  "usd_thb": 32.06
}