{
  "ts": "2026-06-03T17:06:55.027Z",
  "xauusd": 4445.299805,
  "xagusd": 73.624001,
  "fng": {
    "value": 11,
    "classification": "Extreme Fear"
  },
  "usd_thb": 32.7
}