{
  "ts": "2025-10-09T15:23:25.680Z",
  "xauusd": 4024.300049,
  "xagusd": 51.060001,
  "fng": {
    "value": 70,
    "classification": "Greed"
  },
  "usd_thb": 32.65
}