{
  "ts": "2025-12-30T21:47:45.557Z",
  "xauusd": 4349.799805,
  "xagusd": 76.689003,
  "fng": {
    "value": 23,
    "classification": "Extreme Fear"
  },
  "usd_thb": 31.4
}