{
  "ts": "2025-10-24T14:52:19.327Z",
  "xauusd": 4122.700195,
  "xagusd": 48.679001,
  "fng": {
    "value": 30,
    "classification": "Fear"
  },
  "usd_thb": 32.69
}