{
  "ts": "2025-10-03T20:51:16.879Z",
  "xauusd": 3886.800049,
  "xagusd": 48.030998,
  "fng": {
    "value": 63,
    "classification": "Greed"
  },
  "usd_thb": 32.35
}