{
  "ts": "2025-11-09T03:19:09.846Z",
  "xauusd": 4001.600098,
  "xagusd": 48.345001,
  "fng": {
    "value": 22,
    "classification": "Extreme Fear"
  },
  "usd_thb": 32.39
}