{
  "ts": "2025-11-26T05:19:22.662Z",
  "xauusd": 4168.700195,
  "xagusd": 52.139999,
  "fng": {
    "value": 15,
    "classification": "Extreme Fear"
  },
  "usd_thb": 32.22
}