{
  "ts": "2025-09-26T16:56:27.165Z",
  "xauusd": 3775.800049,
  "xagusd": 46.290001,
  "fng": {
    "value": 28,
    "classification": "Fear"
  },
  "usd_thb": 32.22
}