{
  "ts": "2025-11-11T09:21:50.364Z",
  "xauusd": 4143.799805,
  "xagusd": 50.894001,
  "fng": {
    "value": 26,
    "classification": "Fear"
  },
  "usd_thb": 32.38
}