{
  "ts": "2025-08-20T09:46:56.134Z",
  "xauusd": 3326.699951,
  "xagusd": 37.130001,
  "fng": {
    "value": 44,
    "classification": "Fear"
  },
  "usd_thb": 32.54
}