{
  "ts": "2026-03-02T08:04:29.884Z",
  "xauusd": 5405.100098,
  "xagusd": 95.829002,
  "fng": {
    "value": 10,
    "classification": "Extreme Fear"
  },
  "usd_thb": 31.47
}