{
  "ts": "2025-08-25T06:40:18.903Z",
  "xauusd": 3368.800049,
  "xagusd": 39.005001,
  "fng": {
    "value": 47,
    "classification": "Neutral"
  },
  "usd_thb": 32.4
}