{
  "ts": "2025-10-28T05:51:52.341Z",
  "xauusd": 3965.100098,
  "xagusd": 46.612999,
  "fng": {
    "value": 50,
    "classification": "Neutral"
  },
  "usd_thb": 32.57
}