{
  "ts": "2026-06-26T13:19:59.127Z",
  "xauusd": 4046.600098,
  "xagusd": 58.157001,
  "fng": {
    "value": 13,
    "classification": "Extreme Fear"
  },
  "usd_thb": 33.4
}