{
  "ts": "2025-11-13T17:38:38.683Z",
  "xauusd": 4204.700195,
  "xagusd": 53.227001,
  "fng": {
    "value": 15,
    "classification": "Extreme Fear"
  },
  "usd_thb": 32.28
}