{
  "ts": "2025-10-20T15:30:17.163Z",
  "xauusd": 4346.200195,
  "xagusd": 52.438999,
  "fng": {
    "value": 29,
    "classification": "Fear"
  },
  "usd_thb": 32.54
}