{
  "ts": "2025-08-26T22:44:32.776Z",
  "xauusd": 3391.699951,
  "xagusd": 38.720001,
  "fng": {
    "value": 48,
    "classification": "Neutral"
  },
  "usd_thb": 32.43
}