{
  "ts": "2026-01-15T19:31:53.940Z",
  "xauusd": 4618.799805,
  "xagusd": 92.936996,
  "fng": {
    "value": 61,
    "classification": "Greed"
  },
  "usd_thb": 31.34
}