{
  "ts": "2025-11-17T11:41:17.623Z",
  "xauusd": 4078.399902,
  "xagusd": 50.971001,
  "fng": {
    "value": 14,
    "classification": "Extreme Fear"
  },
  "usd_thb": 32.47
}