{
  "ts": "2026-03-12T12:33:56.879Z",
  "xauusd": 5175.600098,
  "xagusd": 87.186996,
  "fng": {
    "value": 18,
    "classification": "Extreme Fear"
  },
  "usd_thb": 31.87
}