{
  "ts": "2026-03-09T20:53:02.926Z",
  "xauusd": 5139.600098,
  "xagusd": 87.115997,
  "fng": {
    "value": 8,
    "classification": "Extreme Fear"
  },
  "usd_thb": 31.65
}