{
  "ts": "2025-12-04T19:52:52.666Z",
  "xauusd": 4208.899902,
  "xagusd": 57.054001,
  "fng": {
    "value": 26,
    "classification": "Fear"
  },
  "usd_thb": 31.99
}