{
  "ts": "2025-11-26T15:34:07.012Z",
  "xauusd": 4159.100098,
  "xagusd": 52.397999,
  "fng": {
    "value": 15,
    "classification": "Extreme Fear"
  },
  "usd_thb": 32.23
}