{
  "ts": "2026-03-19T23:46:20.904Z",
  "xauusd": 4639.799805,
  "xagusd": 72.407997,
  "fng": {
    "value": 23,
    "classification": "Extreme Fear"
  },
  "usd_thb": 32.5
}