{
  "ts": "2026-03-24T07:41:26.942Z",
  "xauusd": 4404.600098,
  "xagusd": 69.570999,
  "fng": {
    "value": 11,
    "classification": "Extreme Fear"
  },
  "usd_thb": 32.53
}