{
  "ts": "2025-08-25T04:57:25.327Z",
  "xauusd": 3366.699951,
  "xagusd": 38.858002,
  "fng": {
    "value": 47,
    "classification": "Neutral"
  },
  "usd_thb": 32.43
}