{
  "ts": "2025-10-29T04:56:26.093Z",
  "xauusd": 3955.399902,
  "xagusd": 47.469002,
  "fng": {
    "value": 51,
    "classification": "Neutral"
  },
  "usd_thb": 32.39
}