{
  "ts": "2026-04-09T05:24:09.465Z",
  "xauusd": 4722.700195,
  "xagusd": 74.207001,
  "fng": {
    "value": 14,
    "classification": "Extreme Fear"
  },
  "usd_thb": 31.98
}