{
  "ts": "2026-03-23T19:26:23.642Z",
  "xauusd": 4402.100098,
  "xagusd": 69.186996,
  "fng": {
    "value": 8,
    "classification": "Extreme Fear"
  },
  "usd_thb": 32.25
}