{
  "ts": "2026-01-13T13:52:03.241Z",
  "xauusd": 4618.700195,
  "xagusd": 87.827003,
  "fng": {
    "value": 26,
    "classification": "Fear"
  },
  "usd_thb": 31.39
}