{
  "ts": "2026-01-29T21:48:33.980Z",
  "xauusd": 5399.100098,
  "xagusd": 116.289001,
  "fng": {
    "value": 26,
    "classification": "Fear"
  },
  "usd_thb": 31.233
}