{
  "ts": "2025-10-06T15:49:39.611Z",
  "xauusd": 3957.800049,
  "xagusd": 48.706001,
  "fng": {
    "value": 71,
    "classification": "Greed"
  },
  "usd_thb": 32.39
}