{
  "ts": "2025-08-25T15:56:18.941Z",
  "xauusd": 3374.899902,
  "xagusd": 38.882999,
  "fng": {
    "value": 47,
    "classification": "Neutral"
  },
  "usd_thb": 32.43
}