{
  "ts": "2026-05-29T17:50:31.842Z",
  "xauusd": 4557.200195,
  "xagusd": 75.732002,
  "fng": {
    "value": 23,
    "classification": "Extreme Fear"
  },
  "usd_thb": 32.48
}