{
  "ts": "2025-12-01T19:37:56.636Z",
  "xauusd": 4242.200195,
  "xagusd": 58.381001,
  "fng": {
    "value": 24,
    "classification": "Extreme Fear"
  },
  "usd_thb": 32.03
}