{
  "ts": "2025-10-15T18:37:57.086Z",
  "xauusd": 4199.200195,
  "xagusd": 52.990002,
  "fng": {
    "value": 34,
    "classification": "Fear"
  },
  "usd_thb": 32.57
}