{
  "ts": "2026-01-05T20:41:15.317Z",
  "xauusd": 4441.799805,
  "xagusd": 75.809998,
  "fng": {
    "value": 26,
    "classification": "Fear"
  },
  "usd_thb": 31.27
}