{
  "ts": "2025-10-27T09:51:44.890Z",
  "xauusd": 4046.899902,
  "xagusd": 47.912998,
  "fng": {
    "value": 51,
    "classification": "Neutral"
  },
  "usd_thb": 32.69
}