{
  "ts": "2025-09-23T04:34:34.908Z",
  "xauusd": 3746.699951,
  "xagusd": 43.955002,
  "fng": {
    "value": 43,
    "classification": "Fear"
  },
  "usd_thb": 31.83
}