{
  "ts": "2026-07-10T12:56:41.666Z",
  "xauusd": 4101.100098,
  "xagusd": 59.682999,
  "fng": {
    "value": 23,
    "classification": "Extreme Fear"
  },
  "usd_thb": 33.28
}