{
  "ts": "2025-10-13T17:49:51.213Z",
  "xauusd": 4107.100098,
  "xagusd": 51.890999,
  "fng": {
    "value": 38,
    "classification": "Fear"
  },
  "usd_thb": 32.56
}