{
  "ts": "2026-03-10T09:57:59.411Z",
  "xauusd": 5186.799805,
  "xagusd": 89.374001,
  "fng": {
    "value": 13,
    "classification": "Extreme Fear"
  },
  "usd_thb": 31.58
}