{
  "ts": "2025-11-13T07:33:04.573Z",
  "xauusd": 4218.200195,
  "xagusd": 54.221001,
  "fng": {
    "value": 15,
    "classification": "Extreme Fear"
  },
  "usd_thb": 32.31
}