{
  "ts": "2025-09-30T20:27:01.782Z",
  "xauusd": 3856.100098,
  "xagusd": 46.685001,
  "fng": {
    "value": 50,
    "classification": "Neutral"
  },
  "usd_thb": 32.45
}