{
  "ts": "2025-12-30T16:52:22.500Z",
  "xauusd": 4371.200195,
  "xagusd": 76.449997,
  "fng": {
    "value": 23,
    "classification": "Extreme Fear"
  },
  "usd_thb": 31.35
}