{
  "ts": "2025-12-30T19:42:15.697Z",
  "xauusd": 4362.799805,
  "xagusd": 77.427002,
  "fng": {
    "value": 23,
    "classification": "Extreme Fear"
  },
  "usd_thb": 31.38
}