{
  "ts": "2025-09-24T11:42:46.301Z",
  "xauusd": 3768.899902,
  "xagusd": 44.042999,
  "fng": {
    "value": 44,
    "classification": "Fear"
  },
  "usd_thb": 31.99
}