{
  "ts": "2025-11-04T19:57:08.845Z",
  "xauusd": 3939.600098,
  "xagusd": 47.311001,
  "fng": {
    "value": 21,
    "classification": "Extreme Fear"
  },
  "usd_thb": 32.59
}