{
  "ts": "2025-12-10T18:49:44.806Z",
  "xauusd": 4194.700195,
  "xagusd": 60.459999,
  "fng": {
    "value": 26,
    "classification": "Fear"
  },
  "usd_thb": 31.82
}