{
  "ts": "2025-09-04T23:55:31.711Z",
  "xauusd": 3554.199951,
  "xagusd": 40.808998,
  "fng": {
    "value": 51,
    "classification": "Neutral"
  },
  "usd_thb": 32.26
}