{
  "ts": "2025-11-26T19:39:51.808Z",
  "xauusd": 4167.700195,
  "xagusd": 53.316002,
  "fng": {
    "value": 15,
    "classification": "Extreme Fear"
  },
  "usd_thb": 32.2
}