{
  "ts": "2026-01-08T09:58:36.155Z",
  "xauusd": 4434.100098,
  "xagusd": 76.226997,
  "fng": {
    "value": 28,
    "classification": "Fear"
  },
  "usd_thb": 31.34
}