{
  "ts": "2025-09-05T03:43:47.891Z",
  "xauusd": 3558.100098,
  "xagusd": 40.890999,
  "fng": {
    "value": 48,
    "classification": "Neutral"
  },
  "usd_thb": 32.23
}