{
  "ts": "2025-12-09T10:48:17.967Z",
  "xauusd": 4203.299805,
  "xagusd": 58.575001,
  "fng": {
    "value": 22,
    "classification": "Extreme Fear"
  },
  "usd_thb": 31.83
}