{
  "ts": "2025-11-17T09:47:47.618Z",
  "xauusd": 4085.899902,
  "xagusd": 51.119999,
  "fng": {
    "value": 14,
    "classification": "Extreme Fear"
  },
  "usd_thb": 32.42
}