{
  "ts": "2025-11-07T21:55:10.568Z",
  "xauusd": 4002.800049,
  "xagusd": 48.380001,
  "fng": {
    "value": 24,
    "classification": "Extreme Fear"
  },
  "usd_thb": 32.41
}