{
  "ts": "2026-01-27T06:25:16.439Z",
  "xauusd": 5086.200195,
  "xagusd": 110.080002,
  "fng": {
    "value": 29,
    "classification": "Fear"
  },
  "usd_thb": 31.09
}