{
  "ts": "2025-11-18T19:26:58.534Z",
  "xauusd": 4078.600098,
  "xagusd": 51.095001,
  "fng": {
    "value": 11,
    "classification": "Extreme Fear"
  },
  "usd_thb": 32.36
}