{
  "ts": "2025-12-19T04:54:53.266Z",
  "xauusd": 4322.200195,
  "xagusd": 65.389999,
  "fng": {
    "value": 16,
    "classification": "Extreme Fear"
  },
  "usd_thb": 31.42
}