{
  "ts": "2025-12-17T18:19:59.884Z",
  "xauusd": 4342.100098,
  "xagusd": 66.716003,
  "fng": {
    "value": 16,
    "classification": "Extreme Fear"
  },
  "usd_thb": 31.43
}