{
  "ts": "2026-01-13T21:55:28.146Z",
  "xauusd": 4588.600098,
  "xagusd": 87.054001,
  "fng": {
    "value": 26,
    "classification": "Fear"
  },
  "usd_thb": 31.48
}