{
  "ts": "2025-10-28T23:41:23.313Z",
  "xauusd": 3950.600098,
  "xagusd": 47.110001,
  "fng": {
    "value": 50,
    "classification": "Neutral"
  },
  "usd_thb": 32.37
}