{
  "ts": "2026-02-12T02:28:13.785Z",
  "xauusd": 5066.200195,
  "xagusd": 83.492996,
  "fng": {
    "value": 5,
    "classification": "Extreme Fear"
  },
  "usd_thb": 31.03
}