{
  "ts": "2025-11-14T00:52:17.720Z",
  "xauusd": 4184.899902,
  "xagusd": 52.771999,
  "fng": {
    "value": 16,
    "classification": "Extreme Fear"
  },
  "usd_thb": 32.33
}