{
  "ts": "2026-06-15T13:22:47.319Z",
  "xauusd": 4355.200195,
  "xagusd": 71.313004,
  "fng": {
    "value": 20,
    "classification": "Extreme Fear"
  },
  "usd_thb": 32.5
}