{
  "ts": "2025-09-03T08:32:58.116Z",
  "xauusd": 3539.100098,
  "xagusd": 40.873001,
  "fng": {
    "value": 55,
    "classification": "Greed"
  },
  "usd_thb": 32.36
}