{
  "ts": "2025-09-19T17:59:39.933Z",
  "xauusd": 3679.600098,
  "xagusd": 42.949001,
  "fng": {
    "value": 53,
    "classification": "Neutral"
  },
  "usd_thb": 31.8
}