{
  "ts": "2025-10-09T11:08:06.498Z",
  "xauusd": 4042.800049,
  "xagusd": 49.723999,
  "fng": {
    "value": 70,
    "classification": "Greed"
  },
  "usd_thb": 32.57
}