{
  "ts": "2026-05-01T20:30:14.467Z",
  "xauusd": 4615.700195,
  "xagusd": 75.561996,
  "fng": {
    "value": 26,
    "classification": "Fear"
  },
  "usd_thb": 32.42
}