{
  "ts": "2025-09-05T11:33:15.010Z",
  "xauusd": 3550.899902,
  "xagusd": 40.799999,
  "fng": {
    "value": 48,
    "classification": "Neutral"
  },
  "usd_thb": 32.19
}