{
  "ts": "2025-09-15T15:33:12.009Z",
  "xauusd": 3667.899902,
  "xagusd": 42.487999,
  "fng": {
    "value": 53,
    "classification": "Neutral"
  },
  "usd_thb": 31.8
}