{
  "ts": "2025-09-25T09:54:36.293Z",
  "xauusd": 3759.399902,
  "xagusd": 44.990002,
  "fng": {
    "value": 44,
    "classification": "Fear"
  },
  "usd_thb": 32.1
}