{
  "ts": "2025-11-19T06:54:01.112Z",
  "xauusd": 4096.100098,
  "xagusd": 51.585999,
  "fng": {
    "value": 15,
    "classification": "Extreme Fear"
  },
  "usd_thb": 32.4
}