{
  "ts": "2026-02-06T07:30:06.945Z",
  "xauusd": 4860.799805,
  "xagusd": 73.081001,
  "fng": {
    "value": 9,
    "classification": "Extreme Fear"
  },
  "usd_thb": 31.65
}