{
  "ts": "2026-06-03T07:01:35.758Z",
  "xauusd": 4462.600098,
  "xagusd": 74.450996,
  "fng": {
    "value": 11,
    "classification": "Extreme Fear"
  },
  "usd_thb": 32.72
}