{
  "ts": "2025-12-22T21:43:33.660Z",
  "xauusd": 4447.100098,
  "xagusd": 69.080002,
  "fng": {
    "value": 25,
    "classification": "Extreme Fear"
  },
  "usd_thb": 31.13
}