{
  "ts": "2026-01-15T23:33:55.651Z",
  "xauusd": 4608.700195,
  "xagusd": 90.684998,
  "fng": {
    "value": 61,
    "classification": "Greed"
  },
  "usd_thb": 31.33
}