{
  "ts": "2025-12-18T04:31:50.576Z",
  "xauusd": 4331.600098,
  "xagusd": 66.344002,
  "fng": {
    "value": 17,
    "classification": "Extreme Fear"
  },
  "usd_thb": 31.47
}