{
  "ts": "2025-09-04T19:36:53.340Z",
  "xauusd": 3550.100098,
  "xagusd": 40.721001,
  "fng": {
    "value": 51,
    "classification": "Neutral"
  },
  "usd_thb": 32.26
}