{
  "ts": "2026-02-26T23:52:30.561Z",
  "xauusd": 5184.100098,
  "xagusd": 88.162003,
  "fng": {
    "value": 11,
    "classification": "Extreme Fear"
  },
  "usd_thb": 31.07
}