{
  "ts": "2026-01-02T11:08:24.908Z",
  "xauusd": 4397.899902,
  "xagusd": 74.566002,
  "fng": {
    "value": 28,
    "classification": "Fear"
  },
  "usd_thb": 31.37
}