{
  "ts": "2025-10-16T03:54:05.010Z",
  "xauusd": 4235.399902,
  "xagusd": 53.199001,
  "fng": {
    "value": 28,
    "classification": "Fear"
  },
  "usd_thb": 32.48
}