{
  "ts": "2025-11-18T23:29:19.808Z",
  "xauusd": 4072.899902,
  "xagusd": 50.790001,
  "fng": {
    "value": 11,
    "classification": "Extreme Fear"
  },
  "usd_thb": 32.39
}