{
  "ts": "2025-10-01T11:19:27.442Z",
  "xauusd": 3885.100098,
  "xagusd": 47.320999,
  "fng": {
    "value": 49,
    "classification": "Neutral"
  },
  "usd_thb": 32.37
}