{
  "ts": "2025-10-22T18:58:04.302Z",
  "xauusd": 4076.899902,
  "xagusd": 48.261002,
  "fng": {
    "value": 25,
    "classification": "Extreme Fear"
  },
  "usd_thb": 32.77
}