{
  "ts": "2025-08-28T06:52:24.122Z",
  "xauusd": 3396.100098,
  "xagusd": 38.860001,
  "fng": {
    "value": 48,
    "classification": "Neutral"
  },
  "usd_thb": 32.39
}