{
  "ts": "2026-01-14T20:57:39.453Z",
  "xauusd": 4634.100098,
  "xagusd": 93.410004,
  "fng": {
    "value": 48,
    "classification": "Neutral"
  },
  "usd_thb": 31.31
}