{
  "ts": "2025-10-17T09:27:59.387Z",
  "xauusd": 4335.600098,
  "xagusd": 54.049999,
  "fng": {
    "value": 22,
    "classification": "Extreme Fear"
  },
  "usd_thb": 32.66
}