{
  "ts": "2025-08-19T04:32:02.571Z",
  "xauusd": 3336.800049,
  "xagusd": 37.956001,
  "fng": {
    "value": 56,
    "classification": "Greed"
  },
  "usd_thb": 32.49
}