{
  "ts": "2025-10-28T08:20:17.483Z",
  "xauusd": 3920.600098,
  "xagusd": 46.185001,
  "fng": {
    "value": 50,
    "classification": "Neutral"
  },
  "usd_thb": 32.53
}