{
  "ts": "2025-12-05T20:40:01.203Z",
  "xauusd": 4203.100098,
  "xagusd": 58.383999,
  "fng": {
    "value": 28,
    "classification": "Fear"
  },
  "usd_thb": 31.86
}