{
  "ts": "2025-10-14T13:44:35.714Z",
  "xauusd": 4127.700195,
  "xagusd": 50.873001,
  "fng": {
    "value": 38,
    "classification": "Fear"
  },
  "usd_thb": 32.98
}