{
  "ts": "2025-11-14T11:30:56.387Z",
  "xauusd": 4149.799805,
  "xagusd": 52.355999,
  "fng": {
    "value": 16,
    "classification": "Extreme Fear"
  },
  "usd_thb": 32.45
}