{
  "ts": "2025-12-15T05:55:51.124Z",
  "xauusd": 4342.899902,
  "xagusd": 63.049999,
  "fng": {
    "value": 16,
    "classification": "Extreme Fear"
  },
  "usd_thb": 31.45
}