{
  "ts": "2025-12-08T10:56:44.335Z",
  "xauusd": 4206.100098,
  "xagusd": 58.506001,
  "fng": {
    "value": 20,
    "classification": "Extreme Fear"
  },
  "usd_thb": 31.84
}