{
  "ts": "2025-12-03T07:41:38.861Z",
  "xauusd": 4207.700195,
  "xagusd": 58.073002,
  "fng": {
    "value": 28,
    "classification": "Fear"
  },
  "usd_thb": 31.9
}