{
  "ts": "2025-12-18T11:27:22.378Z",
  "xauusd": 4327.100098,
  "xagusd": 66.197998,
  "fng": {
    "value": 17,
    "classification": "Extreme Fear"
  },
  "usd_thb": 31.44
}