{
  "ts": "2025-10-21T22:50:43.644Z",
  "xauusd": 4127.700195,
  "xagusd": 48.700001,
  "fng": {
    "value": 34,
    "classification": "Fear"
  },
  "usd_thb": 32.86
}