{
  "ts": "2025-10-09T03:42:07.255Z",
  "xauusd": 4029.600098,
  "xagusd": 49.047001,
  "fng": {
    "value": 70,
    "classification": "Greed"
  },
  "usd_thb": 32.56
}