{
  "ts": "2025-09-11T13:34:47.256Z",
  "xauusd": 3627.399902,
  "xagusd": 41.259998,
  "fng": {
    "value": 54,
    "classification": "Neutral"
  },
  "usd_thb": 31.76
}