{
  "ts": "2025-10-12T23:21:08.115Z",
  "xauusd": 4052.199951,
  "xagusd": 50.325001,
  "fng": {
    "value": 24,
    "classification": "Extreme Fear"
  },
  "usd_thb": 32.58
}