{
  "ts": "2025-09-29T20:51:02.933Z",
  "xauusd": 3832.199951,
  "xagusd": 46.928001,
  "fng": {
    "value": 50,
    "classification": "Neutral"
  },
  "usd_thb": 32.22
}