{
  "ts": "2025-10-01T11:30:17.725Z",
  "xauusd": 3884.800049,
  "xagusd": 47.365002,
  "fng": {
    "value": 49,
    "classification": "Neutral"
  },
  "usd_thb": 32.35
}