{
  "ts": "2025-12-11T05:57:39.447Z",
  "xauusd": 4210.200195,
  "xagusd": 61.852001,
  "fng": {
    "value": 29,
    "classification": "Fear"
  },
  "usd_thb": 31.76
}