{
  "ts": "2025-09-05T14:18:35.838Z",
  "xauusd": 3595.300049,
  "xagusd": 41.344002,
  "fng": {
    "value": 48,
    "classification": "Neutral"
  },
  "usd_thb": 32.04
}