{
  "ts": "2025-10-07T15:22:51.558Z",
  "xauusd": 3991.399902,
  "xagusd": 48.279999,
  "fng": {
    "value": 70,
    "classification": "Greed"
  },
  "usd_thb": 32.42
}