{
  "ts": "2025-12-04T14:00:11.907Z",
  "xauusd": 4198.700195,
  "xagusd": 57.507999,
  "fng": {
    "value": 26,
    "classification": "Fear"
  },
  "usd_thb": 32.05
}