{
  "ts": "2026-02-03T06:27:57.871Z",
  "xauusd": 4865.799805,
  "xagusd": 84.644997,
  "fng": {
    "value": 17,
    "classification": "Extreme Fear"
  },
  "usd_thb": 31.45
}