{
  "ts": "2025-09-23T14:56:02.757Z",
  "xauusd": 3774.800049,
  "xagusd": 44.334999,
  "fng": {
    "value": 43,
    "classification": "Fear"
  },
  "usd_thb": 31.88
}