{
  "ts": "2025-08-27T04:25:44.744Z",
  "xauusd": 3379.800049,
  "xagusd": 38.546001,
  "fng": {
    "value": 51,
    "classification": "Neutral"
  },
  "usd_thb": 32.54
}