{
  "ts": "2025-08-18T23:59:20.700Z",
  "xauusd": 3332.100098,
  "xagusd": 38.117001,
  "fng": {
    "value": 60,
    "classification": "Greed"
  },
  "usd_thb": 32.52
}