{
  "ts": "2025-09-22T18:58:32.372Z",
  "xauusd": 3748.800049,
  "xagusd": 44.123001,
  "fng": {
    "value": 45,
    "classification": "Fear"
  },
  "usd_thb": 31.75
}