{
  "ts": "2026-04-01T20:57:40.867Z",
  "xauusd": 4758.299805,
  "xagusd": 75.169998,
  "fng": {
    "value": 8,
    "classification": "Extreme Fear"
  },
  "usd_thb": 32.62
}