{
  "ts": "2025-10-01T17:51:07.372Z",
  "xauusd": 3863.199951,
  "xagusd": 47.471001,
  "fng": {
    "value": 49,
    "classification": "Neutral"
  },
  "usd_thb": 32.44
}