{
  "ts": "2025-10-24T07:51:07.210Z",
  "xauusd": 4084.800049,
  "xagusd": 48.303001,
  "fng": {
    "value": 30,
    "classification": "Fear"
  },
  "usd_thb": 32.76
}