{
  "ts": "2026-04-28T07:17:58.399Z",
  "xauusd": 4633.899902,
  "xagusd": 73.552002,
  "fng": {
    "value": 33,
    "classification": "Fear"
  },
  "usd_thb": 32.48
}