{
  "ts": "2025-12-17T15:38:36.268Z",
  "xauusd": 4336.799805,
  "xagusd": 65.794998,
  "fng": {
    "value": 16,
    "classification": "Extreme Fear"
  },
  "usd_thb": 31.24
}