{
  "ts": "2026-03-10T04:20:31.550Z",
  "xauusd": 5164.200195,
  "xagusd": 88.505997,
  "fng": {
    "value": 13,
    "classification": "Extreme Fear"
  },
  "usd_thb": 31.76
}