{
  "ts": "2025-11-11T06:30:49.935Z",
  "xauusd": 4138.899902,
  "xagusd": 50.977001,
  "fng": {
    "value": 26,
    "classification": "Fear"
  },
  "usd_thb": 32.4
}