{
  "ts": "2025-08-25T19:28:28.039Z",
  "xauusd": 3369.300049,
  "xagusd": 38.688999,
  "fng": {
    "value": 47,
    "classification": "Neutral"
  },
  "usd_thb": 32.48
}