{
  "ts": "2025-11-26T20:23:56.251Z",
  "xauusd": 4166.200195,
  "xagusd": 53.373001,
  "fng": {
    "value": 15,
    "classification": "Extreme Fear"
  },
  "usd_thb": 32.21
}