{
  "ts": "2026-07-02T00:17:28.796Z",
  "xauusd": 4044.300049,
  "xagusd": 59.536999,
  "fng": {
    "value": 19,
    "classification": "Extreme Fear"
  },
  "usd_thb": 33.33
}