{
  "ts": "2026-03-24T22:44:22.165Z",
  "xauusd": 4470.299805,
  "xagusd": 71.456001,
  "fng": {
    "value": 11,
    "classification": "Extreme Fear"
  },
  "usd_thb": 32.45
}