{
  "ts": "2026-06-11T19:24:32.349Z",
  "xauusd": 4190.100098,
  "xagusd": 66.929001,
  "fng": {
    "value": 12,
    "classification": "Extreme Fear"
  },
  "usd_thb": 32.77
}