{
  "ts": "2025-11-25T17:49:39.838Z",
  "xauusd": 4153.100098,
  "xagusd": 51.452999,
  "fng": {
    "value": 20,
    "classification": "Extreme Fear"
  },
  "usd_thb": 32.25
}