{
  "ts": "2025-11-06T19:58:50.518Z",
  "xauusd": 3987.600098,
  "xagusd": 48.264999,
  "fng": {
    "value": 27,
    "classification": "Fear"
  },
  "usd_thb": 32.4
}