{
  "ts": "2026-04-21T17:43:09.058Z",
  "xauusd": 4711.700195,
  "xagusd": 76.898003,
  "fng": {
    "value": 33,
    "classification": "Fear"
  },
  "usd_thb": 32.17
}