{
  "ts": "2025-08-15T18:51:14.559Z",
  "xauusd": 3336.699951,
  "xagusd": 38.036999,
  "fng": {
    "value": 60,
    "classification": "Greed"
  },
  "usd_thb": 32.47
}