{
  "ts": "2026-05-27T19:23:05.919Z",
  "xauusd": 4451.899902,
  "xagusd": 74.851997,
  "fng": {
    "value": 25,
    "classification": "Extreme Fear"
  },
  "usd_thb": 32.6
}