{
  "ts": "2025-11-14T20:26:13.135Z",
  "xauusd": 4079.899902,
  "xagusd": 50.620998,
  "fng": {
    "value": 16,
    "classification": "Extreme Fear"
  },
  "usd_thb": 32.44
}