{
  "ts": "2026-03-05T23:29:22.784Z",
  "xauusd": 5091.299805,
  "xagusd": 82.679001,
  "fng": {
    "value": 22,
    "classification": "Extreme Fear"
  },
  "usd_thb": 31.72
}