{
  "ts": "2025-12-26T15:29:00.836Z",
  "xauusd": 4533.600098,
  "xagusd": 75.681999,
  "fng": {
    "value": 20,
    "classification": "Extreme Fear"
  },
  "usd_thb": 30.99
}