{
  "ts": "2026-03-09T08:53:04.495Z",
  "xauusd": 5100.299805,
  "xagusd": 83.855003,
  "fng": {
    "value": 8,
    "classification": "Extreme Fear"
  },
  "usd_thb": 32.12
}