{
  "ts": "2025-11-24T21:20:01.908Z",
  "xauusd": 4133.899902,
  "xagusd": 51.432999,
  "fng": {
    "value": 19,
    "classification": "Extreme Fear"
  },
  "usd_thb": 32.37
}