{
  "ts": "2026-02-16T00:00:12.969Z",
  "xauusd": 5021.299805,
  "xagusd": 76.355003,
  "fng": {
    "value": 12,
    "classification": "Extreme Fear"
  },
  "usd_thb": 31.03
}