{
  "ts": "2025-08-21T11:28:10.880Z",
  "xauusd": 3331.800049,
  "xagusd": 37.720001,
  "fng": {
    "value": 50,
    "classification": "Neutral"
  },
  "usd_thb": 32.63
}