{
  "ts": "2025-11-27T05:59:26.392Z",
  "xauusd": 4148.200195,
  "xagusd": 52.983002,
  "fng": {
    "value": 22,
    "classification": "Extreme Fear"
  },
  "usd_thb": 32.21
}