{
  "ts": "2025-08-29T17:32:18.405Z",
  "xauusd": 3449.399902,
  "xagusd": 39.865002,
  "fng": {
    "value": 50,
    "classification": "Neutral"
  },
  "usd_thb": 32.29
}