{
  "ts": "2026-01-23T11:45:18.731Z",
  "xauusd": 4925.600098,
  "xagusd": 98.927002,
  "fng": {
    "value": 24,
    "classification": "Extreme Fear"
  },
  "usd_thb": 31.204
}