{
  "ts": "2026-03-05T11:25:58.479Z",
  "xauusd": 5165.700195,
  "xagusd": 84.523003,
  "fng": {
    "value": 22,
    "classification": "Extreme Fear"
  },
  "usd_thb": 31.56
}