{
  "ts": "2025-09-17T05:46:51.916Z",
  "xauusd": 3679.300049,
  "xagusd": 41.990002,
  "fng": {
    "value": 53,
    "classification": "Neutral"
  },
  "usd_thb": 31.71
}