{
  "ts": "2026-03-26T21:18:38.627Z",
  "xauusd": 4379.200195,
  "xagusd": 68.142998,
  "fng": {
    "value": 10,
    "classification": "Extreme Fear"
  },
  "usd_thb": 32.78
}