{
  "ts": "2026-03-26T22:02:05.281Z",
  "xauusd": 4379.200195,
  "xagusd": 68.142998,
  "fng": {
    "value": 10,
    "classification": "Extreme Fear"
  },
  "usd_thb": 32.63
}