{
  "ts": "2025-09-23T01:43:51.237Z",
  "xauusd": 3758.300049,
  "xagusd": 43.998001,
  "fng": {
    "value": 43,
    "classification": "Fear"
  },
  "usd_thb": 31.77
}