{
  "ts": "2025-11-20T05:47:12.830Z",
  "xauusd": 4069.300049,
  "xagusd": 51.344002,
  "fng": {
    "value": 11,
    "classification": "Extreme Fear"
  },
  "usd_thb": 32.45
}