{
  "ts": "2025-12-05T18:53:09.748Z",
  "xauusd": 4210.700195,
  "xagusd": 58.589001,
  "fng": {
    "value": 28,
    "classification": "Fear"
  },
  "usd_thb": 31.89
}