{
  "ts": "2026-02-26T10:02:08.492Z",
  "xauusd": 5179.700195,
  "xagusd": 87.674004,
  "fng": {
    "value": 11,
    "classification": "Extreme Fear"
  },
  "usd_thb": 31.01
}