{
  "ts": "2026-06-30T08:49:04.377Z",
  "xauusd": 4019.100098,
  "xagusd": 58.651001,
  "fng": {
    "value": 15,
    "classification": "Extreme Fear"
  },
  "usd_thb": 33.22
}