{
  "ts": "2025-08-24T22:33:38.112Z",
  "xauusd": 3368.100098,
  "xagusd": 38.960999,
  "fng": {
    "value": 53,
    "classification": "Neutral"
  },
  "usd_thb": 32.29
}