{
  "ts": "2025-09-05T03:53:23.689Z",
  "xauusd": 3558.600098,
  "xagusd": 40.915001,
  "fng": {
    "value": 48,
    "classification": "Neutral"
  },
  "usd_thb": 32.25
}