{
  "ts": "2025-12-22T10:13:23.374Z",
  "xauusd": 4414.399902,
  "xagusd": 69.061996,
  "fng": {
    "value": 25,
    "classification": "Extreme Fear"
  },
  "usd_thb": 31.17
}