{
  "ts": "2026-04-02T08:40:51.080Z",
  "xauusd": 4640.700195,
  "xagusd": 71.726997,
  "fng": {
    "value": 12,
    "classification": "Extreme Fear"
  },
  "usd_thb": 32.67
}