{
  "ts": "2026-03-05T18:59:00.528Z",
  "xauusd": 5069.899902,
  "xagusd": 81.747002,
  "fng": {
    "value": 22,
    "classification": "Extreme Fear"
  },
  "usd_thb": 31.78
}