{
  "ts": "2025-12-29T05:56:02.137Z",
  "xauusd": 4513.200195,
  "xagusd": 80.067001,
  "fng": {
    "value": 24,
    "classification": "Extreme Fear"
  },
  "usd_thb": 29.28
}