{
  "ts": "2025-10-28T14:36:41.124Z",
  "xauusd": 3949.100098,
  "xagusd": 46.985001,
  "fng": {
    "value": 50,
    "classification": "Neutral"
  },
  "usd_thb": 32.32
}