{
  "ts": "2025-08-21T12:41:31.333Z",
  "xauusd": 3342.300049,
  "xagusd": 37.939999,
  "fng": {
    "value": 50,
    "classification": "Neutral"
  },
  "usd_thb": 32.62
}