{
  "ts": "2025-11-11T08:56:41.065Z",
  "xauusd": 4138.299805,
  "xagusd": 50.771999,
  "fng": {
    "value": 26,
    "classification": "Fear"
  },
  "usd_thb": 32.39
}