{
  "ts": "2026-03-10T22:37:42.235Z",
  "xauusd": 5191.600098,
  "xagusd": 88.637001,
  "fng": {
    "value": 13,
    "classification": "Extreme Fear"
  },
  "usd_thb": 31.55
}