{
  "ts": "2025-09-18T08:20:13.687Z",
  "xauusd": 3655.899902,
  "xagusd": 41.764999,
  "fng": {
    "value": 52,
    "classification": "Neutral"
  },
  "usd_thb": 31.84
}