{
  "ts": "2025-09-10T08:56:55.707Z",
  "xauusd": 3646.800049,
  "xagusd": 41.150002,
  "fng": {
    "value": 49,
    "classification": "Neutral"
  },
  "usd_thb": 31.8
}