{
  "ts": "2025-11-13T10:38:34.785Z",
  "xauusd": 4230.399902,
  "xagusd": 54.046001,
  "fng": {
    "value": 15,
    "classification": "Extreme Fear"
  },
  "usd_thb": 32.3
}