{
  "ts": "2025-11-03T09:17:49.242Z",
  "xauusd": 4017.600098,
  "xagusd": 48.874001,
  "fng": {
    "value": 42,
    "classification": "Fear"
  },
  "usd_thb": 32.43
}