{
  "ts": "2026-02-12T23:17:35.210Z",
  "xauusd": 4918.200195,
  "xagusd": 75.285004,
  "fng": {
    "value": 5,
    "classification": "Extreme Fear"
  },
  "usd_thb": 31.02
}