{
  "ts": "2026-01-15T16:02:47.717Z",
  "xauusd": 4613.100098,
  "xagusd": 90.526001,
  "fng": {
    "value": 61,
    "classification": "Greed"
  },
  "usd_thb": 31.33
}