{
  "ts": "2026-01-23T20:43:52.419Z",
  "xauusd": 4983.100098,
  "xagusd": 102.467003,
  "fng": {
    "value": 24,
    "classification": "Extreme Fear"
  },
  "usd_thb": 30.974
}