{
  "ts": "2025-10-14T05:38:36.205Z",
  "xauusd": 4163.899902,
  "xagusd": 53.470001,
  "fng": {
    "value": 38,
    "classification": "Fear"
  },
  "usd_thb": 32.56
}