{
  "ts": "2025-11-20T10:37:58.664Z",
  "xauusd": 4065.600098,
  "xagusd": 50.988998,
  "fng": {
    "value": 11,
    "classification": "Extreme Fear"
  },
  "usd_thb": 32.43
}