{
  "ts": "2026-05-07T15:35:48.682Z",
  "xauusd": 4745.700195,
  "xagusd": 81.370003,
  "fng": {
    "value": 47,
    "classification": "Neutral"
  },
  "usd_thb": 32.07
}