{
  "ts": "2026-04-30T17:57:50.334Z",
  "xauusd": 4617.399902,
  "xagusd": 73.721001,
  "fng": {
    "value": 29,
    "classification": "Fear"
  },
  "usd_thb": 32.48
}