{
  "ts": "2025-11-07T14:58:59.773Z",
  "xauusd": 3993.699951,
  "xagusd": 48.369999,
  "fng": {
    "value": 24,
    "classification": "Extreme Fear"
  },
  "usd_thb": 32.34
}