{
  "ts": "2025-11-13T06:55:31.539Z",
  "xauusd": 4209.600098,
  "xagusd": 54.169998,
  "fng": {
    "value": 15,
    "classification": "Extreme Fear"
  },
  "usd_thb": 32.36
}