{
  "ts": "2026-05-08T10:58:30.075Z",
  "xauusd": 4719.100098,
  "xagusd": 80.662003,
  "fng": {
    "value": 38,
    "classification": "Fear"
  },
  "usd_thb": 32.18
}