{
  "ts": "2026-01-29T20:30:56.701Z",
  "xauusd": 5320.100098,
  "xagusd": 114.151001,
  "fng": {
    "value": 26,
    "classification": "Fear"
  },
  "usd_thb": 31.3
}