{
  "ts": "2026-06-05T20:23:40.980Z",
  "xauusd": 4319.399902,
  "xagusd": 67.797997,
  "fng": {
    "value": 12,
    "classification": "Extreme Fear"
  },
  "usd_thb": 32.79
}