{
  "ts": "2025-08-19T23:19:48.657Z",
  "xauusd": 3316.199951,
  "xagusd": 37.424999,
  "fng": {
    "value": 56,
    "classification": "Greed"
  },
  "usd_thb": 32.58
}