{
  "ts": "2025-11-14T13:28:10.901Z",
  "xauusd": 4062.399902,
  "xagusd": 50.799999,
  "fng": {
    "value": 16,
    "classification": "Extreme Fear"
  },
  "usd_thb": 32.37
}