{
  "ts": "2025-08-18T01:15:31.615Z",
  "xauusd": 3343.800049,
  "xagusd": 38.143002,
  "fng": {
    "value": 60,
    "classification": "Greed"
  },
  "usd_thb": 32.44
}