{
  "ts": "2026-02-11T18:11:58.191Z",
  "xauusd": 5080.899902,
  "xagusd": 84.214996,
  "fng": {
    "value": 11,
    "classification": "Extreme Fear"
  },
  "usd_thb": 31.02
}