{
  "ts": "2025-09-12T11:26:42.490Z",
  "xauusd": 3650.300049,
  "xagusd": 42.279999,
  "fng": {
    "value": 57,
    "classification": "Greed"
  },
  "usd_thb": 31.72
}