{
  "ts": "2025-10-28T09:57:55.389Z",
  "xauusd": 3900.300049,
  "xagusd": 45.919998,
  "fng": {
    "value": 50,
    "classification": "Neutral"
  },
  "usd_thb": 32.44
}