{
  "ts": "2026-01-07T16:58:56.395Z",
  "xauusd": 4464.799805,
  "xagusd": 78.845001,
  "fng": {
    "value": 42,
    "classification": "Fear"
  },
  "usd_thb": 31.31
}