{
  "ts": "2025-10-14T04:26:35.552Z",
  "xauusd": 4162.600098,
  "xagusd": 53.242001,
  "fng": {
    "value": 38,
    "classification": "Fear"
  },
  "usd_thb": 32.53
}