{
  "ts": "2025-12-26T18:20:12.277Z",
  "xauusd": 4519.600098,
  "xagusd": 76.639999,
  "fng": {
    "value": 20,
    "classification": "Extreme Fear"
  },
  "usd_thb": 30.99
}