{
  "ts": "2025-08-26T21:46:30.478Z",
  "xauusd": 3394.399902,
  "xagusd": 38.679001,
  "fng": {
    "value": 48,
    "classification": "Neutral"
  },
  "usd_thb": 32.44
}