{
  "ts": "2025-11-28T17:35:04.296Z",
  "xauusd": 4210.399902,
  "xagusd": 56.338001,
  "fng": {
    "value": 25,
    "classification": "Extreme Fear"
  },
  "usd_thb": 32.12
}