{
  "ts": "2025-09-08T11:34:28.913Z",
  "xauusd": 3616.699951,
  "xagusd": 41.268002,
  "fng": {
    "value": 51,
    "classification": "Neutral"
  },
  "usd_thb": 31.77
}