{
  "ts": "2025-10-22T05:11:48.967Z",
  "xauusd": 4140.399902,
  "xagusd": 49.008999,
  "fng": {
    "value": 25,
    "classification": "Extreme Fear"
  },
  "usd_thb": 32.75
}