{
  "ts": "2025-11-11T23:40:58.489Z",
  "xauusd": 4141.799805,
  "xagusd": 51.373001,
  "fng": {
    "value": 26,
    "classification": "Fear"
  },
  "usd_thb": 32.36
}