{
  "ts": "2025-10-15T08:57:16.978Z",
  "xauusd": 4215.799805,
  "xagusd": 53.057999,
  "fng": {
    "value": 34,
    "classification": "Fear"
  },
  "usd_thb": 32.49
}