{
  "ts": "2025-08-18T04:08:01.214Z",
  "xauusd": 3350.199951,
  "xagusd": 38.182999,
  "fng": {
    "value": 60,
    "classification": "Greed"
  },
  "usd_thb": 32.41
}