{
  "ts": "2026-01-02T21:31:02.283Z",
  "xauusd": 4329.399902,
  "xagusd": 72.485001,
  "fng": {
    "value": 28,
    "classification": "Fear"
  },
  "usd_thb": 31.45
}