{
  "ts": "2026-03-09T05:11:22.488Z",
  "xauusd": 5097.100098,
  "xagusd": 83.301003,
  "fng": {
    "value": 8,
    "classification": "Extreme Fear"
  },
  "usd_thb": 32.11
}