{
  "ts": "2025-11-07T07:26:01.170Z",
  "xauusd": 4007.399902,
  "xagusd": 48.720001,
  "fng": {
    "value": 24,
    "classification": "Extreme Fear"
  },
  "usd_thb": 32.33
}