{
  "ts": "2025-11-14T08:58:30.495Z",
  "xauusd": 4173.100098,
  "xagusd": 52.813999,
  "fng": {
    "value": 16,
    "classification": "Extreme Fear"
  },
  "usd_thb": 32.37
}