{
  "ts": "2026-05-12T20:50:49.227Z",
  "xauusd": 4716.299805,
  "xagusd": 86.721001,
  "fng": {
    "value": 49,
    "classification": "Neutral"
  },
  "usd_thb": 32.33
}