{
  "ts": "2026-01-09T01:10:20.757Z",
  "xauusd": 4457.100098,
  "xagusd": 75.674004,
  "fng": {
    "value": 27,
    "classification": "Fear"
  },
  "usd_thb": 31.4
}