{
  "ts": "2025-09-11T18:58:19.655Z",
  "xauusd": 3633.899902,
  "xagusd": 41.575001,
  "fng": {
    "value": 54,
    "classification": "Neutral"
  },
  "usd_thb": 31.7
}