{
  "ts": "2025-11-11T17:37:55.917Z",
  "xauusd": 4112.899902,
  "xagusd": 50.868999,
  "fng": {
    "value": 26,
    "classification": "Fear"
  },
  "usd_thb": 32.42
}