{
  "ts": "2025-12-11T18:56:13.415Z",
  "xauusd": 4276.200195,
  "xagusd": 64.030998,
  "fng": {
    "value": 29,
    "classification": "Fear"
  },
  "usd_thb": 31.62
}