{
  "ts": "2026-01-22T18:48:32.191Z",
  "xauusd": 4913.799805,
  "xagusd": 96.254997,
  "fng": {
    "value": 20,
    "classification": "Extreme Fear"
  },
  "usd_thb": 31.079
}