{
  "ts": "2025-12-11T11:35:43.417Z",
  "xauusd": 4214.600098,
  "xagusd": 62.303001,
  "fng": {
    "value": 29,
    "classification": "Fear"
  },
  "usd_thb": 31.74
}