{
  "ts": "2025-10-20T08:43:21.952Z",
  "xauusd": 4259.899902,
  "xagusd": 52.134998,
  "fng": {
    "value": 29,
    "classification": "Fear"
  },
  "usd_thb": 32.72
}