{
  "ts": "2026-02-23T12:29:48.494Z",
  "xauusd": 5146.899902,
  "xagusd": 86.685997,
  "fng": {
    "value": 5,
    "classification": "Extreme Fear"
  },
  "usd_thb": 31.03
}