{
  "ts": "2025-10-10T11:55:34.388Z",
  "xauusd": 3992.199951,
  "xagusd": 50.203999,
  "fng": {
    "value": 64,
    "classification": "Greed"
  },
  "usd_thb": 32.7
}