{
  "ts": "2025-10-31T15:47:47.431Z",
  "xauusd": 4018.800049,
  "xagusd": 48.970001,
  "fng": {
    "value": 29,
    "classification": "Fear"
  },
  "usd_thb": 32.34
}