{
  "ts": "2025-09-19T13:46:14.719Z",
  "xauusd": 3657.899902,
  "xagusd": 42.176998,
  "fng": {
    "value": 53,
    "classification": "Neutral"
  },
  "usd_thb": 31.86
}