{
  "ts": "2025-11-11T15:46:44.905Z",
  "xauusd": 4110.399902,
  "xagusd": 50.442001,
  "fng": {
    "value": 26,
    "classification": "Fear"
  },
  "usd_thb": 32.44
}