{
  "ts": "2025-12-22T13:44:15.798Z",
  "xauusd": 4424.399902,
  "xagusd": 69.073997,
  "fng": {
    "value": 25,
    "classification": "Extreme Fear"
  },
  "usd_thb": 31.14
}