{
  "ts": "2025-09-09T18:55:20.735Z",
  "xauusd": 3641.100098,
  "xagusd": 41.033001,
  "fng": {
    "value": 48,
    "classification": "Neutral"
  },
  "usd_thb": 31.76
}