{
  "ts": "2025-10-13T18:58:47.622Z",
  "xauusd": 4106.700195,
  "xagusd": 52.134998,
  "fng": {
    "value": 38,
    "classification": "Fear"
  },
  "usd_thb": 32.62
}