{
  "ts": "2025-10-13T16:52:56.641Z",
  "xauusd": 4113.100098,
  "xagusd": 52.102001,
  "fng": {
    "value": 38,
    "classification": "Fear"
  },
  "usd_thb": 32.52
}