{
  "ts": "2026-02-11T20:00:31.298Z",
  "xauusd": 5082.200195,
  "xagusd": 84.292999,
  "fng": {
    "value": 11,
    "classification": "Extreme Fear"
  },
  "usd_thb": 31
}