{
  "ts": "2026-06-04T20:12:44.714Z",
  "xauusd": 4479.600098,
  "xagusd": 74.122002,
  "fng": {
    "value": 12,
    "classification": "Extreme Fear"
  },
  "usd_thb": 32.65
}