{
  "ts": "2026-05-01T15:11:57.980Z",
  "xauusd": 4627.600098,
  "xagusd": 75.584999,
  "fng": {
    "value": 26,
    "classification": "Fear"
  },
  "usd_thb": 32.35
}