{
  "ts": "2025-10-09T23:31:55.113Z",
  "xauusd": 3984.199951,
  "xagusd": 49.243999,
  "fng": {
    "value": 70,
    "classification": "Greed"
  },
  "usd_thb": 32.79
}