{
  "ts": "2025-09-25T14:48:35.936Z",
  "xauusd": 3729.100098,
  "xagusd": 44.633999,
  "fng": {
    "value": 44,
    "classification": "Fear"
  },
  "usd_thb": 32.26
}