{
  "ts": "2025-08-21T10:45:10.704Z",
  "xauusd": 3335.800049,
  "xagusd": 37.723999,
  "fng": {
    "value": 50,
    "classification": "Neutral"
  },
  "usd_thb": 32.62
}