{
  "ts": "2026-04-29T14:26:51.936Z",
  "xauusd": 4537.700195,
  "xagusd": 72.100998,
  "fng": {
    "value": 26,
    "classification": "Fear"
  },
  "usd_thb": 32.68
}