{
  "ts": "2026-03-17T22:18:49.977Z",
  "xauusd": 5003.399902,
  "xagusd": 79.296997,
  "fng": {
    "value": 28,
    "classification": "Fear"
  },
  "usd_thb": 32.3
}