{
  "ts": "2025-08-20T17:53:48.294Z",
  "xauusd": 3348.800049,
  "xagusd": 37.876999,
  "fng": {
    "value": 44,
    "classification": "Fear"
  },
  "usd_thb": 32.55
}