{
  "ts": "2025-09-09T20:51:47.193Z",
  "xauusd": 3629.800049,
  "xagusd": 40.953999,
  "fng": {
    "value": 48,
    "classification": "Neutral"
  },
  "usd_thb": 31.76
}