{
  "ts": "2026-01-30T21:35:20.847Z",
  "xauusd": 4876.899902,
  "xagusd": 84.959999,
  "fng": {
    "value": 16,
    "classification": "Extreme Fear"
  },
  "usd_thb": 31.559
}