{
  "ts": "2025-11-27T00:57:58.609Z",
  "xauusd": 4163.700195,
  "xagusd": 53.370998,
  "fng": {
    "value": 22,
    "classification": "Extreme Fear"
  },
  "usd_thb": 32.2
}