{
  "ts": "2025-09-17T17:34:14.366Z",
  "xauusd": 3684.800049,
  "xagusd": 41.889999,
  "fng": {
    "value": 53,
    "classification": "Neutral"
  },
  "usd_thb": 31.7
}