{
  "ts": "2026-02-26T19:24:25.200Z",
  "xauusd": 5188.700195,
  "xagusd": 88.106003,
  "fng": {
    "value": 11,
    "classification": "Extreme Fear"
  },
  "usd_thb": 31.06
}