{
  "ts": "2025-10-16T11:22:49.690Z",
  "xauusd": 4245.799805,
  "xagusd": 53.203999,
  "fng": {
    "value": 28,
    "classification": "Fear"
  },
  "usd_thb": 32.54
}