{
  "ts": "2025-10-23T07:43:37.213Z",
  "xauusd": 4105.100098,
  "xagusd": 49.175999,
  "fng": {
    "value": 27,
    "classification": "Fear"
  },
  "usd_thb": 32.8
}