{
  "ts": "2025-09-25T15:22:45.152Z",
  "xauusd": 3737.399902,
  "xagusd": 44.898998,
  "fng": {
    "value": 44,
    "classification": "Fear"
  },
  "usd_thb": 32.24
}