{
  "ts": "2025-09-25T19:22:49.866Z",
  "xauusd": 3754.800049,
  "xagusd": 45.207001,
  "fng": {
    "value": 44,
    "classification": "Fear"
  },
  "usd_thb": 32.2
}