{
  "ts": "2025-09-15T16:16:29.344Z",
  "xauusd": 3682.300049,
  "xagusd": 42.647999,
  "fng": {
    "value": 53,
    "classification": "Neutral"
  },
  "usd_thb": 31.81
}