{
  "ts": "2025-10-07T22:59:06.706Z",
  "xauusd": 3990.399902,
  "xagusd": 47.924999,
  "fng": {
    "value": 70,
    "classification": "Greed"
  },
  "usd_thb": 32.5
}