{
  "ts": "2025-09-24T14:35:06.186Z",
  "xauusd": 3755.899902,
  "xagusd": 44.040001,
  "fng": {
    "value": 44,
    "classification": "Fear"
  },
  "usd_thb": 32.07
}