{
  "ts": "2026-02-01T23:43:34.163Z",
  "xauusd": 4776.700195,
  "xagusd": 81.966003,
  "fng": {
    "value": 14,
    "classification": "Extreme Fear"
  },
  "usd_thb": 31.54
}