{
  "ts": "2026-01-19T23:57:23.656Z",
  "xauusd": 4666.799805,
  "xagusd": 93.954002,
  "fng": {
    "value": 44,
    "classification": "Fear"
  },
  "usd_thb": 31.246
}