{
  "ts": "2025-11-18T17:00:19.455Z",
  "xauusd": 4067.199951,
  "xagusd": 50.726002,
  "fng": {
    "value": 11,
    "classification": "Extreme Fear"
  },
  "usd_thb": 32.37
}