{
  "ts": "2025-09-03T12:58:38.963Z",
  "xauusd": 3550.699951,
  "xagusd": 41.016998,
  "fng": {
    "value": 55,
    "classification": "Greed"
  },
  "usd_thb": 32.31
}