{
  "ts": "2025-11-20T07:00:24.540Z",
  "xauusd": 4069.100098,
  "xagusd": 51.240002,
  "fng": {
    "value": 11,
    "classification": "Extreme Fear"
  },
  "usd_thb": 32.44
}