{
  "ts": "2026-02-24T19:36:40.555Z",
  "xauusd": 5154.600098,
  "xagusd": 87.132004,
  "fng": {
    "value": 8,
    "classification": "Extreme Fear"
  },
  "usd_thb": 31.04
}