{
  "ts": "2025-09-12T17:16:11.023Z",
  "xauusd": 3651.100098,
  "xagusd": 42.380001,
  "fng": {
    "value": 57,
    "classification": "Greed"
  },
  "usd_thb": 31.72
}