{
  "ts": "2025-12-26T01:27:46.869Z",
  "xauusd": 4516.100098,
  "xagusd": 74.906998,
  "fng": {
    "value": 20,
    "classification": "Extreme Fear"
  },
  "usd_thb": 30.98
}