{
  "ts": "2025-12-10T19:38:40.738Z",
  "xauusd": 4203.100098,
  "xagusd": 60.542999,
  "fng": {
    "value": 26,
    "classification": "Fear"
  },
  "usd_thb": 31.8
}