{
  "ts": "2025-09-30T03:54:08.826Z",
  "xauusd": 3865.800049,
  "xagusd": 46.999001,
  "fng": {
    "value": 50,
    "classification": "Neutral"
  },
  "usd_thb": 32.36
}