{
  "ts": "2026-05-13T22:10:37.256Z",
  "xauusd": 4692.799805,
  "xagusd": 87.814003,
  "fng": {
    "value": 42,
    "classification": "Fear"
  },
  "usd_thb": 32.31
}