{
  "ts": "2025-11-10T16:59:23.049Z",
  "xauusd": 4096.299805,
  "xagusd": 50.148998,
  "fng": {
    "value": 29,
    "classification": "Fear"
  },
  "usd_thb": 32.32
}