{
  "ts": "2026-03-30T10:42:28.456Z",
  "xauusd": 4532.799805,
  "xagusd": 70.925003,
  "fng": {
    "value": 8,
    "classification": "Extreme Fear"
  },
  "usd_thb": 32.84
}