{
  "ts": "2026-04-16T21:11:24.318Z",
  "xauusd": 4791.299805,
  "xagusd": 78.552002,
  "fng": {
    "value": 23,
    "classification": "Extreme Fear"
  },
  "usd_thb": 31.99
}