{
  "ts": "2025-08-14T01:42:01.683Z",
  "xauusd": 3366.300049,
  "xagusd": 38.610001,
  "fng": {
    "value": 75,
    "classification": "Greed"
  },
  "usd_thb": 32.25
}