{
  "ts": "2025-09-19T13:55:00.077Z",
  "xauusd": 3661.399902,
  "xagusd": 42.325001,
  "fng": {
    "value": 53,
    "classification": "Neutral"
  },
  "usd_thb": 31.85
}