{
  "ts": "2026-04-13T14:03:19.833Z",
  "xauusd": 4730.200195,
  "xagusd": 74.428001,
  "fng": {
    "value": 12,
    "classification": "Extreme Fear"
  },
  "usd_thb": 32.13
}