{
  "ts": "2025-12-09T08:46:50.786Z",
  "xauusd": 4191.399902,
  "xagusd": 58.389999,
  "fng": {
    "value": 22,
    "classification": "Extreme Fear"
  },
  "usd_thb": 31.85
}