{
  "ts": "2025-11-21T16:23:49.607Z",
  "xauusd": 4068.800049,
  "xagusd": 49.887001,
  "fng": {
    "value": 14,
    "classification": "Extreme Fear"
  },
  "usd_thb": 32.44
}