{
  "ts": "2025-09-07T23:57:11.810Z",
  "xauusd": 3594.300049,
  "xagusd": 40.896999,
  "fng": {
    "value": 44,
    "classification": "Fear"
  },
  "usd_thb": 32.08
}