{
  "ts": "2025-08-22T16:11:45.631Z",
  "xauusd": 3373.600098,
  "xagusd": 39.051998,
  "fng": {
    "value": 50,
    "classification": "Neutral"
  },
  "usd_thb": 32.36
}