{
  "ts": "2025-11-25T19:39:32.403Z",
  "xauusd": 4132.299805,
  "xagusd": 51.132999,
  "fng": {
    "value": 20,
    "classification": "Extreme Fear"
  },
  "usd_thb": 32.23
}