{
  "ts": "2026-06-26T20:54:17.986Z",
  "xauusd": 4079.300049,
  "xagusd": 58.884998,
  "fng": {
    "value": 13,
    "classification": "Extreme Fear"
  },
  "usd_thb": 33.3
}