{
  "ts": "2025-08-20T18:58:03.348Z",
  "xauusd": 3346.600098,
  "xagusd": 37.889999,
  "fng": {
    "value": 44,
    "classification": "Fear"
  },
  "usd_thb": 32.54
}