{
  "ts": "2025-12-17T07:23:22.126Z",
  "xauusd": 4321.899902,
  "xagusd": 65.836998,
  "fng": {
    "value": 16,
    "classification": "Extreme Fear"
  },
  "usd_thb": 31.5
}