{
  "ts": "2025-11-14T04:44:54.412Z",
  "xauusd": 4202.600098,
  "xagusd": 53.119999,
  "fng": {
    "value": 16,
    "classification": "Extreme Fear"
  },
  "usd_thb": 32.32
}