{
  "ts": "2025-09-18T14:14:49.004Z",
  "xauusd": 3644.399902,
  "xagusd": 41.799999,
  "fng": {
    "value": 52,
    "classification": "Neutral"
  },
  "usd_thb": 31.88
}