{
  "ts": "2026-01-21T19:32:00.272Z",
  "xauusd": 4806.600098,
  "xagusd": 91.691002,
  "fng": {
    "value": 24,
    "classification": "Extreme Fear"
  },
  "usd_thb": 31.227
}