{
  "ts": "2026-01-26T05:58:07.253Z",
  "xauusd": 5073.799805,
  "xagusd": 107.668999,
  "fng": {
    "value": 20,
    "classification": "Extreme Fear"
  },
  "usd_thb": 31.073
}