{
  "ts": "2025-09-30T21:19:40.447Z",
  "xauusd": 3859.699951,
  "xagusd": 46.693001,
  "fng": {
    "value": 50,
    "classification": "Neutral"
  },
  "usd_thb": 32.45
}