{
  "ts": "2026-07-04T19:48:24.802Z",
  "xauusd": 4176.100098,
  "xagusd": 62.516998,
  "fng": {
    "value": 22,
    "classification": "Extreme Fear"
  },
  "usd_thb": 33.14
}