{
  "ts": "2026-01-16T17:54:35.802Z",
  "xauusd": 4584.100098,
  "xagusd": 88.941002,
  "fng": {
    "value": 49,
    "classification": "Neutral"
  },
  "usd_thb": 31.41
}