{
  "ts": "2025-09-09T08:42:18.292Z",
  "xauusd": 3645.899902,
  "xagusd": 41.287998,
  "fng": {
    "value": 48,
    "classification": "Neutral"
  },
  "usd_thb": 31.67
}