{
  "ts": "2026-01-21T16:17:38.219Z",
  "xauusd": 4850.299805,
  "xagusd": 93.939003,
  "fng": {
    "value": 24,
    "classification": "Extreme Fear"
  },
  "usd_thb": 31.15
}