{
  "ts": "2026-05-08T18:18:27.591Z",
  "xauusd": 4728.200195,
  "xagusd": 80.948997,
  "fng": {
    "value": 38,
    "classification": "Fear"
  },
  "usd_thb": 32.16
}