{
  "ts": "2026-03-13T07:11:31.556Z",
  "xauusd": 5091.700195,
  "xagusd": 82.755997,
  "fng": {
    "value": 15,
    "classification": "Extreme Fear"
  },
  "usd_thb": 32.23
}