{
  "ts": "2025-10-07T20:52:45.727Z",
  "xauusd": 3986.199951,
  "xagusd": 47.848999,
  "fng": {
    "value": 70,
    "classification": "Greed"
  },
  "usd_thb": 32.51
}