{
  "ts": "2026-01-15T02:56:24.793Z",
  "xauusd": 4599.799805,
  "xagusd": 88.614998,
  "fng": {
    "value": 61,
    "classification": "Greed"
  },
  "usd_thb": 31.49
}