{
  "ts": "2025-09-26T10:37:47.084Z",
  "xauusd": 3749.100098,
  "xagusd": 45.082001,
  "fng": {
    "value": 28,
    "classification": "Fear"
  },
  "usd_thb": 32.24
}