{
  "ts": "2026-01-12T17:28:40.402Z",
  "xauusd": 4616.899902,
  "xagusd": 85.866997,
  "fng": {
    "value": 27,
    "classification": "Fear"
  },
  "usd_thb": 31.17
}