{
  "ts": "2025-10-30T07:58:37.927Z",
  "xauusd": 3959.199951,
  "xagusd": 47.598999,
  "fng": {
    "value": 34,
    "classification": "Fear"
  },
  "usd_thb": 32.44
}