{
  "ts": "2025-11-03T04:36:54.809Z",
  "xauusd": 4006.899902,
  "xagusd": 48.852001,
  "fng": {
    "value": 42,
    "classification": "Fear"
  },
  "usd_thb": 32.41
}