{
  "ts": "2025-08-28T10:23:26.828Z",
  "xauusd": 3396.199951,
  "xagusd": 38.981998,
  "fng": {
    "value": 48,
    "classification": "Neutral"
  },
  "usd_thb": 32.36
}