{
  "ts": "2025-08-17T23:54:17.773Z",
  "xauusd": 3327.300049,
  "xagusd": 37.914001,
  "fng": {
    "value": 64,
    "classification": "Greed"
  },
  "usd_thb": 32.44
}