{
  "ts": "2025-11-17T20:59:09.072Z",
  "xauusd": 4041.899902,
  "xagusd": 50.153999,
  "fng": {
    "value": 14,
    "classification": "Extreme Fear"
  },
  "usd_thb": 32.43
}