{
  "ts": "2026-02-27T19:05:30.577Z",
  "xauusd": 5251.600098,
  "xagusd": 93.593002,
  "fng": {
    "value": 13,
    "classification": "Extreme Fear"
  },
  "usd_thb": 31.04
}