{
  "ts": "2025-11-06T01:13:02.310Z",
  "xauusd": 3968.737549,
  "xagusd": 47.890999,
  "fng": {
    "value": 27,
    "classification": "Fear"
  },
  "usd_thb": 32.44
}