{
  "ts": "2026-01-23T08:59:39.145Z",
  "xauusd": 4911.299805,
  "xagusd": 98.005997,
  "fng": {
    "value": 24,
    "classification": "Extreme Fear"
  },
  "usd_thb": 31.18
}