{
  "ts": "2025-11-17T13:58:28.446Z",
  "xauusd": 4066.100098,
  "xagusd": 50.662998,
  "fng": {
    "value": 14,
    "classification": "Extreme Fear"
  },
  "usd_thb": 32.47
}