{
  "ts": "2025-10-12T23:29:43.267Z",
  "xauusd": 4053.100098,
  "xagusd": 50.508999,
  "fng": {
    "value": 24,
    "classification": "Extreme Fear"
  },
  "usd_thb": 32.58
}