{
  "ts": "2025-08-20T07:44:40.070Z",
  "xauusd": 3325.300049,
  "xagusd": 37.220001,
  "fng": {
    "value": 44,
    "classification": "Fear"
  },
  "usd_thb": 32.56
}