{
  "ts": "2025-09-08T23:56:44.348Z",
  "xauusd": 3633.199951,
  "xagusd": 41.365002,
  "fng": {
    "value": 51,
    "classification": "Neutral"
  },
  "usd_thb": 31.68
}