{
  "ts": "2026-04-30T11:14:20.567Z",
  "xauusd": 4620.200195,
  "xagusd": 73.925003,
  "fng": {
    "value": 29,
    "classification": "Fear"
  },
  "usd_thb": 32.55
}