{
  "ts": "2025-11-26T19:29:26.591Z",
  "xauusd": 4169.100098,
  "xagusd": 53.344002,
  "fng": {
    "value": 15,
    "classification": "Extreme Fear"
  },
  "usd_thb": 32.22
}