{
  "ts": "2025-10-29T07:16:25.075Z",
  "xauusd": 3996.199951,
  "xagusd": 47.985001,
  "fng": {
    "value": 51,
    "classification": "Neutral"
  },
  "usd_thb": 32.26
}