{
  "ts": "2025-09-30T22:19:42.379Z",
  "xauusd": 3861.399902,
  "xagusd": 46.709999,
  "fng": {
    "value": 50,
    "classification": "Neutral"
  },
  "usd_thb": 32.45
}