{
  "ts": "2026-03-31T22:47:36.512Z",
  "xauusd": 4683.299805,
  "xagusd": 75.495003,
  "fng": {
    "value": 11,
    "classification": "Extreme Fear"
  },
  "usd_thb": 32.55
}