{
  "ts": "2025-11-28T19:26:39.538Z",
  "xauusd": 4218.700195,
  "xagusd": 56.457001,
  "fng": {
    "value": 25,
    "classification": "Extreme Fear"
  },
  "usd_thb": 32.1
}