{
  "ts": "2025-09-11T17:26:30.943Z",
  "xauusd": 3635.800049,
  "xagusd": 41.661999,
  "fng": {
    "value": 54,
    "classification": "Neutral"
  },
  "usd_thb": 31.69
}