{
  "ts": "2025-12-09T19:36:37.539Z",
  "xauusd": 4211.100098,
  "xagusd": 60.779999,
  "fng": {
    "value": 22,
    "classification": "Extreme Fear"
  },
  "usd_thb": 31.84
}