{
  "ts": "2026-04-27T07:26:05.287Z",
  "xauusd": 4718.899902,
  "xagusd": 76.052002,
  "fng": {
    "value": 47,
    "classification": "Neutral"
  },
  "usd_thb": 32.29
}