{
  "ts": "2025-10-29T11:38:52.164Z",
  "xauusd": 4018.100098,
  "xagusd": 48.165001,
  "fng": {
    "value": 51,
    "classification": "Neutral"
  },
  "usd_thb": 32.32
}