{
  "ts": "2025-12-23T16:19:42.340Z",
  "xauusd": 4461.200195,
  "xagusd": 70.196999,
  "fng": {
    "value": 24,
    "classification": "Extreme Fear"
  },
  "usd_thb": 31.11
}