{
  "ts": "2025-09-07T22:48:44.610Z",
  "xauusd": 3594.199951,
  "xagusd": 40.809799,
  "fng": {
    "value": 44,
    "classification": "Fear"
  },
  "usd_thb": 32.1
}