{
  "ts": "2025-10-07T05:34:57.312Z",
  "xauusd": 3964.600098,
  "xagusd": 48.632999,
  "fng": {
    "value": 70,
    "classification": "Greed"
  },
  "usd_thb": 32.47
}