{
  "ts": "2025-09-10T07:28:08.277Z",
  "xauusd": 3648.800049,
  "xagusd": 41.143501,
  "fng": {
    "value": 49,
    "classification": "Neutral"
  },
  "usd_thb": 31.81
}