{
  "ts": "2025-09-03T10:10:51.446Z",
  "xauusd": 3536.100098,
  "xagusd": 40.880001,
  "fng": {
    "value": 55,
    "classification": "Greed"
  },
  "usd_thb": 32.33
}