{
  "ts": "2025-12-26T09:59:27.811Z",
  "xauusd": 4514.299805,
  "xagusd": 74.835999,
  "fng": {
    "value": 20,
    "classification": "Extreme Fear"
  },
  "usd_thb": 30.44
}