{
  "ts": "2025-10-16T10:24:11.358Z",
  "xauusd": 4240.700195,
  "xagusd": 53.037998,
  "fng": {
    "value": 28,
    "classification": "Fear"
  },
  "usd_thb": 32.53
}