{
  "ts": "2025-10-08T08:59:12.518Z",
  "xauusd": 4038.899902,
  "xagusd": 48.806999,
  "fng": {
    "value": 60,
    "classification": "Greed"
  },
  "usd_thb": 32.48
}