{
  "ts": "2025-10-23T23:53:38.322Z",
  "xauusd": 4122.399902,
  "xagusd": 48.868999,
  "fng": {
    "value": 27,
    "classification": "Fear"
  },
  "usd_thb": 32.83
}