{
  "ts": "2026-02-11T17:18:50.564Z",
  "xauusd": 5091.100098,
  "xagusd": 84.445999,
  "fng": {
    "value": 11,
    "classification": "Extreme Fear"
  },
  "usd_thb": 30.99
}