{
  "ts": "2025-08-25T14:27:26.986Z",
  "xauusd": 3372.199951,
  "xagusd": 38.919998,
  "fng": {
    "value": 47,
    "classification": "Neutral"
  },
  "usd_thb": 32.41
}