{
  "ts": "2025-11-05T21:22:17.449Z",
  "xauusd": 3983.800049,
  "xagusd": 48.091999,
  "fng": {
    "value": 23,
    "classification": "Extreme Fear"
  },
  "usd_thb": 32.47
}