{
  "ts": "2025-10-06T13:36:31.415Z",
  "xauusd": 3929.899902,
  "xagusd": 48.542999,
  "fng": {
    "value": 71,
    "classification": "Greed"
  },
  "usd_thb": 32.44
}