{
  "ts": "2025-08-27T20:30:53.808Z",
  "xauusd": 3396.100098,
  "xagusd": 38.509998,
  "fng": {
    "value": 51,
    "classification": "Neutral"
  },
  "usd_thb": 32.39
}