{
  "ts": "2025-09-25T12:45:02.347Z",
  "xauusd": 3739.100098,
  "xagusd": 44.683998,
  "fng": {
    "value": 44,
    "classification": "Fear"
  },
  "usd_thb": 32.21
}