{
  "ts": "2026-04-28T20:09:22.440Z",
  "xauusd": 4598.899902,
  "xagusd": 73.279999,
  "fng": {
    "value": 33,
    "classification": "Fear"
  },
  "usd_thb": 32.5
}