{
  "ts": "2025-08-15T18:26:25.488Z",
  "xauusd": 3338.600098,
  "xagusd": 38.047001,
  "fng": {
    "value": 60,
    "classification": "Greed"
  },
  "usd_thb": 32.46
}