{
  "ts": "2025-12-11T10:17:04.769Z",
  "xauusd": 4221.899902,
  "xagusd": 62.411999,
  "fng": {
    "value": 29,
    "classification": "Fear"
  },
  "usd_thb": 31.75
}