{
  "ts": "2025-10-20T19:46:35.435Z",
  "xauusd": 4370.799805,
  "xagusd": 52.535999,
  "fng": {
    "value": 29,
    "classification": "Fear"
  },
  "usd_thb": 32.56
}