{
  "ts": "2026-01-07T19:53:14.813Z",
  "xauusd": 4455.200195,
  "xagusd": 78.311996,
  "fng": {
    "value": 42,
    "classification": "Fear"
  },
  "usd_thb": 31.32
}