{
  "ts": "2026-05-05T20:45:50.084Z",
  "xauusd": 4556.799805,
  "xagusd": 72.943001,
  "fng": {
    "value": 50,
    "classification": "Neutral"
  },
  "usd_thb": 32.53
}