{
  "ts": "2025-10-03T10:39:07.839Z",
  "xauusd": 3863.600098,
  "xagusd": 47.391998,
  "fng": {
    "value": 63,
    "classification": "Greed"
  },
  "usd_thb": 32.4
}