{
  "ts": "2025-12-03T05:50:33.270Z",
  "xauusd": 4205.700195,
  "xagusd": 57.698002,
  "fng": {
    "value": 28,
    "classification": "Fear"
  },
  "usd_thb": 31.86
}