{
  "ts": "2026-02-22T19:50:14.462Z",
  "xauusd": 5107.899902,
  "xagusd": 84.765999,
  "fng": {
    "value": 9,
    "classification": "Extreme Fear"
  },
  "usd_thb": 31.03
}