{
  "ts": "2025-09-11T12:00:25.538Z",
  "xauusd": 3618.100098,
  "xagusd": 41.094002,
  "fng": {
    "value": 54,
    "classification": "Neutral"
  },
  "usd_thb": 31.81
}