{
  "ts": "2025-11-26T14:42:00.692Z",
  "xauusd": 4153.200195,
  "xagusd": 52.442001,
  "fng": {
    "value": 15,
    "classification": "Extreme Fear"
  },
  "usd_thb": 32.24
}