{
  "ts": "2026-05-04T19:59:53.527Z",
  "xauusd": 4518.100098,
  "xagusd": 72.989998,
  "fng": {
    "value": 40,
    "classification": "Fear"
  },
  "usd_thb": 32.71
}