{
  "ts": "2026-02-04T20:43:09.797Z",
  "xauusd": 4950.299805,
  "xagusd": 87.296997,
  "fng": {
    "value": 14,
    "classification": "Extreme Fear"
  },
  "usd_thb": 31.69
}