{
  "ts": "2025-10-01T23:08:28.279Z",
  "xauusd": 3865.399902,
  "xagusd": 47.313999,
  "fng": {
    "value": 49,
    "classification": "Neutral"
  },
  "usd_thb": 32.39
}