{
  "ts": "2025-11-16T23:14:33.865Z",
  "xauusd": 4102.200195,
  "xagusd": 50.980999,
  "fng": {
    "value": 10,
    "classification": "Extreme Fear"
  },
  "usd_thb": 32.25
}