{
  "ts": "2025-12-01T12:27:00.120Z",
  "xauusd": 4254.200195,
  "xagusd": 57.397999,
  "fng": {
    "value": 24,
    "classification": "Extreme Fear"
  },
  "usd_thb": 32
}