{
  "ts": "2025-12-12T15:15:19.876Z",
  "xauusd": 4344.700195,
  "xagusd": 64.082001,
  "fng": {
    "value": 29,
    "classification": "Fear"
  },
  "usd_thb": 31.51
}