{
  "ts": "2025-10-31T04:48:14.091Z",
  "xauusd": 4002.899902,
  "xagusd": 48.896999,
  "fng": {
    "value": 29,
    "classification": "Fear"
  },
  "usd_thb": 32.32
}