{
  "ts": "2025-09-03T11:35:11.368Z",
  "xauusd": 3548.800049,
  "xagusd": 40.943001,
  "fng": {
    "value": 55,
    "classification": "Greed"
  },
  "usd_thb": 32.37
}