{
  "ts": "2025-09-09T07:54:21.453Z",
  "xauusd": 3644.699951,
  "xagusd": 41.349998,
  "fng": {
    "value": 48,
    "classification": "Neutral"
  },
  "usd_thb": 31.71
}