{
  "ts": "2026-07-21T18:55:11.791Z",
  "xauusd": 4081.899902,
  "xagusd": 58.973999,
  "fng": {
    "value": 25,
    "classification": "Extreme Fear"
  },
  "usd_thb": 33.69
}