{
  "ts": "2025-09-22T11:47:43.710Z",
  "xauusd": 3724.800049,
  "xagusd": 43.671001,
  "fng": {
    "value": 45,
    "classification": "Fear"
  },
  "usd_thb": 31.78
}