{
  "ts": "2026-03-09T17:28:55.853Z",
  "xauusd": 5098.100098,
  "xagusd": 84.324997,
  "fng": {
    "value": 8,
    "classification": "Extreme Fear"
  },
  "usd_thb": 31.95
}