{
  "ts": "2025-08-25T19:48:12.657Z",
  "xauusd": 3368.300049,
  "xagusd": 38.686001,
  "fng": {
    "value": 47,
    "classification": "Neutral"
  },
  "usd_thb": 32.48
}