{
  "ts": "2025-08-22T07:23:31.100Z",
  "xauusd": 3335.399902,
  "xagusd": 38.130001,
  "fng": {
    "value": 50,
    "classification": "Neutral"
  },
  "usd_thb": 32.63
}