{
  "ts": "2025-12-17T11:56:25.159Z",
  "xauusd": 4318.799805,
  "xagusd": 66.046997,
  "fng": {
    "value": 16,
    "classification": "Extreme Fear"
  },
  "usd_thb": 31.5
}