{
  "ts": "2025-11-04T23:29:22.957Z",
  "xauusd": 3938.100098,
  "xagusd": 47.175999,
  "fng": {
    "value": 21,
    "classification": "Extreme Fear"
  },
  "usd_thb": 32.57
}