{
  "ts": "2025-09-25T09:45:37.755Z",
  "xauusd": 3756.899902,
  "xagusd": 44.963001,
  "fng": {
    "value": 44,
    "classification": "Fear"
  },
  "usd_thb": 32.13
}