{
  "ts": "2026-01-21T01:50:48.999Z",
  "xauusd": 4776.100098,
  "xagusd": 94.625999,
  "fng": {
    "value": 24,
    "classification": "Extreme Fear"
  },
  "usd_thb": 30.923
}