{
  "ts": "2025-12-15T20:28:41.504Z",
  "xauusd": 4305.799805,
  "xagusd": 63.816002,
  "fng": {
    "value": 16,
    "classification": "Extreme Fear"
  },
  "usd_thb": 31.51
}