{
  "ts": "2025-11-28T14:50:15.274Z",
  "xauusd": 4197.600098,
  "xagusd": 54.997002,
  "fng": {
    "value": 25,
    "classification": "Extreme Fear"
  },
  "usd_thb": 32.18
}