{
  "ts": "2025-10-08T15:48:16.976Z",
  "xauusd": 4047.199951,
  "xagusd": 49.453999,
  "fng": {
    "value": 60,
    "classification": "Greed"
  },
  "usd_thb": 32.49
}