{
  "ts": "2025-12-09T07:43:30.979Z",
  "xauusd": 4181.200195,
  "xagusd": 58.063999,
  "fng": {
    "value": 22,
    "classification": "Extreme Fear"
  },
  "usd_thb": 31.88
}