{
  "ts": "2025-12-29T05:39:47.895Z",
  "xauusd": 4518.600098,
  "xagusd": 80.199997,
  "fng": {
    "value": 24,
    "classification": "Extreme Fear"
  },
  "usd_thb": 29.29
}