{
  "ts": "2026-03-20T09:37:04.935Z",
  "xauusd": 4680.600098,
  "xagusd": 72.914001,
  "fng": {
    "value": 11,
    "classification": "Extreme Fear"
  },
  "usd_thb": 32.71
}