{
  "ts": "2026-03-18T22:17:04.544Z",
  "xauusd": 4814.700195,
  "xagusd": 75.206001,
  "fng": {
    "value": 26,
    "classification": "Fear"
  },
  "usd_thb": 32.76
}