{
  "ts": "2025-09-03T22:29:07.492Z",
  "xauusd": 3563.100098,
  "xagusd": 41.103001,
  "fng": {
    "value": 55,
    "classification": "Greed"
  },
  "usd_thb": 32.28
}