{
  "ts": "2025-09-19T20:42:06.578Z",
  "xauusd": 3685.199951,
  "xagusd": 43.075001,
  "fng": {
    "value": 53,
    "classification": "Neutral"
  },
  "usd_thb": 31.83
}