{
  "ts": "2026-01-13T15:54:39.514Z",
  "xauusd": 4618.799805,
  "xagusd": 88.668999,
  "fng": {
    "value": 26,
    "classification": "Fear"
  },
  "usd_thb": 31.41
}