{
  "ts": "2025-10-31T13:54:14.571Z",
  "xauusd": 4014.800049,
  "xagusd": 48.814999,
  "fng": {
    "value": 29,
    "classification": "Fear"
  },
  "usd_thb": 32.34
}