{
  "ts": "2026-07-01T16:23:39.567Z",
  "xauusd": 4083.300049,
  "xagusd": 60.463001,
  "fng": {
    "value": 11,
    "classification": "Extreme Fear"
  },
  "usd_thb": 33.3
}