{
  "ts": "2025-10-24T15:31:35.978Z",
  "xauusd": 4126.700195,
  "xagusd": 48.794998,
  "fng": {
    "value": 30,
    "classification": "Fear"
  },
  "usd_thb": 32.66
}