{
  "ts": "2025-10-24T12:56:04.825Z",
  "xauusd": 4082.800049,
  "xagusd": 48.262001,
  "fng": {
    "value": 30,
    "classification": "Fear"
  },
  "usd_thb": 32.7
}