{
  "ts": "2026-01-09T19:25:09.014Z",
  "xauusd": 4501.399902,
  "xagusd": 80.116997,
  "fng": {
    "value": 27,
    "classification": "Fear"
  },
  "usd_thb": 31.37
}