{
  "ts": "2025-11-26T17:00:17.496Z",
  "xauusd": 4168.100098,
  "xagusd": 53.067001,
  "fng": {
    "value": 15,
    "classification": "Extreme Fear"
  },
  "usd_thb": 32.22
}