{
  "ts": "2026-02-10T19:48:18.047Z",
  "xauusd": 5028.100098,
  "xagusd": 81.315002,
  "fng": {
    "value": 9,
    "classification": "Extreme Fear"
  },
  "usd_thb": 31.2
}