{
  "ts": "2025-12-02T19:54:49.613Z",
  "xauusd": 4198.200195,
  "xagusd": 58.342999,
  "fng": {
    "value": 23,
    "classification": "Extreme Fear"
  },
  "usd_thb": 32.03
}