{
  "ts": "2025-09-11T04:51:47.548Z",
  "xauusd": 3630.899902,
  "xagusd": 41.053001,
  "fng": {
    "value": 54,
    "classification": "Neutral"
  },
  "usd_thb": 31.77
}