{
  "ts": "2025-12-26T15:53:52.864Z",
  "xauusd": 4544.399902,
  "xagusd": 75.760002,
  "fng": {
    "value": 20,
    "classification": "Extreme Fear"
  },
  "usd_thb": 30.96
}