{
  "ts": "2025-09-05T13:57:26.321Z",
  "xauusd": 3594.899902,
  "xagusd": 41.439999,
  "fng": {
    "value": 48,
    "classification": "Neutral"
  },
  "usd_thb": 32.06
}