{
  "ts": "2025-08-22T11:41:02.304Z",
  "xauusd": 3331.600098,
  "xagusd": 38.018002,
  "fng": {
    "value": 50,
    "classification": "Neutral"
  },
  "usd_thb": 32.64
}