{
  "ts": "2025-09-17T19:41:48.056Z",
  "xauusd": 3662.100098,
  "xagusd": 41.599998,
  "fng": {
    "value": 53,
    "classification": "Neutral"
  },
  "usd_thb": 31.76
}