{
  "ts": "2025-09-10T17:20:15.468Z",
  "xauusd": 3644.699951,
  "xagusd": 41.213001,
  "fng": {
    "value": 49,
    "classification": "Neutral"
  },
  "usd_thb": 31.73
}