{
  "ts": "2025-10-15T07:53:05.981Z",
  "xauusd": 4206.700195,
  "xagusd": 52.727001,
  "fng": {
    "value": 34,
    "classification": "Fear"
  },
  "usd_thb": 32.45
}