{
  "ts": "2026-05-24T22:39:11.564Z",
  "xauusd": 4559.100098,
  "xagusd": 77.531998,
  "fng": {
    "value": 25,
    "classification": "Extreme Fear"
  },
  "usd_thb": 32.51
}