{
  "ts": "2026-06-04T12:07:06.754Z",
  "xauusd": 4500.200195,
  "xagusd": 74.294998,
  "fng": {
    "value": 12,
    "classification": "Extreme Fear"
  },
  "usd_thb": 32.59
}