{
  "ts": "2025-10-13T20:18:00.224Z",
  "xauusd": 4109.600098,
  "xagusd": 52.169998,
  "fng": {
    "value": 38,
    "classification": "Fear"
  },
  "usd_thb": 32.55
}