{
  "ts": "2025-12-03T23:42:10.392Z",
  "xauusd": 4206.799805,
  "xagusd": 58.514999,
  "fng": {
    "value": 28,
    "classification": "Fear"
  },
  "usd_thb": 31.89
}