{
  "ts": "2026-01-22T10:35:06.985Z",
  "xauusd": 4826.799805,
  "xagusd": 93.668999,
  "fng": {
    "value": 20,
    "classification": "Extreme Fear"
  },
  "usd_thb": 31.34
}