{
  "ts": "2026-03-05T22:15:41.051Z",
  "xauusd": 5082.299805,
  "xagusd": 82.389999,
  "fng": {
    "value": 22,
    "classification": "Extreme Fear"
  },
  "usd_thb": 31.75
}