{
  "ts": "2025-11-26T10:54:52.003Z",
  "xauusd": 4159.799805,
  "xagusd": 52.502998,
  "fng": {
    "value": 15,
    "classification": "Extreme Fear"
  },
  "usd_thb": 32.21
}