{
  "ts": "2025-10-03T12:28:15.134Z",
  "xauusd": 3864.100098,
  "xagusd": 47.671001,
  "fng": {
    "value": 63,
    "classification": "Greed"
  },
  "usd_thb": 32.39
}