{
  "ts": "2025-12-08T09:56:14.888Z",
  "xauusd": 4211.600098,
  "xagusd": 58.500999,
  "fng": {
    "value": 20,
    "classification": "Extreme Fear"
  },
  "usd_thb": 31.84
}