{
  "ts": "2026-05-07T04:04:50.099Z",
  "xauusd": 4699.399902,
  "xagusd": 77.771004,
  "fng": {
    "value": 47,
    "classification": "Neutral"
  },
  "usd_thb": 32.31
}