{
  "ts": "2025-11-27T05:19:40.810Z",
  "xauusd": 4152.399902,
  "xagusd": 52.971001,
  "fng": {
    "value": 22,
    "classification": "Extreme Fear"
  },
  "usd_thb": 32.19
}