{
  "ts": "2025-10-28T11:37:20.716Z",
  "xauusd": 3923.899902,
  "xagusd": 46.393002,
  "fng": {
    "value": 50,
    "classification": "Neutral"
  },
  "usd_thb": 32.43
}