{
  "ts": "2026-01-06T10:53:26.477Z",
  "xauusd": 4452.299805,
  "xagusd": 77.871002,
  "fng": {
    "value": 44,
    "classification": "Fear"
  },
  "usd_thb": 31.24
}