{
  "ts": "2026-02-17T01:13:44.681Z",
  "xauusd": 4949.600098,
  "xagusd": 74.572998,
  "fng": {
    "value": 10,
    "classification": "Extreme Fear"
  },
  "usd_thb": 31.12
}