{
  "ts": "2025-09-25T08:44:59.927Z",
  "xauusd": 3754.100098,
  "xagusd": 44.744999,
  "fng": {
    "value": 44,
    "classification": "Fear"
  },
  "usd_thb": 32.16
}