{
  "ts": "2025-11-10T19:56:01.064Z",
  "xauusd": 4113.399902,
  "xagusd": 50.588001,
  "fng": {
    "value": 29,
    "classification": "Fear"
  },
  "usd_thb": 32.3
}