{
  "ts": "2025-11-05T05:39:59.088Z",
  "xauusd": 3972.600098,
  "xagusd": 47.772999,
  "fng": {
    "value": 23,
    "classification": "Extreme Fear"
  },
  "usd_thb": 32.54
}