{
  "ts": "2025-09-08T19:59:21.647Z",
  "xauusd": 3638.100098,
  "xagusd": 41.359001,
  "fng": {
    "value": 51,
    "classification": "Neutral"
  },
  "usd_thb": 31.68
}