{
  "ts": "2025-12-17T18:51:07.696Z",
  "xauusd": 4332.899902,
  "xagusd": 66.212997,
  "fng": {
    "value": 16,
    "classification": "Extreme Fear"
  },
  "usd_thb": 31.46
}