{
  "ts": "2025-09-16T15:40:15.280Z",
  "xauusd": 3680.300049,
  "xagusd": 42.455002,
  "fng": {
    "value": 52,
    "classification": "Neutral"
  },
  "usd_thb": 31.73
}