{
  "ts": "2025-09-30T04:57:43.754Z",
  "xauusd": 3866.399902,
  "xagusd": 47.148998,
  "fng": {
    "value": 50,
    "classification": "Neutral"
  },
  "usd_thb": 32.34
}