{
  "ts": "2025-12-24T09:14:12.460Z",
  "xauusd": 4487.700195,
  "xagusd": 71.733002,
  "fng": {
    "value": 24,
    "classification": "Extreme Fear"
  },
  "usd_thb": 31.02
}