{
  "ts": "2026-02-10T09:35:34.794Z",
  "xauusd": 5049.700195,
  "xagusd": 82.404999,
  "fng": {
    "value": 9,
    "classification": "Extreme Fear"
  },
  "usd_thb": 31.11
}