{
  "ts": "2025-12-22T19:39:41.232Z",
  "xauusd": 4432.799805,
  "xagusd": 68.460999,
  "fng": {
    "value": 25,
    "classification": "Extreme Fear"
  },
  "usd_thb": 31.13
}