{
  "ts": "2026-01-15T14:26:57.578Z",
  "xauusd": 4605.299805,
  "xagusd": 89.355003,
  "fng": {
    "value": 61,
    "classification": "Greed"
  },
  "usd_thb": 31.33
}