{
  "ts": "2025-11-12T07:39:20.957Z",
  "xauusd": 4118.399902,
  "xagusd": 51.630001,
  "fng": {
    "value": 24,
    "classification": "Extreme Fear"
  },
  "usd_thb": 32.48
}