{
  "ts": "2025-10-31T18:56:35.928Z",
  "xauusd": 4001.699951,
  "xagusd": 48.665001,
  "fng": {
    "value": 29,
    "classification": "Fear"
  },
  "usd_thb": 32.4
}