{
  "ts": "2025-11-06T02:50:55.597Z",
  "xauusd": 3983.399902,
  "xagusd": 48.033001,
  "fng": {
    "value": 27,
    "classification": "Fear"
  },
  "usd_thb": 32.45
}