{
  "ts": "2025-10-14T10:37:31.586Z",
  "xauusd": 4140.799805,
  "xagusd": 51.581001,
  "fng": {
    "value": 38,
    "classification": "Fear"
  },
  "usd_thb": 32.78
}