{
  "ts": "2025-08-15T15:28:02.052Z",
  "xauusd": 3344.399902,
  "xagusd": 38.014999,
  "fng": {
    "value": 60,
    "classification": "Greed"
  },
  "usd_thb": 32.45
}