{
  "ts": "2026-01-20T16:34:28.848Z",
  "xauusd": 4743.700195,
  "xagusd": 94.428001,
  "fng": {
    "value": 32,
    "classification": "Fear"
  },
  "usd_thb": 31.02
}