{
  "ts": "2025-11-20T06:51:30.236Z",
  "xauusd": 4068.399902,
  "xagusd": 51.158001,
  "fng": {
    "value": 11,
    "classification": "Extreme Fear"
  },
  "usd_thb": 32.44
}