{
  "ts": "2025-09-25T04:25:17.823Z",
  "xauusd": 3735.300049,
  "xagusd": 44.008999,
  "fng": {
    "value": 44,
    "classification": "Fear"
  },
  "usd_thb": 32.16
}