{
  "ts": "2026-01-21T23:57:39.524Z",
  "xauusd": 4792.899902,
  "xagusd": 91.704002,
  "fng": {
    "value": 24,
    "classification": "Extreme Fear"
  },
  "usd_thb": 31.24
}