{
  "ts": "2025-11-17T06:38:48.039Z",
  "xauusd": 4069.899902,
  "xagusd": 50.859001,
  "fng": {
    "value": 14,
    "classification": "Extreme Fear"
  },
  "usd_thb": 32.43
}