{
  "ts": "2025-11-17T07:18:51.679Z",
  "xauusd": 4075.300049,
  "xagusd": 50.962002,
  "fng": {
    "value": 14,
    "classification": "Extreme Fear"
  },
  "usd_thb": 32.43
}