{
  "ts": "2025-09-17T22:39:04.315Z",
  "xauusd": 3665.199951,
  "xagusd": 41.749001,
  "fng": {
    "value": 53,
    "classification": "Neutral"
  },
  "usd_thb": 31.79
}