{
  "ts": "2026-01-14T15:53:35.798Z",
  "xauusd": 4612.200195,
  "xagusd": 91.370003,
  "fng": {
    "value": 48,
    "classification": "Neutral"
  },
  "usd_thb": 31.35
}