{
  "ts": "2026-05-06T23:26:32.955Z",
  "xauusd": 4694.799805,
  "xagusd": 77.532997,
  "fng": {
    "value": 46,
    "classification": "Fear"
  },
  "usd_thb": 32.21
}