{
  "ts": "2026-02-25T16:18:59.880Z",
  "xauusd": 5196.200195,
  "xagusd": 90.542999,
  "fng": {
    "value": 11,
    "classification": "Extreme Fear"
  },
  "usd_thb": 31.02
}