{
  "ts": "2025-11-19T23:29:00.012Z",
  "xauusd": 4091.399902,
  "xagusd": 51.535999,
  "fng": {
    "value": 15,
    "classification": "Extreme Fear"
  },
  "usd_thb": 32.46
}