{
  "ts": "2025-10-09T04:35:35.243Z",
  "xauusd": 4039.399902,
  "xagusd": 49.028999,
  "fng": {
    "value": 70,
    "classification": "Greed"
  },
  "usd_thb": 32.54
}