{
  "ts": "2025-12-24T15:55:15.709Z",
  "xauusd": 4456.399902,
  "xagusd": 70.573997,
  "fng": {
    "value": 24,
    "classification": "Extreme Fear"
  },
  "usd_thb": 31.05
}