{
  "ts": "2026-02-24T20:48:44.702Z",
  "xauusd": 5171.100098,
  "xagusd": 87.654999,
  "fng": {
    "value": 8,
    "classification": "Extreme Fear"
  },
  "usd_thb": 31.03
}