{
  "ts": "2025-10-16T20:53:14.781Z",
  "xauusd": 4326.600098,
  "xagusd": 54.224998,
  "fng": {
    "value": 28,
    "classification": "Fear"
  },
  "usd_thb": 32.5
}