{
  "ts": "2026-03-27T00:03:25.756Z",
  "xauusd": 4410.299805,
  "xagusd": 68.910004,
  "fng": {
    "value": 13,
    "classification": "Extreme Fear"
  },
  "usd_thb": 32.9
}