{
  "ts": "2025-08-21T09:50:41.918Z",
  "xauusd": 3340.399902,
  "xagusd": 37.810001,
  "fng": {
    "value": 50,
    "classification": "Neutral"
  },
  "usd_thb": 32.61
}