{
  "ts": "2025-11-13T09:52:11.970Z",
  "xauusd": 4233.600098,
  "xagusd": 54.171001,
  "fng": {
    "value": 15,
    "classification": "Extreme Fear"
  },
  "usd_thb": 32.29
}