{
  "ts": "2025-11-04T16:49:27.592Z",
  "xauusd": 3969.600098,
  "xagusd": 47.853001,
  "fng": {
    "value": 21,
    "classification": "Extreme Fear"
  },
  "usd_thb": 32.54
}