{
  "ts": "2025-11-07T07:38:35.081Z",
  "xauusd": 4006.800049,
  "xagusd": 48.733002,
  "fng": {
    "value": 24,
    "classification": "Extreme Fear"
  },
  "usd_thb": 32.34
}