{
  "ts": "2026-02-18T08:57:21.646Z",
  "xauusd": 4921.299805,
  "xagusd": 76.030998,
  "fng": {
    "value": 8,
    "classification": "Extreme Fear"
  },
  "usd_thb": 31.27
}