{
  "ts": "2025-10-06T13:49:32.854Z",
  "xauusd": 3943.300049,
  "xagusd": 48.669998,
  "fng": {
    "value": 71,
    "classification": "Greed"
  },
  "usd_thb": 32.42
}