{
  "ts": "2025-10-16T16:42:31.451Z",
  "xauusd": 4264.200195,
  "xagusd": 53.543999,
  "fng": {
    "value": 28,
    "classification": "Fear"
  },
  "usd_thb": 32.54
}