{
  "ts": "2025-12-22T11:13:25.291Z",
  "xauusd": 4409.700195,
  "xagusd": 69.057999,
  "fng": {
    "value": 25,
    "classification": "Extreme Fear"
  },
  "usd_thb": 31.18
}