{
  "ts": "2025-09-16T07:56:54.877Z",
  "xauusd": 3687.899902,
  "xagusd": 42.783001,
  "fng": {
    "value": 52,
    "classification": "Neutral"
  },
  "usd_thb": 31.72
}