{
  "ts": "2026-01-30T19:05:24.357Z",
  "xauusd": 4899.700195,
  "xagusd": 83.580002,
  "fng": {
    "value": 16,
    "classification": "Extreme Fear"
  },
  "usd_thb": 31.525
}