{
  "ts": "2025-10-23T20:19:34.338Z",
  "xauusd": 4116.700195,
  "xagusd": 48.865002,
  "fng": {
    "value": 27,
    "classification": "Fear"
  },
  "usd_thb": 32.81
}