{
  "ts": "2026-03-26T07:50:47.074Z",
  "xauusd": 4459.700195,
  "xagusd": 69.925003,
  "fng": {
    "value": 10,
    "classification": "Extreme Fear"
  },
  "usd_thb": 32.75
}