{
  "ts": "2026-01-07T21:37:58.137Z",
  "xauusd": 4454.100098,
  "xagusd": 78.274002,
  "fng": {
    "value": 42,
    "classification": "Fear"
  },
  "usd_thb": 31.32
}