{
  "ts": "2026-03-11T14:34:16.101Z",
  "xauusd": 5190.100098,
  "xagusd": 85.752998,
  "fng": {
    "value": 15,
    "classification": "Extreme Fear"
  },
  "usd_thb": 31.74
}