{
  "ts": "2025-10-02T03:58:41.993Z",
  "xauusd": 3867.800049,
  "xagusd": 47.293999,
  "fng": {
    "value": 64,
    "classification": "Greed"
  },
  "usd_thb": 32.45
}