{
  "ts": "2026-02-04T16:04:06.319Z",
  "xauusd": 4903.100098,
  "xagusd": 86.120003,
  "fng": {
    "value": 14,
    "classification": "Extreme Fear"
  },
  "usd_thb": 31.71
}