{
  "ts": "2025-10-22T19:16:31.236Z",
  "xauusd": 4094.100098,
  "xagusd": 48.443001,
  "fng": {
    "value": 25,
    "classification": "Extreme Fear"
  },
  "usd_thb": 32.77
}