{
  "ts": "2026-03-05T06:09:12.217Z",
  "xauusd": 5147.399902,
  "xagusd": 81.668999,
  "fng": {
    "value": 22,
    "classification": "Extreme Fear"
  },
  "usd_thb": 31.67
}