{
  "ts": "2025-08-29T20:52:03.670Z",
  "xauusd": 3449.800049,
  "xagusd": 39.789001,
  "fng": {
    "value": 50,
    "classification": "Neutral"
  },
  "usd_thb": 32.32
}