{
  "ts": "2025-09-06T21:46:40.490Z",
  "xauusd": 3586.754883,
  "xagusd": 41.049999,
  "fng": {
    "value": 48,
    "classification": "Neutral"
  },
  "usd_thb": 32.04
}