{
  "ts": "2025-11-19T18:39:23.824Z",
  "xauusd": 4081.199951,
  "xagusd": 51.130001,
  "fng": {
    "value": 15,
    "classification": "Extreme Fear"
  },
  "usd_thb": 32.46
}