{
  "ts": "2025-12-30T21:19:14.919Z",
  "xauusd": 4348.600098,
  "xagusd": 76.362999,
  "fng": {
    "value": 23,
    "classification": "Extreme Fear"
  },
  "usd_thb": 31.4
}