{
  "ts": "2026-07-03T20:07:26.231Z",
  "xauusd": 4176.100098,
  "xagusd": 62.516998,
  "fng": {
    "value": 21,
    "classification": "Extreme Fear"
  },
  "usd_thb": 33.13
}