{
  "ts": "2025-12-23T13:24:10.394Z",
  "xauusd": 4490.600098,
  "xagusd": 70.306999,
  "fng": {
    "value": 24,
    "classification": "Extreme Fear"
  },
  "usd_thb": 31.06
}