{
  "ts": "2026-07-24T06:43:57.770Z",
  "xauusd": 4036.699951,
  "xagusd": 57.754002,
  "fng": {
    "value": 28,
    "classification": "Fear"
  },
  "usd_thb": 33.75
}