{
  "ts": "2026-05-15T19:51:02.677Z",
  "xauusd": 4553.200195,
  "xagusd": 76.593002,
  "fng": {
    "value": 43,
    "classification": "Fear"
  },
  "usd_thb": 32.65
}