{
  "ts": "2025-09-16T20:44:21.434Z",
  "xauusd": 3693.699951,
  "xagusd": 42.650002,
  "fng": {
    "value": 52,
    "classification": "Neutral"
  },
  "usd_thb": 31.66
}