{
  "ts": "2025-10-15T07:19:37.333Z",
  "xauusd": 4201.299805,
  "xagusd": 52.636002,
  "fng": {
    "value": 34,
    "classification": "Fear"
  },
  "usd_thb": 32.42
}