{
  "ts": "2026-03-13T10:44:34.115Z",
  "xauusd": 5088.600098,
  "xagusd": 83.205002,
  "fng": {
    "value": 15,
    "classification": "Extreme Fear"
  },
  "usd_thb": 32.28
}