{
  "ts": "2025-11-21T11:11:09.598Z",
  "xauusd": 4044.100098,
  "xagusd": 49.102001,
  "fng": {
    "value": 14,
    "classification": "Extreme Fear"
  },
  "usd_thb": 32.5
}