{
  "ts": "2025-08-26T03:49:06.536Z",
  "xauusd": 3374.100098,
  "xagusd": 38.806999,
  "fng": {
    "value": 48,
    "classification": "Neutral"
  },
  "usd_thb": 32.47
}