{
  "ts": "2025-12-22T05:53:28.576Z",
  "xauusd": 4407.100098,
  "xagusd": 68.929001,
  "fng": {
    "value": 25,
    "classification": "Extreme Fear"
  },
  "usd_thb": 31.22
}