{
  "ts": "2025-10-31T11:50:14.643Z",
  "xauusd": 4007.800049,
  "xagusd": 49.023998,
  "fng": {
    "value": 29,
    "classification": "Fear"
  },
  "usd_thb": 32.3
}