{
  "ts": "2025-10-06T10:28:43.444Z",
  "xauusd": 3940.800049,
  "xagusd": 48.573002,
  "fng": {
    "value": 71,
    "classification": "Greed"
  },
  "usd_thb": 32.46
}