{
  "ts": "2025-12-19T16:58:48.377Z",
  "xauusd": 4348.899902,
  "xagusd": 67.199997,
  "fng": {
    "value": 16,
    "classification": "Extreme Fear"
  },
  "usd_thb": 31.42
}