{
  "ts": "2026-01-22T13:34:05.169Z",
  "xauusd": 4822.600098,
  "xagusd": 93.285004,
  "fng": {
    "value": 20,
    "classification": "Extreme Fear"
  },
  "usd_thb": 31.3
}