{
  "ts": "2025-08-21T23:40:52.284Z",
  "xauusd": 3338.699951,
  "xagusd": 38.153999,
  "fng": {
    "value": 50,
    "classification": "Neutral"
  },
  "usd_thb": 32.64
}