{
  "ts": "2025-12-08T17:01:26.520Z",
  "xauusd": 4192.799805,
  "xagusd": 58.029999,
  "fng": {
    "value": 20,
    "classification": "Extreme Fear"
  },
  "usd_thb": 31.91
}