{
  "ts": "2025-11-25T11:15:29.270Z",
  "xauusd": 4134.200195,
  "xagusd": 51.314999,
  "fng": {
    "value": 20,
    "classification": "Extreme Fear"
  },
  "usd_thb": 32.31
}