{
  "ts": "2026-01-19T06:59:34.600Z",
  "xauusd": 4679.200195,
  "xagusd": 93.903999,
  "fng": {
    "value": 44,
    "classification": "Fear"
  },
  "usd_thb": 31.249
}