{
  "ts": "2026-01-14T19:41:09.889Z",
  "xauusd": 4640.399902,
  "xagusd": 92.625999,
  "fng": {
    "value": 48,
    "classification": "Neutral"
  },
  "usd_thb": 31.33
}