{
  "ts": "2025-11-20T23:10:15.251Z",
  "xauusd": 4079.300049,
  "xagusd": 50.636002,
  "fng": {
    "value": 11,
    "classification": "Extreme Fear"
  },
  "usd_thb": 32.42
}