{
  "ts": "2025-12-18T21:40:17.943Z",
  "xauusd": 4332.200195,
  "xagusd": 65.462997,
  "fng": {
    "value": 17,
    "classification": "Extreme Fear"
  },
  "usd_thb": 31.37
}