{
  "ts": "2025-10-17T15:47:08.922Z",
  "xauusd": 4255.399902,
  "xagusd": 52.088001,
  "fng": {
    "value": 22,
    "classification": "Extreme Fear"
  },
  "usd_thb": 32.76
}