{
  "ts": "2025-11-17T23:31:53.606Z",
  "xauusd": 4047.800049,
  "xagusd": 50.129002,
  "fng": {
    "value": 14,
    "classification": "Extreme Fear"
  },
  "usd_thb": 32.45
}