{
  "ts": "2026-05-07T22:38:45.429Z",
  "xauusd": 4689.200195,
  "xagusd": 78.855003,
  "fng": {
    "value": 47,
    "classification": "Neutral"
  },
  "usd_thb": 32.28
}