{
  "ts": "2025-12-24T13:09:58.629Z",
  "xauusd": 4487.899902,
  "xagusd": 72.029999,
  "fng": {
    "value": 24,
    "classification": "Extreme Fear"
  },
  "usd_thb": 30.99
}