{
  "ts": "2026-02-23T17:39:16.244Z",
  "xauusd": 5196.299805,
  "xagusd": 86.620003,
  "fng": {
    "value": 5,
    "classification": "Extreme Fear"
  },
  "usd_thb": 30.97
}