{
  "ts": "2025-10-09T03:53:33.716Z",
  "xauusd": 4028.100098,
  "xagusd": 48.942001,
  "fng": {
    "value": 70,
    "classification": "Greed"
  },
  "usd_thb": 32.57
}