{
  "ts": "2025-12-16T07:54:44.514Z",
  "xauusd": 4288.399902,
  "xagusd": 63.189999,
  "fng": {
    "value": 11,
    "classification": "Extreme Fear"
  },
  "usd_thb": 31.5
}