{
  "ts": "2025-10-16T16:55:10.597Z",
  "xauusd": 4274.200195,
  "xagusd": 53.796001,
  "fng": {
    "value": 28,
    "classification": "Fear"
  },
  "usd_thb": 32.49
}