{
  "ts": "2025-12-04T11:54:26.023Z",
  "xauusd": 4199.600098,
  "xagusd": 57.587002,
  "fng": {
    "value": 26,
    "classification": "Fear"
  },
  "usd_thb": 32.01
}