{
  "ts": "2025-10-15T17:29:31.739Z",
  "xauusd": 4187.200195,
  "xagusd": 52.435001,
  "fng": {
    "value": 34,
    "classification": "Fear"
  },
  "usd_thb": 32.59
}