{
  "ts": "2026-03-02T08:58:28.954Z",
  "xauusd": 5398.100098,
  "xagusd": 95.588997,
  "fng": {
    "value": 10,
    "classification": "Extreme Fear"
  },
  "usd_thb": 31.42
}