{
  "ts": "2026-02-23T10:04:07.453Z",
  "xauusd": 5153.100098,
  "xagusd": 86.917999,
  "fng": {
    "value": 5,
    "classification": "Extreme Fear"
  },
  "usd_thb": 31
}