{
  "ts": "2026-02-03T08:51:11.828Z",
  "xauusd": 4931.899902,
  "xagusd": 87.856003,
  "fng": {
    "value": 17,
    "classification": "Extreme Fear"
  },
  "usd_thb": 31.44
}