{
  "ts": "2025-09-10T18:00:00.117Z",
  "xauusd": 3648.100098,
  "xagusd": 41.234001,
  "fng": {
    "value": 49,
    "classification": "Neutral"
  },
  "usd_thb": 31.73
}