{
  "ts": "2025-10-27T17:42:57.351Z",
  "xauusd": 4004.199951,
  "xagusd": 46.917999,
  "fng": {
    "value": 51,
    "classification": "Neutral"
  },
  "usd_thb": 32.66
}