{
  "ts": "2026-01-08T18:49:31.539Z",
  "xauusd": 4455.100098,
  "xagusd": 75.998001,
  "fng": {
    "value": 28,
    "classification": "Fear"
  },
  "usd_thb": 31.49
}