{
  "ts": "2025-10-31T17:54:29.774Z",
  "xauusd": 4000.399902,
  "xagusd": 48.749001,
  "fng": {
    "value": 29,
    "classification": "Fear"
  },
  "usd_thb": 32.38
}