{
  "ts": "2025-08-18T23:28:54.651Z",
  "xauusd": 3333.300049,
  "xagusd": 38.106998,
  "fng": {
    "value": 60,
    "classification": "Greed"
  },
  "usd_thb": 32.5
}