{
  "ts": "2025-08-28T07:10:00.378Z",
  "xauusd": 3397.100098,
  "xagusd": 38.901001,
  "fng": {
    "value": 48,
    "classification": "Neutral"
  },
  "usd_thb": 32.37
}