{
  "ts": "2025-09-03T05:50:32.235Z",
  "xauusd": 3533.399902,
  "xagusd": 40.720001,
  "fng": {
    "value": 55,
    "classification": "Greed"
  },
  "usd_thb": 32.44
}