{
  "ts": "2025-11-25T05:43:37.554Z",
  "xauusd": 4147.299805,
  "xagusd": 51.616001,
  "fng": {
    "value": 20,
    "classification": "Extreme Fear"
  },
  "usd_thb": 32.35
}