{
  "ts": "2025-10-22T07:46:09.596Z",
  "xauusd": 4139.899902,
  "xagusd": 49.015999,
  "fng": {
    "value": 25,
    "classification": "Extreme Fear"
  },
  "usd_thb": 32.79
}