{
  "ts": "2025-09-25T06:50:56.827Z",
  "xauusd": 3743.699951,
  "xagusd": 44.054001,
  "fng": {
    "value": 44,
    "classification": "Fear"
  },
  "usd_thb": 32.17
}