{
  "ts": "2025-10-13T09:44:02.496Z",
  "xauusd": 4074.699951,
  "xagusd": 51.363998,
  "fng": {
    "value": 38,
    "classification": "Fear"
  },
  "usd_thb": 32.53
}