{
  "ts": "2026-05-07T21:33:50.845Z",
  "xauusd": 4687.600098,
  "xagusd": 78.532997,
  "fng": {
    "value": 47,
    "classification": "Neutral"
  },
  "usd_thb": 32.22
}