{
  "ts": "2026-05-21T11:23:07.048Z",
  "xauusd": 4520.200195,
  "xagusd": 75.211998,
  "fng": {
    "value": 29,
    "classification": "Fear"
  },
  "usd_thb": 32.63
}