{
  "ts": "2026-04-20T12:54:13.250Z",
  "xauusd": 4803.399902,
  "xagusd": 79.621002,
  "fng": {
    "value": 29,
    "classification": "Fear"
  },
  "usd_thb": 32.02
}