{
  "ts": "2025-12-15T15:27:40.583Z",
  "xauusd": 4316.100098,
  "xagusd": 63.435001,
  "fng": {
    "value": 16,
    "classification": "Extreme Fear"
  },
  "usd_thb": 31.44
}