{
  "ts": "2026-02-02T23:06:09.112Z",
  "xauusd": 4708.399902,
  "xagusd": 80.771004,
  "fng": {
    "value": 14,
    "classification": "Extreme Fear"
  },
  "usd_thb": 31.54
}