{
  "ts": "2025-10-05T23:27:08.916Z",
  "xauusd": 3910.300049,
  "xagusd": 48.290001,
  "fng": {
    "value": 74,
    "classification": "Greed"
  },
  "usd_thb": 32.45
}