{
  "ts": "2025-09-08T14:41:45.474Z",
  "xauusd": 3635.100098,
  "xagusd": 41.261002,
  "fng": {
    "value": 51,
    "classification": "Neutral"
  },
  "usd_thb": 31.69
}