{
  "ts": "2025-09-30T20:49:38.167Z",
  "xauusd": 3859.399902,
  "xagusd": 46.713001,
  "fng": {
    "value": 50,
    "classification": "Neutral"
  },
  "usd_thb": 32.45
}