{
  "ts": "2025-09-30T13:42:57.464Z",
  "xauusd": 3822.899902,
  "xagusd": 46.134998,
  "fng": {
    "value": 50,
    "classification": "Neutral"
  },
  "usd_thb": 32.43
}