{
  "ts": "2025-10-07T10:19:57.131Z",
  "xauusd": 3959.100098,
  "xagusd": 48.422001,
  "fng": {
    "value": 70,
    "classification": "Greed"
  },
  "usd_thb": 32.49
}