{
  "ts": "2025-10-10T10:10:15.263Z",
  "xauusd": 3996.800049,
  "xagusd": 50.082001,
  "fng": {
    "value": 64,
    "classification": "Greed"
  },
  "usd_thb": 32.73
}