{
  "ts": "2025-10-28T20:20:45.517Z",
  "xauusd": 3956.399902,
  "xagusd": 47.071999,
  "fng": {
    "value": 50,
    "classification": "Neutral"
  },
  "usd_thb": 32.34
}