{
  "ts": "2025-12-16T15:11:37.117Z",
  "xauusd": 4334.899902,
  "xagusd": 63.779999,
  "fng": {
    "value": 11,
    "classification": "Extreme Fear"
  },
  "usd_thb": 31.4
}