{
  "ts": "2026-03-19T03:15:30.420Z",
  "xauusd": 4865.700195,
  "xagusd": 76.653999,
  "fng": {
    "value": 23,
    "classification": "Extreme Fear"
  },
  "usd_thb": 32.69
}