{
  "ts": "2025-12-15T11:26:59.712Z",
  "xauusd": 4341.399902,
  "xagusd": 63.783001,
  "fng": {
    "value": 16,
    "classification": "Extreme Fear"
  },
  "usd_thb": 31.42
}