{
  "ts": "2025-11-20T21:55:37.031Z",
  "xauusd": 4079.300049,
  "xagusd": 50.682999,
  "fng": {
    "value": 11,
    "classification": "Extreme Fear"
  },
  "usd_thb": 32.45
}