{
  "ts": "2025-12-29T14:41:59.141Z",
  "xauusd": 4369.899902,
  "xagusd": 72.456001,
  "fng": {
    "value": 24,
    "classification": "Extreme Fear"
  },
  "usd_thb": 31.57
}