{
  "ts": "2025-11-18T05:55:22.648Z",
  "xauusd": 4024.899902,
  "xagusd": 49.875999,
  "fng": {
    "value": 11,
    "classification": "Extreme Fear"
  },
  "usd_thb": 32.45
}