{
  "ts": "2026-01-28T09:40:16.839Z",
  "xauusd": 5278.600098,
  "xagusd": 112.994003,
  "fng": {
    "value": 29,
    "classification": "Fear"
  },
  "usd_thb": 31.063
}