{
  "ts": "2026-03-03T10:57:57.655Z",
  "xauusd": 5252.700195,
  "xagusd": 82.522003,
  "fng": {
    "value": 14,
    "classification": "Extreme Fear"
  },
  "usd_thb": 31.69
}