{
  "ts": "2025-11-26T02:05:02.473Z",
  "xauusd": 4151.200195,
  "xagusd": 51.720001,
  "fng": {
    "value": 15,
    "classification": "Extreme Fear"
  },
  "usd_thb": 32.25
}