{
  "ts": "2025-12-09T08:16:51.634Z",
  "xauusd": 4189.399902,
  "xagusd": 58.377998,
  "fng": {
    "value": 22,
    "classification": "Extreme Fear"
  },
  "usd_thb": 31.85
}