{
  "ts": "2026-05-18T18:10:02.629Z",
  "xauusd": 4545.799805,
  "xagusd": 76.991997,
  "fng": {
    "value": 28,
    "classification": "Fear"
  },
  "usd_thb": 32.51
}