{
  "ts": "2026-04-20T20:07:40.817Z",
  "xauusd": 4816.799805,
  "xagusd": 79.831001,
  "fng": {
    "value": 29,
    "classification": "Fear"
  },
  "usd_thb": 31.99
}