{
  "ts": "2026-04-28T09:35:52.892Z",
  "xauusd": 4612.399902,
  "xagusd": 73.148003,
  "fng": {
    "value": 33,
    "classification": "Fear"
  },
  "usd_thb": 32.5
}