{
  "ts": "2025-08-21T07:27:03.938Z",
  "xauusd": 3339.100098,
  "xagusd": 37.931999,
  "fng": {
    "value": 50,
    "classification": "Neutral"
  },
  "usd_thb": 32.58
}