{
  "ts": "2025-10-24T18:13:11.437Z",
  "xauusd": 4106.200195,
  "xagusd": 48.514999,
  "fng": {
    "value": 30,
    "classification": "Fear"
  },
  "usd_thb": 32.68
}