{
  "ts": "2025-09-11T18:37:59.767Z",
  "xauusd": 3632.399902,
  "xagusd": 41.523998,
  "fng": {
    "value": 54,
    "classification": "Neutral"
  },
  "usd_thb": 31.71
}