{
  "ts": "2025-09-16T05:42:13.987Z",
  "xauusd": 3684.100098,
  "xagusd": 42.733002,
  "fng": {
    "value": 52,
    "classification": "Neutral"
  },
  "usd_thb": 31.73
}