{
  "ts": "2025-12-31T11:43:55.166Z",
  "xauusd": 4311.600098,
  "xagusd": 72.089996,
  "fng": {
    "value": 21,
    "classification": "Extreme Fear"
  },
  "usd_thb": 31.6
}