{
  "ts": "2025-10-30T03:35:06.985Z",
  "xauusd": 3936.399902,
  "xagusd": 47.536999,
  "fng": {
    "value": 34,
    "classification": "Fear"
  },
  "usd_thb": 32.41
}