{
  "ts": "2026-01-06T07:58:02.161Z",
  "xauusd": 4460.100098,
  "xagusd": 78.199997,
  "fng": {
    "value": 44,
    "classification": "Fear"
  },
  "usd_thb": 31.16
}