{
  "ts": "2025-11-24T10:26:48.598Z",
  "xauusd": 4070.100098,
  "xagusd": 50.223999,
  "fng": {
    "value": 19,
    "classification": "Extreme Fear"
  },
  "usd_thb": 32.49
}