{
  "ts": "2026-01-23T14:55:21.763Z",
  "xauusd": 4954.399902,
  "xagusd": 99.650002,
  "fng": {
    "value": 24,
    "classification": "Extreme Fear"
  },
  "usd_thb": 31.161
}