{
  "ts": "2026-01-07T20:56:30.948Z",
  "xauusd": 4459.799805,
  "xagusd": 78.598999,
  "fng": {
    "value": 42,
    "classification": "Fear"
  },
  "usd_thb": 31.31
}