{
  "ts": "2025-10-20T23:57:14.811Z",
  "xauusd": 4360.100098,
  "xagusd": 52.587002,
  "fng": {
    "value": 29,
    "classification": "Fear"
  },
  "usd_thb": 32.53
}