{
  "ts": "2025-10-30T17:00:21.141Z",
  "xauusd": 4002.300049,
  "xagusd": 48.869999,
  "fng": {
    "value": 34,
    "classification": "Fear"
  },
  "usd_thb": 32.35
}