{
  "ts": "2026-01-08T11:32:27.574Z",
  "xauusd": 4427.799805,
  "xagusd": 75.776001,
  "fng": {
    "value": 28,
    "classification": "Fear"
  },
  "usd_thb": 31.34
}