{
  "ts": "2026-04-22T15:45:27.425Z",
  "xauusd": 4728.600098,
  "xagusd": 77.871002,
  "fng": {
    "value": 32,
    "classification": "Fear"
  },
  "usd_thb": 32.26
}