{
  "ts": "2025-12-14T23:45:13.626Z",
  "xauusd": 4307.200195,
  "xagusd": 62.106998,
  "fng": {
    "value": 21,
    "classification": "Extreme Fear"
  },
  "usd_thb": 31.47
}