{
  "ts": "2025-09-03T14:46:11.224Z",
  "xauusd": 3561.399902,
  "xagusd": 41.220001,
  "fng": {
    "value": 55,
    "classification": "Greed"
  },
  "usd_thb": 32.32
}