{
  "ts": "2025-09-01T03:55:59.287Z",
  "xauusd": 3475.100098,
  "xagusd": 40.509998,
  "fng": {
    "value": 46,
    "classification": "Fear"
  },
  "usd_thb": 32.33
}