{
  "ts": "2025-11-25T04:01:02.162Z",
  "xauusd": 4144.299805,
  "xagusd": 51.506001,
  "fng": {
    "value": 20,
    "classification": "Extreme Fear"
  },
  "usd_thb": 32.37
}