{
  "ts": "2025-09-01T17:41:37.686Z",
  "xauusd": 3478.899902,
  "xagusd": 40.724998,
  "fng": {
    "value": 46,
    "classification": "Fear"
  },
  "usd_thb": 32.31
}