{
  "ts": "2025-12-12T09:44:18.844Z",
  "xauusd": 4311.799805,
  "xagusd": 63.903999,
  "fng": {
    "value": 29,
    "classification": "Fear"
  },
  "usd_thb": 31.6
}