{
  "ts": "2026-01-23T15:22:09.701Z",
  "xauusd": 4949.100098,
  "xagusd": 99.522003,
  "fng": {
    "value": 24,
    "classification": "Extreme Fear"
  },
  "usd_thb": 31.144
}