{
  "ts": "2025-12-22T05:41:40.454Z",
  "xauusd": 4404.700195,
  "xagusd": 68.900002,
  "fng": {
    "value": 25,
    "classification": "Extreme Fear"
  },
  "usd_thb": 31.22
}