{
  "ts": "2026-03-03T16:37:22.376Z",
  "xauusd": 5113.700195,
  "xagusd": 83.129997,
  "fng": {
    "value": 14,
    "classification": "Extreme Fear"
  },
  "usd_thb": 31.58
}