{
  "ts": "2025-10-29T09:37:51.540Z",
  "xauusd": 4018.899902,
  "xagusd": 48.397999,
  "fng": {
    "value": 51,
    "classification": "Neutral"
  },
  "usd_thb": 32.3
}