{
  "ts": "2025-09-29T03:36:37.322Z",
  "xauusd": 3797.300049,
  "xagusd": 46.685001,
  "fng": {
    "value": 50,
    "classification": "Neutral"
  },
  "usd_thb": 32.22
}