{
  "ts": "2025-10-08T17:51:44.332Z",
  "xauusd": 4053.600098,
  "xagusd": 49.451698,
  "fng": {
    "value": 60,
    "classification": "Greed"
  },
  "usd_thb": 32.46
}