{
  "ts": "2025-09-25T08:24:42.417Z",
  "xauusd": 3760.600098,
  "xagusd": 44.835999,
  "fng": {
    "value": 44,
    "classification": "Fear"
  },
  "usd_thb": 32.16
}