{
  "ts": "2026-01-23T11:00:56.630Z",
  "xauusd": 4930.700195,
  "xagusd": 99.057999,
  "fng": {
    "value": 24,
    "classification": "Extreme Fear"
  },
  "usd_thb": 31.17
}