{
  "ts": "2026-05-20T22:49:03.289Z",
  "xauusd": 4543.399902,
  "xagusd": 75.786003,
  "fng": {
    "value": 27,
    "classification": "Fear"
  },
  "usd_thb": 32.52
}