{
  "ts": "2026-05-18T09:00:27.670Z",
  "xauusd": 4553.700195,
  "xagusd": 76.224998,
  "fng": {
    "value": 28,
    "classification": "Fear"
  },
  "usd_thb": 32.56
}