{
  "ts": "2026-01-09T21:38:19.256Z",
  "xauusd": 4507.799805,
  "xagusd": 79.762001,
  "fng": {
    "value": 27,
    "classification": "Fear"
  },
  "usd_thb": 31.37
}