{
  "ts": "2026-01-02T03:47:58.160Z",
  "xauusd": 4374.100098,
  "xagusd": 73.380997,
  "fng": {
    "value": 28,
    "classification": "Fear"
  },
  "usd_thb": 31.38
}