{
  "ts": "2025-10-21T07:54:27.990Z",
  "xauusd": 4304.600098,
  "xagusd": 50.984001,
  "fng": {
    "value": 34,
    "classification": "Fear"
  },
  "usd_thb": 32.66
}