{
  "ts": "2026-03-01T23:51:15.626Z",
  "xauusd": 5388.299805,
  "xagusd": 95.978996,
  "fng": {
    "value": 14,
    "classification": "Extreme Fear"
  },
  "usd_thb": 31.21
}