{
  "ts": "2025-10-08T10:41:27.129Z",
  "xauusd": 4035.699951,
  "xagusd": 48.881001,
  "fng": {
    "value": 60,
    "classification": "Greed"
  },
  "usd_thb": 32.52
}