{
  "ts": "2026-03-18T12:03:52.545Z",
  "xauusd": 4926.799805,
  "xagusd": 78.829002,
  "fng": {
    "value": 26,
    "classification": "Fear"
  },
  "usd_thb": 32.47
}