{
  "ts": "2025-08-27T23:10:05.916Z",
  "xauusd": 3399.699951,
  "xagusd": 38.650002,
  "fng": {
    "value": 51,
    "classification": "Neutral"
  },
  "usd_thb": 32.41
}