{
  "ts": "2026-04-22T00:05:27.497Z",
  "xauusd": 4745.700195,
  "xagusd": 77.547997,
  "fng": {
    "value": 32,
    "classification": "Fear"
  },
  "usd_thb": 32.15
}