{
  "ts": "2026-05-31T08:00:09.513Z",
  "xauusd": 4540.299805,
  "xagusd": 75.400002,
  "fng": {
    "value": 28,
    "classification": "Fear"
  },
  "usd_thb": 32.43
}