{
  "ts": "2025-12-22T08:39:56.807Z",
  "xauusd": 4410.100098,
  "xagusd": 68.704002,
  "fng": {
    "value": 25,
    "classification": "Extreme Fear"
  },
  "usd_thb": 31.15
}