{
  "ts": "2026-01-07T04:51:38.508Z",
  "xauusd": 4467.399902,
  "xagusd": 79.766998,
  "fng": {
    "value": 42,
    "classification": "Fear"
  },
  "usd_thb": 31.18
}