{
  "ts": "2025-09-29T14:46:46.850Z",
  "xauusd": 3826.100098,
  "xagusd": 46.994999,
  "fng": {
    "value": 50,
    "classification": "Neutral"
  },
  "usd_thb": 32.22
}