{
  "ts": "2026-02-25T20:51:09.125Z",
  "xauusd": 5174.399902,
  "xagusd": 89.085999,
  "fng": {
    "value": 11,
    "classification": "Extreme Fear"
  },
  "usd_thb": 31.02
}