{
  "ts": "2025-11-18T09:54:37.291Z",
  "xauusd": 4041.800049,
  "xagusd": 50.469002,
  "fng": {
    "value": 11,
    "classification": "Extreme Fear"
  },
  "usd_thb": 32.43
}