{
  "ts": "2025-09-08T22:35:53.533Z",
  "xauusd": 3629.217529,
  "xagusd": 41.304001,
  "fng": {
    "value": 51,
    "classification": "Neutral"
  },
  "usd_thb": 31.72
}