{
  "ts": "2025-11-05T14:53:58.456Z",
  "xauusd": 3974.100098,
  "xagusd": 47.959999,
  "fng": {
    "value": 23,
    "classification": "Extreme Fear"
  },
  "usd_thb": 32.5
}