{
  "ts": "2025-08-26T20:44:35.042Z",
  "xauusd": 3391.300049,
  "xagusd": 38.643002,
  "fng": {
    "value": 48,
    "classification": "Neutral"
  },
  "usd_thb": 32.42
}