{
  "ts": "2025-10-16T07:51:58.251Z",
  "xauusd": 4230.399902,
  "xagusd": 52.846001,
  "fng": {
    "value": 28,
    "classification": "Fear"
  },
  "usd_thb": 32.56
}