{
  "ts": "2026-04-21T15:47:59.088Z",
  "xauusd": 4746.600098,
  "xagusd": 77.117996,
  "fng": {
    "value": 33,
    "classification": "Fear"
  },
  "usd_thb": 32.17
}