{
  "ts": "2026-03-03T07:25:38.148Z",
  "xauusd": 5316.799805,
  "xagusd": 86.330002,
  "fng": {
    "value": 14,
    "classification": "Extreme Fear"
  },
  "usd_thb": 31.58
}