{
  "ts": "2025-09-11T21:38:27.977Z",
  "xauusd": 3635.199951,
  "xagusd": 41.599998,
  "fng": {
    "value": 54,
    "classification": "Neutral"
  },
  "usd_thb": 31.75
}