{
  "ts": "2025-10-24T13:56:12.298Z",
  "xauusd": 4109.600098,
  "xagusd": 48.646999,
  "fng": {
    "value": 30,
    "classification": "Fear"
  },
  "usd_thb": 32.68
}