{
  "ts": "2025-12-04T22:53:50.125Z",
  "xauusd": 4209.200195,
  "xagusd": 57.169998,
  "fng": {
    "value": 26,
    "classification": "Fear"
  },
  "usd_thb": 32.04
}