{
  "ts": "2025-09-05T15:59:05.439Z",
  "xauusd": 3594.100098,
  "xagusd": 41.060001,
  "fng": {
    "value": 48,
    "classification": "Neutral"
  },
  "usd_thb": 32.02
}