{
  "ts": "2026-05-25T13:51:59.846Z",
  "xauusd": 4562.200195,
  "xagusd": 77.593002,
  "fng": {
    "value": 30,
    "classification": "Fear"
  },
  "usd_thb": 32.46
}