{
  "ts": "2025-09-01T15:33:49.554Z",
  "xauusd": 3476.300049,
  "xagusd": 40.709999,
  "fng": {
    "value": 46,
    "classification": "Fear"
  },
  "usd_thb": 32.29
}