{
  "ts": "2026-03-03T13:03:53.925Z",
  "xauusd": 5192.700195,
  "xagusd": 82.887001,
  "fng": {
    "value": 14,
    "classification": "Extreme Fear"
  },
  "usd_thb": 31.68
}