{
  "ts": "2026-01-02T22:35:04.393Z",
  "xauusd": 4332.299805,
  "xagusd": 72.890999,
  "fng": {
    "value": 28,
    "classification": "Fear"
  },
  "usd_thb": 31.51
}