{
  "ts": "2025-09-25T05:47:53.972Z",
  "xauusd": 3738.300049,
  "xagusd": 43.957001,
  "fng": {
    "value": 44,
    "classification": "Fear"
  },
  "usd_thb": 32.15
}