{
  "ts": "2025-09-30T11:18:18.577Z",
  "xauusd": 3806.399902,
  "xagusd": 46.178001,
  "fng": {
    "value": 50,
    "classification": "Neutral"
  },
  "usd_thb": 32.4
}