{
  "ts": "2025-12-09T19:12:46.961Z",
  "xauusd": 4212.600098,
  "xagusd": 60.658001,
  "fng": {
    "value": 22,
    "classification": "Extreme Fear"
  },
  "usd_thb": 31.85
}