{
  "ts": "2025-08-25T10:38:44.284Z",
  "xauusd": 3368.600098,
  "xagusd": 38.811001,
  "fng": {
    "value": 47,
    "classification": "Neutral"
  },
  "usd_thb": 32.44
}