{
  "ts": "2025-08-20T14:00:05.824Z",
  "xauusd": 3343.699951,
  "xagusd": 37.720001,
  "fng": {
    "value": 44,
    "classification": "Fear"
  },
  "usd_thb": 32.53
}