{
  "ts": "2025-09-16T04:01:24.251Z",
  "xauusd": 3682.199951,
  "xagusd": 42.623001,
  "fng": {
    "value": 52,
    "classification": "Neutral"
  },
  "usd_thb": 31.72
}