{
  "ts": "2025-08-18T17:56:57.948Z",
  "xauusd": 3334.300049,
  "xagusd": 38.068001,
  "fng": {
    "value": 60,
    "classification": "Greed"
  },
  "usd_thb": 32.5
}