{
  "ts": "2025-09-16T18:58:44.982Z",
  "xauusd": 3691.399902,
  "xagusd": 42.567001,
  "fng": {
    "value": 52,
    "classification": "Neutral"
  },
  "usd_thb": 31.68
}