{
  "ts": "2025-10-01T19:48:58.535Z",
  "xauusd": 3870.300049,
  "xagusd": 47.450001,
  "fng": {
    "value": 49,
    "classification": "Neutral"
  },
  "usd_thb": 32.41
}