{
  "ts": "2025-12-02T03:50:13.280Z",
  "xauusd": 4217.799805,
  "xagusd": 57.157001,
  "fng": {
    "value": 23,
    "classification": "Extreme Fear"
  },
  "usd_thb": 32
}