{
  "ts": "2025-09-22T23:49:31.075Z",
  "xauusd": 3750.100098,
  "xagusd": 44.084999,
  "fng": {
    "value": 45,
    "classification": "Fear"
  },
  "usd_thb": 31.78
}