{
  "ts": "2025-12-29T07:00:07.920Z",
  "xauusd": 4478.200195,
  "xagusd": 76.260002,
  "fng": {
    "value": 24,
    "classification": "Extreme Fear"
  },
  "usd_thb": 29.38
}