{
  "ts": "2026-07-23T16:44:07.818Z",
  "xauusd": 4051.399902,
  "xagusd": 57.825001,
  "fng": {
    "value": 31,
    "classification": "Fear"
  },
  "usd_thb": 33.81
}