{
  "ts": "2025-09-17T23:38:12.423Z",
  "xauusd": 3669.399902,
  "xagusd": 41.868999,
  "fng": {
    "value": 53,
    "classification": "Neutral"
  },
  "usd_thb": 31.77
}