{
  "ts": "2025-08-22T13:51:41.998Z",
  "xauusd": 3333.800049,
  "xagusd": 37.990002,
  "fng": {
    "value": 50,
    "classification": "Neutral"
  },
  "usd_thb": 32.65
}