{
  "ts": "2026-03-31T14:54:30.695Z",
  "xauusd": 4605.899902,
  "xagusd": 73.459999,
  "fng": {
    "value": 11,
    "classification": "Extreme Fear"
  },
  "usd_thb": 32.75
}