{
  "ts": "2026-03-09T13:44:01.032Z",
  "xauusd": 5079.299805,
  "xagusd": 83.813004,
  "fng": {
    "value": 8,
    "classification": "Extreme Fear"
  },
  "usd_thb": 32.02
}