{
  "ts": "2026-01-15T10:52:55.049Z",
  "xauusd": 4619.700195,
  "xagusd": 91.285004,
  "fng": {
    "value": 61,
    "classification": "Greed"
  },
  "usd_thb": 31.29
}