{
  "ts": "2026-03-06T05:28:44.567Z",
  "xauusd": 5128.899902,
  "xagusd": 84.265999,
  "fng": {
    "value": 18,
    "classification": "Extreme Fear"
  },
  "usd_thb": 31.73
}