{
  "ts": "2026-04-27T04:45:04.024Z",
  "xauusd": 4727.799805,
  "xagusd": 76.589996,
  "fng": {
    "value": 47,
    "classification": "Neutral"
  },
  "usd_thb": 32.3
}