{
  "ts": "2026-01-02T13:51:26.286Z",
  "xauusd": 4371.799805,
  "xagusd": 74.037003,
  "fng": {
    "value": 28,
    "classification": "Fear"
  },
  "usd_thb": 31.38
}