{
  "ts": "2025-12-26T05:56:17.450Z",
  "xauusd": 4512.200195,
  "xagusd": 75.019997,
  "fng": {
    "value": 20,
    "classification": "Extreme Fear"
  },
  "usd_thb": 30.95
}