{
  "ts": "2025-12-26T15:43:57.716Z",
  "xauusd": 4540.600098,
  "xagusd": 75.650002,
  "fng": {
    "value": 20,
    "classification": "Extreme Fear"
  },
  "usd_thb": 30.97
}