{
  "ts": "2025-11-28T12:54:53.574Z",
  "xauusd": 4176.799805,
  "xagusd": 53.942001,
  "fng": {
    "value": 25,
    "classification": "Extreme Fear"
  },
  "usd_thb": 32.18
}