{
  "ts": "2025-12-02T07:29:18.632Z",
  "xauusd": 4218.100098,
  "xagusd": 57.292999,
  "fng": {
    "value": 23,
    "classification": "Extreme Fear"
  },
  "usd_thb": 32.01
}