{
  "ts": "2026-02-09T23:01:15.776Z",
  "xauusd": 5060.399902,
  "xagusd": 83.501999,
  "fng": {
    "value": 14,
    "classification": "Extreme Fear"
  },
  "usd_thb": 31.06
}