{
  "ts": "2026-02-19T19:36:01.260Z",
  "xauusd": 4989.100098,
  "xagusd": 78.092003,
  "fng": {
    "value": 9,
    "classification": "Extreme Fear"
  },
  "usd_thb": 31.18
}