{
  "ts": "2025-12-09T15:48:59.735Z",
  "xauusd": 4202.200195,
  "xagusd": 59.922001,
  "fng": {
    "value": 22,
    "classification": "Extreme Fear"
  },
  "usd_thb": 31.83
}