{
  "ts": "2025-12-09T04:44:22.001Z",
  "xauusd": 4191.299805,
  "xagusd": 58.317001,
  "fng": {
    "value": 22,
    "classification": "Extreme Fear"
  },
  "usd_thb": 31.87
}