{
  "ts": "2025-10-14T19:39:56.741Z",
  "xauusd": 4143.700195,
  "xagusd": 51.636002,
  "fng": {
    "value": 38,
    "classification": "Fear"
  },
  "usd_thb": 32.65
}