{
  "ts": "2026-01-07T20:14:40.640Z",
  "xauusd": 4459.799805,
  "xagusd": 78.376999,
  "fng": {
    "value": 42,
    "classification": "Fear"
  },
  "usd_thb": 31.32
}