{
  "ts": "2026-05-06T22:27:27.395Z",
  "xauusd": 4698.700195,
  "xagusd": 77.551003,
  "fng": {
    "value": 46,
    "classification": "Fear"
  },
  "usd_thb": 32.1
}