{
  "ts": "2025-12-25T06:51:25.960Z",
  "xauusd": 4480.600098,
  "xagusd": 71.968002,
  "fng": {
    "value": 23,
    "classification": "Extreme Fear"
  },
  "usd_thb": 31.02
}