{
  "ts": "2025-10-01T09:37:11.687Z",
  "xauusd": 3886.199951,
  "xagusd": 47.299999,
  "fng": {
    "value": 49,
    "classification": "Neutral"
  },
  "usd_thb": 32.34
}