{
  "ts": "2025-09-12T03:50:03.919Z",
  "xauusd": 3652.300049,
  "xagusd": 41.991001,
  "fng": {
    "value": 57,
    "classification": "Greed"
  },
  "usd_thb": 31.67
}