{
  "ts": "2026-01-26T07:42:56.027Z",
  "xauusd": 5091.100098,
  "xagusd": 108.183998,
  "fng": {
    "value": 20,
    "classification": "Extreme Fear"
  },
  "usd_thb": 31.03
}