{
  "ts": "2026-06-22T23:48:13.268Z",
  "xauusd": 4194.899902,
  "xagusd": 65.171997,
  "fng": {
    "value": 20,
    "classification": "Extreme Fear"
  },
  "usd_thb": 32.96
}