{
  "ts": "2026-02-20T10:01:11.627Z",
  "xauusd": 5029.799805,
  "xagusd": 80.512001,
  "fng": {
    "value": 7,
    "classification": "Extreme Fear"
  },
  "usd_thb": 31.17
}