{
  "ts": "2026-04-22T18:46:38.603Z",
  "xauusd": 4742.399902,
  "xagusd": 78.011002,
  "fng": {
    "value": 32,
    "classification": "Fear"
  },
  "usd_thb": 32.24
}