{
  "ts": "2025-08-28T16:41:15.449Z",
  "xauusd": 3416.699951,
  "xagusd": 39.154999,
  "fng": {
    "value": 48,
    "classification": "Neutral"
  },
  "usd_thb": 32.27
}