{
  "ts": "2025-11-18T17:51:15.409Z",
  "xauusd": 4073.699951,
  "xagusd": 50.793999,
  "fng": {
    "value": 11,
    "classification": "Extreme Fear"
  },
  "usd_thb": 32.38
}