{
  "ts": "2026-01-20T08:20:36.342Z",
  "xauusd": 4722.399902,
  "xagusd": 94.710999,
  "fng": {
    "value": 32,
    "classification": "Fear"
  },
  "usd_thb": 31.06
}