{
  "ts": "2025-10-13T12:52:57.922Z",
  "xauusd": 4077.800049,
  "xagusd": 51.615002,
  "fng": {
    "value": 38,
    "classification": "Fear"
  },
  "usd_thb": 32.55
}