{
  "ts": "2025-12-17T12:43:28.876Z",
  "xauusd": 4318.899902,
  "xagusd": 65.959999,
  "fng": {
    "value": 16,
    "classification": "Extreme Fear"
  },
  "usd_thb": 31.5
}