{
  "ts": "2026-07-14T15:56:01.516Z",
  "xauusd": 4068.300049,
  "xagusd": 58.915001,
  "fng": {
    "value": 22,
    "classification": "Extreme Fear"
  },
  "usd_thb": 33.45
}