{
  "ts": "2026-02-23T09:00:23.998Z",
  "xauusd": 5141.100098,
  "xagusd": 86.455002,
  "fng": {
    "value": 5,
    "classification": "Extreme Fear"
  },
  "usd_thb": 31.02
}