{
  "ts": "2025-08-27T03:48:19.798Z",
  "xauusd": 3383.100098,
  "xagusd": 38.602001,
  "fng": {
    "value": 51,
    "classification": "Neutral"
  },
  "usd_thb": 32.53
}