{
  "ts": "2025-12-10T04:40:27.333Z",
  "xauusd": 4208.700195,
  "xagusd": 61.102001,
  "fng": {
    "value": 26,
    "classification": "Fear"
  },
  "usd_thb": 31.82
}