{
  "ts": "2025-11-06T21:28:20.170Z",
  "xauusd": 3981.399902,
  "xagusd": 48.037998,
  "fng": {
    "value": 27,
    "classification": "Fear"
  },
  "usd_thb": 32.39
}