{
  "ts": "2025-11-07T18:51:21.731Z",
  "xauusd": 4006.199951,
  "xagusd": 48.362999,
  "fng": {
    "value": 24,
    "classification": "Extreme Fear"
  },
  "usd_thb": 32.4
}