{
  "ts": "2025-11-06T23:18:25.854Z",
  "xauusd": 3983.100098,
  "xagusd": 48.119999,
  "fng": {
    "value": 27,
    "classification": "Fear"
  },
  "usd_thb": 32.41
}