{
  "ts": "2025-09-16T22:46:35.271Z",
  "xauusd": 3693.300049,
  "xagusd": 42.665001,
  "fng": {
    "value": 52,
    "classification": "Neutral"
  },
  "usd_thb": 31.66
}