{
  "ts": "2026-01-14T21:42:39.585Z",
  "xauusd": 4621.299805,
  "xagusd": 92.800003,
  "fng": {
    "value": 48,
    "classification": "Neutral"
  },
  "usd_thb": 31.33
}