{
  "ts": "2025-10-14T12:51:54.329Z",
  "xauusd": 4109.100098,
  "xagusd": 50.615002,
  "fng": {
    "value": 38,
    "classification": "Fear"
  },
  "usd_thb": 32.78
}