{
  "ts": "2025-12-18T16:31:31.721Z",
  "xauusd": 4370.100098,
  "xagusd": 65.947998,
  "fng": {
    "value": 17,
    "classification": "Extreme Fear"
  },
  "usd_thb": 31.37
}