{
  "ts": "2025-10-10T14:37:28.235Z",
  "xauusd": 3983.100098,
  "xagusd": 50.595001,
  "fng": {
    "value": 64,
    "classification": "Greed"
  },
  "usd_thb": 32.71
}