{
  "ts": "2025-08-15T04:49:05.438Z",
  "xauusd": 3345.899902,
  "xagusd": 38.080002,
  "fng": {
    "value": 60,
    "classification": "Greed"
  },
  "usd_thb": 32.41
}