{
  "ts": "2026-01-08T21:49:30.551Z",
  "xauusd": 4475.799805,
  "xagusd": 76.946999,
  "fng": {
    "value": 28,
    "classification": "Fear"
  },
  "usd_thb": 31.41
}