{
  "ts": "2026-01-15T20:49:21.110Z",
  "xauusd": 4607.100098,
  "xagusd": 92.007004,
  "fng": {
    "value": 61,
    "classification": "Greed"
  },
  "usd_thb": 31.33
}