{
  "ts": "2026-01-28T14:52:57.962Z",
  "xauusd": 5278.700195,
  "xagusd": 115.162003,
  "fng": {
    "value": 29,
    "classification": "Fear"
  },
  "usd_thb": 31.126
}