{
  "ts": "2026-03-16T11:57:04.417Z",
  "xauusd": 4999.899902,
  "xagusd": 79.147003,
  "fng": {
    "value": 23,
    "classification": "Extreme Fear"
  },
  "usd_thb": 32.42
}