{
  "ts": "2025-09-12T05:20:49.409Z",
  "xauusd": 3656.899902,
  "xagusd": 42.189999,
  "fng": {
    "value": 57,
    "classification": "Greed"
  },
  "usd_thb": 31.67
}