{
  "ts": "2026-05-06T15:36:03.521Z",
  "xauusd": 4695.700195,
  "xagusd": 77.475998,
  "fng": {
    "value": 46,
    "classification": "Fear"
  },
  "usd_thb": 32.24
}