{
  "ts": "2026-01-15T23:46:58.503Z",
  "xauusd": 4608.299805,
  "xagusd": 90.968002,
  "fng": {
    "value": 61,
    "classification": "Greed"
  },
  "usd_thb": 31.34
}