{
  "ts": "2026-04-28T11:23:19.834Z",
  "xauusd": 4597.100098,
  "xagusd": 72.832001,
  "fng": {
    "value": 33,
    "classification": "Fear"
  },
  "usd_thb": 32.45
}