{
  "ts": "2026-04-14T22:51:41.180Z",
  "xauusd": 4839.700195,
  "xagusd": 79.538002,
  "fng": {
    "value": 21,
    "classification": "Extreme Fear"
  },
  "usd_thb": 31.96
}