{
  "ts": "2026-03-12T16:38:20.418Z",
  "xauusd": 5130.200195,
  "xagusd": 85.331001,
  "fng": {
    "value": 18,
    "classification": "Extreme Fear"
  },
  "usd_thb": 32.03
}