{
  "ts": "2025-10-28T19:12:47.396Z",
  "xauusd": 3957.600098,
  "xagusd": 47.151001,
  "fng": {
    "value": 50,
    "classification": "Neutral"
  },
  "usd_thb": 32.34
}