{
  "ts": "2025-10-23T20:55:10.855Z",
  "xauusd": 4123.299805,
  "xagusd": 48.950001,
  "fng": {
    "value": 27,
    "classification": "Fear"
  },
  "usd_thb": 32.78
}