{
  "ts": "2025-09-15T12:36:25.232Z",
  "xauusd": 3640.800049,
  "xagusd": 42.112999,
  "fng": {
    "value": 53,
    "classification": "Neutral"
  },
  "usd_thb": 31.83
}