{
  "ts": "2025-12-14T15:20:47.043Z",
  "xauusd": 4300.700195,
  "xagusd": 61.987999,
  "fng": {
    "value": 21,
    "classification": "Extreme Fear"
  },
  "usd_thb": 31.46
}