{
  "ts": "2026-01-16T11:50:18.507Z",
  "xauusd": 4614.299805,
  "xagusd": 91.321999,
  "fng": {
    "value": 49,
    "classification": "Neutral"
  },
  "usd_thb": 31.35
}