{
  "ts": "2026-02-06T21:59:34.157Z",
  "xauusd": 4969.100098,
  "xagusd": 78.214996,
  "fng": {
    "value": 9,
    "classification": "Extreme Fear"
  },
  "usd_thb": 31.47
}