{
  "ts": "2025-12-30T22:51:55.081Z",
  "xauusd": 4339.700195,
  "xagusd": 76.283997,
  "fng": {
    "value": 23,
    "classification": "Extreme Fear"
  },
  "usd_thb": 31.39
}