{
  "ts": "2025-10-20T16:10:59.589Z",
  "xauusd": 4350.200195,
  "xagusd": 52.330002,
  "fng": {
    "value": 29,
    "classification": "Fear"
  },
  "usd_thb": 32.55
}