{
  "ts": "2025-12-31T18:28:54.236Z",
  "xauusd": 4328.399902,
  "xagusd": 71.471001,
  "fng": {
    "value": 21,
    "classification": "Extreme Fear"
  },
  "usd_thb": 31.44
}