{
  "ts": "2025-09-19T19:17:12.643Z",
  "xauusd": 3684.399902,
  "xagusd": 43.091999,
  "fng": {
    "value": 53,
    "classification": "Neutral"
  },
  "usd_thb": 31.8
}