{
  "ts": "2025-11-17T14:43:29.607Z",
  "xauusd": 4074.800049,
  "xagusd": 50.759998,
  "fng": {
    "value": 14,
    "classification": "Extreme Fear"
  },
  "usd_thb": 32.46
}