{
  "ts": "2025-08-17T22:47:27.448Z",
  "xauusd": 3335.899902,
  "xagusd": 37.942001,
  "fng": {
    "value": 64,
    "classification": "Greed"
  },
  "usd_thb": 32.36
}