{
  "ts": "2025-10-06T18:37:05.508Z",
  "xauusd": 3958.699951,
  "xagusd": 48.737999,
  "fng": {
    "value": 71,
    "classification": "Greed"
  },
  "usd_thb": 32.38
}