{
  "ts": "2025-12-04T05:50:28.139Z",
  "xauusd": 4185.399902,
  "xagusd": 57.881001,
  "fng": {
    "value": 26,
    "classification": "Fear"
  },
  "usd_thb": 32.02
}