{
  "ts": "2026-07-20T02:33:14.150Z",
  "xauusd": 4008.300049,
  "xagusd": 56.782001,
  "fng": {
    "value": 29,
    "classification": "Fear"
  },
  "usd_thb": 33.59
}