{
  "ts": "2025-10-09T15:01:36.978Z",
  "xauusd": 4023.300049,
  "xagusd": 50.620998,
  "fng": {
    "value": 70,
    "classification": "Greed"
  },
  "usd_thb": 32.69
}