{
  "ts": "2025-12-03T17:54:51.553Z",
  "xauusd": 4210.899902,
  "xagusd": 58.381001,
  "fng": {
    "value": 28,
    "classification": "Fear"
  },
  "usd_thb": 31.9
}