{
  "ts": "2026-07-14T17:12:20.274Z",
  "xauusd": 4059.800049,
  "xagusd": 58.800999,
  "fng": {
    "value": 22,
    "classification": "Extreme Fear"
  },
  "usd_thb": 33.42
}