{
  "ts": "2026-02-06T16:37:21.484Z",
  "xauusd": 4934.899902,
  "xagusd": 75.794998,
  "fng": {
    "value": 9,
    "classification": "Extreme Fear"
  },
  "usd_thb": 31.5
}