{
  "ts": "2025-10-30T10:35:42.040Z",
  "xauusd": 3988.199951,
  "xagusd": 48.082001,
  "fng": {
    "value": 34,
    "classification": "Fear"
  },
  "usd_thb": 32.4
}