{
  "ts": "2026-02-16T07:17:55.924Z",
  "xauusd": 4995.899902,
  "xagusd": 76.856003,
  "fng": {
    "value": 12,
    "classification": "Extreme Fear"
  },
  "usd_thb": 31.01
}