{
  "ts": "2026-01-02T21:51:59.560Z",
  "xauusd": 4332.200195,
  "xagusd": 72.717003,
  "fng": {
    "value": 28,
    "classification": "Fear"
  },
  "usd_thb": 31.49
}