{
  "ts": "2025-08-27T09:47:26.151Z",
  "xauusd": 3382.600098,
  "xagusd": 38.387001,
  "fng": {
    "value": 51,
    "classification": "Neutral"
  },
  "usd_thb": 32.46
}