{
  "ts": "2026-04-23T03:45:04.117Z",
  "xauusd": 4705.399902,
  "xagusd": 76.328003,
  "fng": {
    "value": 46,
    "classification": "Fear"
  },
  "usd_thb": 32.36
}