{
  "ts": "2025-11-11T21:24:14.262Z",
  "xauusd": 4130.700195,
  "xagusd": 51.234001,
  "fng": {
    "value": 26,
    "classification": "Fear"
  },
  "usd_thb": 32.43
}