{
  "ts": "2025-10-14T06:49:12.862Z",
  "xauusd": 4098.399902,
  "xagusd": 51.122002,
  "fng": {
    "value": 38,
    "classification": "Fear"
  },
  "usd_thb": 32.57
}