{
  "ts": "2025-10-03T20:11:37.710Z",
  "xauusd": 3887.600098,
  "xagusd": 48.050999,
  "fng": {
    "value": 63,
    "classification": "Greed"
  },
  "usd_thb": 32.32
}