{
  "ts": "2025-09-08T23:28:16.507Z",
  "xauusd": 3631.300049,
  "xagusd": 41.368999,
  "fng": {
    "value": 51,
    "classification": "Neutral"
  },
  "usd_thb": 31.69
}