{
  "ts": "2025-11-19T23:40:51.564Z",
  "xauusd": 4096.100098,
  "xagusd": 51.641998,
  "fng": {
    "value": 15,
    "classification": "Extreme Fear"
  },
  "usd_thb": 32.45
}