{
  "ts": "2025-12-08T21:21:12.384Z",
  "xauusd": 4192.600098,
  "xagusd": 58.191002,
  "fng": {
    "value": 20,
    "classification": "Extreme Fear"
  },
  "usd_thb": 31.89
}