{
  "ts": "2025-12-04T03:35:47.300Z",
  "xauusd": 4193.200195,
  "xagusd": 58.160999,
  "fng": {
    "value": 26,
    "classification": "Fear"
  },
  "usd_thb": 32.04
}