{
  "ts": "2025-11-14T13:46:26.934Z",
  "xauusd": 4051.899902,
  "xagusd": 50.700001,
  "fng": {
    "value": 16,
    "classification": "Extreme Fear"
  },
  "usd_thb": 32.37
}