{
  "ts": "2025-09-16T07:28:18.706Z",
  "xauusd": 3691.899902,
  "xagusd": 42.773998,
  "fng": {
    "value": 52,
    "classification": "Neutral"
  },
  "usd_thb": 31.67
}