{
  "ts": "2026-03-15T22:50:40.302Z",
  "xauusd": 5022.100098,
  "xagusd": 80.489998,
  "fng": {
    "value": 15,
    "classification": "Extreme Fear"
  },
  "usd_thb": 32.37
}