{
  "ts": "2025-10-06T10:00:10.846Z",
  "xauusd": 3941.899902,
  "xagusd": 48.671001,
  "fng": {
    "value": 71,
    "classification": "Greed"
  },
  "usd_thb": 32.44
}