{
  "ts": "2026-03-23T20:01:31.903Z",
  "xauusd": 4386.299805,
  "xagusd": 68.809998,
  "fng": {
    "value": 8,
    "classification": "Extreme Fear"
  },
  "usd_thb": 32.32
}