{
  "ts": "2026-01-23T07:49:41.550Z",
  "xauusd": 4947.700195,
  "xagusd": 98.858002,
  "fng": {
    "value": 24,
    "classification": "Extreme Fear"
  },
  "usd_thb": 31.185
}