{
  "ts": "2025-10-30T15:36:08.667Z",
  "xauusd": 4003.100098,
  "xagusd": 48.898998,
  "fng": {
    "value": 34,
    "classification": "Fear"
  },
  "usd_thb": 32.38
}