{
  "ts": "2025-09-08T17:32:17.444Z",
  "xauusd": 3637.699951,
  "xagusd": 41.334999,
  "fng": {
    "value": 51,
    "classification": "Neutral"
  },
  "usd_thb": 31.71
}