{
  "ts": "2025-09-09T01:25:05.167Z",
  "xauusd": 3646.800049,
  "xagusd": 41.403999,
  "fng": {
    "value": 48,
    "classification": "Neutral"
  },
  "usd_thb": 31.65
}