{
  "ts": "2026-05-03T22:42:31.046Z",
  "xauusd": 4628.799805,
  "xagusd": 76.021004,
  "fng": {
    "value": 47,
    "classification": "Neutral"
  },
  "usd_thb": 32.33
}