{
  "ts": "2025-11-03T14:37:18.908Z",
  "xauusd": 4010.300049,
  "xagusd": 48.779999,
  "fng": {
    "value": 42,
    "classification": "Fear"
  },
  "usd_thb": 32.47
}