{
  "ts": "2025-08-19T03:15:19.338Z",
  "xauusd": 3340.699951,
  "xagusd": 37.984001,
  "fng": {
    "value": 56,
    "classification": "Greed"
  },
  "usd_thb": 32.51
}