{
  "ts": "2025-10-31T15:38:12.597Z",
  "xauusd": 4021.199951,
  "xagusd": 49.051998,
  "fng": {
    "value": 29,
    "classification": "Fear"
  },
  "usd_thb": 32.33
}