{
  "ts": "2026-03-06T22:30:41.419Z",
  "xauusd": 5173.100098,
  "xagusd": 84.593002,
  "fng": {
    "value": 18,
    "classification": "Extreme Fear"
  },
  "usd_thb": 31.75
}