{
  "ts": "2025-10-17T17:09:48.505Z",
  "xauusd": 4197.799805,
  "xagusd": 50.987999,
  "fng": {
    "value": 22,
    "classification": "Extreme Fear"
  },
  "usd_thb": 32.82
}