{
  "ts": "2026-01-20T23:31:00.458Z",
  "xauusd": 4760.600098,
  "xagusd": 94.549004,
  "fng": {
    "value": 32,
    "classification": "Fear"
  },
  "usd_thb": 30.97
}