{
  "ts": "2025-09-03T09:19:40.359Z",
  "xauusd": 3540.699951,
  "xagusd": 40.877998,
  "fng": {
    "value": 55,
    "classification": "Greed"
  },
  "usd_thb": 32.35
}