{
  "ts": "2026-01-14T20:29:55.542Z",
  "xauusd": 4634.799805,
  "xagusd": 93.315002,
  "fng": {
    "value": 48,
    "classification": "Neutral"
  },
  "usd_thb": 31.31
}