{
  "ts": "2026-02-05T17:01:43.238Z",
  "xauusd": 4889.200195,
  "xagusd": 77.124001,
  "fng": {
    "value": 12,
    "classification": "Extreme Fear"
  },
  "usd_thb": 31.72
}