{
  "ts": "2025-12-05T14:37:55.089Z",
  "xauusd": 4234.399902,
  "xagusd": 58.259998,
  "fng": {
    "value": 28,
    "classification": "Fear"
  },
  "usd_thb": 31.85
}