{
  "ts": "2026-01-29T11:06:36.245Z",
  "xauusd": 5484.799805,
  "xagusd": 116.690002,
  "fng": {
    "value": 26,
    "classification": "Fear"
  },
  "usd_thb": 31.272
}