{
  "ts": "2025-09-18T07:55:09.159Z",
  "xauusd": 3659.699951,
  "xagusd": 41.790001,
  "fng": {
    "value": 52,
    "classification": "Neutral"
  },
  "usd_thb": 31.81
}