{
  "ts": "2026-06-30T18:07:43.512Z",
  "xauusd": 4033.699951,
  "xagusd": 59.818001,
  "fng": {
    "value": 15,
    "classification": "Extreme Fear"
  },
  "usd_thb": 33.21
}