{
  "ts": "2025-12-26T06:31:44.098Z",
  "xauusd": 4517.299805,
  "xagusd": 74.995003,
  "fng": {
    "value": 20,
    "classification": "Extreme Fear"
  },
  "usd_thb": 30.96
}