{
  "ts": "2026-01-19T19:22:57.145Z",
  "xauusd": 4670.799805,
  "xagusd": 94.536003,
  "fng": {
    "value": 44,
    "classification": "Fear"
  },
  "usd_thb": 31.237
}