{
  "ts": "2025-11-19T07:43:39.644Z",
  "xauusd": 4095.300049,
  "xagusd": 51.578999,
  "fng": {
    "value": 15,
    "classification": "Extreme Fear"
  },
  "usd_thb": 32.39
}