{
  "ts": "2026-01-19T17:57:33.540Z",
  "xauusd": 4677.700195,
  "xagusd": 94.752998,
  "fng": {
    "value": 44,
    "classification": "Fear"
  },
  "usd_thb": 31.223
}