{
  "ts": "2025-12-22T20:54:08.634Z",
  "xauusd": 4437.799805,
  "xagusd": 68.925003,
  "fng": {
    "value": 25,
    "classification": "Extreme Fear"
  },
  "usd_thb": 31.14
}