{
  "ts": "2025-12-23T07:51:14.100Z",
  "xauusd": 4488.200195,
  "xagusd": 69.683998,
  "fng": {
    "value": 24,
    "classification": "Extreme Fear"
  },
  "usd_thb": 31.11
}