{
  "ts": "2025-10-27T12:56:50.973Z",
  "xauusd": 4041.699951,
  "xagusd": 47.657001,
  "fng": {
    "value": 51,
    "classification": "Neutral"
  },
  "usd_thb": 32.68
}