{
  "ts": "2026-06-17T22:42:57.616Z",
  "xauusd": 4267.299805,
  "xagusd": 68.077003,
  "fng": {
    "value": 22,
    "classification": "Extreme Fear"
  },
  "usd_thb": 32.71
}