{
  "ts": "2025-12-30T10:24:45.109Z",
  "xauusd": 4378.200195,
  "xagusd": 74.504997,
  "fng": {
    "value": 23,
    "classification": "Extreme Fear"
  },
  "usd_thb": 31.39
}