{
  "ts": "2025-09-02T08:55:49.897Z",
  "xauusd": 3478.899902,
  "xagusd": 40.296001,
  "fng": {
    "value": 49,
    "classification": "Neutral"
  },
  "usd_thb": 32.36
}