{
  "ts": "2025-09-26T04:57:32.547Z",
  "xauusd": 3748.300049,
  "xagusd": 44.752998,
  "fng": {
    "value": 28,
    "classification": "Fear"
  },
  "usd_thb": 32.24
}