{
  "ts": "2026-03-18T19:54:12.370Z",
  "xauusd": 4846.200195,
  "xagusd": 76.232002,
  "fng": {
    "value": 26,
    "classification": "Fear"
  },
  "usd_thb": 32.74
}