{
  "ts": "2025-12-29T17:39:25.827Z",
  "xauusd": 4325.600098,
  "xagusd": 71.825996,
  "fng": {
    "value": 24,
    "classification": "Extreme Fear"
  },
  "usd_thb": 31.61
}