{
  "ts": "2025-11-27T11:50:34.635Z",
  "xauusd": 4161.399902,
  "xagusd": 53.387001,
  "fng": {
    "value": 22,
    "classification": "Extreme Fear"
  },
  "usd_thb": 32.21
}