{
  "ts": "2025-09-25T13:52:20.969Z",
  "xauusd": 3727.600098,
  "xagusd": 44.379002,
  "fng": {
    "value": 44,
    "classification": "Fear"
  },
  "usd_thb": 32.28
}