{
  "ts": "2026-01-04T19:42:59.635Z",
  "xauusd": 4332.299805,
  "xagusd": 72.890999,
  "fng": {
    "value": 25,
    "classification": "Extreme Fear"
  },
  "usd_thb": 31.52
}