{
  "ts": "2026-02-04T07:07:37.201Z",
  "xauusd": 5068.100098,
  "xagusd": 89.330002,
  "fng": {
    "value": 14,
    "classification": "Extreme Fear"
  },
  "usd_thb": 31.55
}