{
  "ts": "2025-08-18T14:29:22.928Z",
  "xauusd": 3337.600098,
  "xagusd": 38.130001,
  "fng": {
    "value": 60,
    "classification": "Greed"
  },
  "usd_thb": 32.5
}