{
  "ts": "2026-04-02T07:50:02.550Z",
  "xauusd": 4649.100098,
  "xagusd": 71.654999,
  "fng": {
    "value": 12,
    "classification": "Extreme Fear"
  },
  "usd_thb": 32.62
}