{
  "ts": "2026-05-08T04:26:15.426Z",
  "xauusd": 4718.600098,
  "xagusd": 79.942001,
  "fng": {
    "value": 38,
    "classification": "Fear"
  },
  "usd_thb": 32.23
}