{
  "ts": "2025-08-27T07:50:02.553Z",
  "xauusd": 3378.899902,
  "xagusd": 38.450001,
  "fng": {
    "value": 51,
    "classification": "Neutral"
  },
  "usd_thb": 32.48
}