{
  "ts": "2025-12-22T14:42:09.096Z",
  "xauusd": 4419.899902,
  "xagusd": 68.960999,
  "fng": {
    "value": 25,
    "classification": "Extreme Fear"
  },
  "usd_thb": 31.14
}