{
  "ts": "2025-09-08T11:23:55.755Z",
  "xauusd": 3616.300049,
  "xagusd": 41.290001,
  "fng": {
    "value": 51,
    "classification": "Neutral"
  },
  "usd_thb": 31.77
}