{
  "ts": "2025-10-08T16:55:55.140Z",
  "xauusd": 4055.300049,
  "xagusd": 49.366001,
  "fng": {
    "value": 60,
    "classification": "Greed"
  },
  "usd_thb": 32.52
}