{
  "ts": "2025-09-29T14:14:18.010Z",
  "xauusd": 3827.199951,
  "xagusd": 46.846001,
  "fng": {
    "value": 50,
    "classification": "Neutral"
  },
  "usd_thb": 32.23
}