{
  "ts": "2026-01-26T06:43:57.946Z",
  "xauusd": 5090.299805,
  "xagusd": 107.830002,
  "fng": {
    "value": 20,
    "classification": "Extreme Fear"
  },
  "usd_thb": 31.05
}