{
  "ts": "2026-01-29T19:56:37.649Z",
  "xauusd": 5304.100098,
  "xagusd": 113.803001,
  "fng": {
    "value": 26,
    "classification": "Fear"
  },
  "usd_thb": 31.331
}