{
  "ts": "2026-01-29T07:01:00.402Z",
  "xauusd": 5563.399902,
  "xagusd": 119.120003,
  "fng": {
    "value": 26,
    "classification": "Fear"
  },
  "usd_thb": 31.034
}