{
  "ts": "2025-12-04T13:50:50.489Z",
  "xauusd": 4193.600098,
  "xagusd": 57.453999,
  "fng": {
    "value": 26,
    "classification": "Fear"
  },
  "usd_thb": 32.05
}