{
  "ts": "2025-09-23T08:33:54.662Z",
  "xauusd": 3763.899902,
  "xagusd": 44.040001,
  "fng": {
    "value": 43,
    "classification": "Fear"
  },
  "usd_thb": 31.82
}