{
  "ts": "2025-09-18T16:39:33.088Z",
  "xauusd": 3645.100098,
  "xagusd": 41.807999,
  "fng": {
    "value": 52,
    "classification": "Neutral"
  },
  "usd_thb": 31.93
}