{
  "ts": "2025-11-28T14:18:00.079Z",
  "xauusd": 4193.100098,
  "xagusd": 54.574001,
  "fng": {
    "value": 25,
    "classification": "Extreme Fear"
  },
  "usd_thb": 32.19
}