{
  "ts": "2026-02-10T11:31:29.175Z",
  "xauusd": 5048.799805,
  "xagusd": 81.900002,
  "fng": {
    "value": 9,
    "classification": "Extreme Fear"
  },
  "usd_thb": 31.13
}