{
  "ts": "2026-01-23T16:41:13.886Z",
  "xauusd": 4982.399902,
  "xagusd": 100.827003,
  "fng": {
    "value": 24,
    "classification": "Extreme Fear"
  },
  "usd_thb": 31.074
}