{
  "ts": "2026-01-05T11:17:11.934Z",
  "xauusd": 4433.200195,
  "xagusd": 75.760002,
  "fng": {
    "value": 26,
    "classification": "Fear"
  },
  "usd_thb": 31.29
}