{
  "ts": "2025-11-21T21:30:46.635Z",
  "xauusd": 4063.100098,
  "xagusd": 50.008999,
  "fng": {
    "value": 14,
    "classification": "Extreme Fear"
  },
  "usd_thb": 32.41
}