{
  "ts": "2025-11-10T04:54:12.484Z",
  "xauusd": 4054.199951,
  "xagusd": 49.265999,
  "fng": {
    "value": 29,
    "classification": "Fear"
  },
  "usd_thb": 32.37
}