{
  "ts": "2025-11-21T08:19:20.703Z",
  "xauusd": 4041.600098,
  "xagusd": 49.346001,
  "fng": {
    "value": 14,
    "classification": "Extreme Fear"
  },
  "usd_thb": 32.49
}