{
  "ts": "2026-01-11T06:15:57.249Z",
  "xauusd": 4510.799805,
  "xagusd": 79.960999,
  "fng": {
    "value": 29,
    "classification": "Fear"
  },
  "usd_thb": 31.31
}