{
  "ts": "2026-03-02T04:28:40.577Z",
  "xauusd": 5366.299805,
  "xagusd": 94.268997,
  "fng": {
    "value": 10,
    "classification": "Extreme Fear"
  },
  "usd_thb": 31.31
}