{
  "ts": "2025-10-06T02:40:43.892Z",
  "xauusd": 3921.699951,
  "xagusd": 48.353001,
  "fng": {
    "value": 71,
    "classification": "Greed"
  },
  "usd_thb": 32.35
}