{
  "ts": "2026-05-15T10:38:57.248Z",
  "xauusd": 4554.700195,
  "xagusd": 78.495003,
  "fng": {
    "value": 43,
    "classification": "Fear"
  },
  "usd_thb": 32.59
}