{
  "ts": "2025-12-19T14:42:36.339Z",
  "xauusd": 4337.600098,
  "xagusd": 66.580002,
  "fng": {
    "value": 16,
    "classification": "Extreme Fear"
  },
  "usd_thb": 31.42
}