{
  "ts": "2025-09-25T17:41:55.313Z",
  "xauusd": 3740.399902,
  "xagusd": 44.932999,
  "fng": {
    "value": 44,
    "classification": "Fear"
  },
  "usd_thb": 32.3
}