{
  "ts": "2025-09-09T18:46:28.309Z",
  "xauusd": 3641.584961,
  "xagusd": 40.990002,
  "fng": {
    "value": 48,
    "classification": "Neutral"
  },
  "usd_thb": 31.75
}