{
  "ts": "2026-03-08T23:37:06.978Z",
  "xauusd": 5084.100098,
  "xagusd": 82.119003,
  "fng": {
    "value": 12,
    "classification": "Extreme Fear"
  },
  "usd_thb": 31.93
}