{
  "ts": "2025-12-26T11:52:59.485Z",
  "xauusd": 4507.100098,
  "xagusd": 74.211998,
  "fng": {
    "value": 20,
    "classification": "Extreme Fear"
  },
  "usd_thb": 31
}