{
  "ts": "2025-10-31T10:59:30.109Z",
  "xauusd": 4005.800049,
  "xagusd": 48.977001,
  "fng": {
    "value": 29,
    "classification": "Fear"
  },
  "usd_thb": 32.29
}