{
  "ts": "2026-01-08T15:58:51.734Z",
  "xauusd": 4451.899902,
  "xagusd": 75.615997,
  "fng": {
    "value": 28,
    "classification": "Fear"
  },
  "usd_thb": 31.51
}