{
  "ts": "2025-12-25T23:47:08.371Z",
  "xauusd": 4499.700195,
  "xagusd": 73.246002,
  "fng": {
    "value": 23,
    "classification": "Extreme Fear"
  },
  "usd_thb": 31.01
}