{
  "ts": "2025-10-08T17:43:01.696Z",
  "xauusd": 4050.699951,
  "xagusd": 49.432999,
  "fng": {
    "value": 60,
    "classification": "Greed"
  },
  "usd_thb": 32.51
}