{
  "ts": "2025-11-28T13:55:44.805Z",
  "xauusd": 4177.799805,
  "xagusd": 54.134998,
  "fng": {
    "value": 25,
    "classification": "Extreme Fear"
  },
  "usd_thb": 32.2
}