{
  "ts": "2025-11-25T06:49:16.391Z",
  "xauusd": 4140.799805,
  "xagusd": 51.352001,
  "fng": {
    "value": 20,
    "classification": "Extreme Fear"
  },
  "usd_thb": 32.32
}