{
  "ts": "2026-01-26T20:55:02.168Z",
  "xauusd": 5059.399902,
  "xagusd": 108.823997,
  "fng": {
    "value": 20,
    "classification": "Extreme Fear"
  },
  "usd_thb": 31.155
}