{
  "ts": "2025-11-11T04:48:21.266Z",
  "xauusd": 4144.700195,
  "xagusd": 51.056999,
  "fng": {
    "value": 26,
    "classification": "Fear"
  },
  "usd_thb": 32.4
}