{
  "ts": "2025-10-14T23:09:51.179Z",
  "xauusd": 4162.100098,
  "xagusd": 51.616001,
  "fng": {
    "value": 38,
    "classification": "Fear"
  },
  "usd_thb": 32.65
}