{
  "ts": "2025-11-13T07:16:50.817Z",
  "xauusd": 4211.299805,
  "xagusd": 54.054001,
  "fng": {
    "value": 15,
    "classification": "Extreme Fear"
  },
  "usd_thb": 32.34
}