{
  "ts": "2025-10-08T17:31:52.314Z",
  "xauusd": 4048.699951,
  "xagusd": 49.471001,
  "fng": {
    "value": 60,
    "classification": "Greed"
  },
  "usd_thb": 32.49
}