{
  "ts": "2026-01-15T19:48:16.150Z",
  "xauusd": 4616.899902,
  "xagusd": 93.078003,
  "fng": {
    "value": 61,
    "classification": "Greed"
  },
  "usd_thb": 31.34
}