{
  "ts": "2025-09-03T21:53:09.549Z",
  "xauusd": 3560.300049,
  "xagusd": 41.259998,
  "fng": {
    "value": 55,
    "classification": "Greed"
  },
  "usd_thb": 32.28
}