{
  "ts": "2026-01-28T03:01:27.860Z",
  "xauusd": 5235.600098,
  "xagusd": 114.639999,
  "fng": {
    "value": 29,
    "classification": "Fear"
  },
  "usd_thb": 30.988
}