{
  "ts": "2026-03-04T13:17:50.468Z",
  "xauusd": 5193.200195,
  "xagusd": 85.913002,
  "fng": {
    "value": 10,
    "classification": "Extreme Fear"
  },
  "usd_thb": 31.42
}