{
  "ts": "2025-09-05T08:44:04.914Z",
  "xauusd": 3548.899902,
  "xagusd": 40.823002,
  "fng": {
    "value": 48,
    "classification": "Neutral"
  },
  "usd_thb": 32.16
}