{
  "ts": "2025-08-25T18:57:31.327Z",
  "xauusd": 3371.199951,
  "xagusd": 38.734001,
  "fng": {
    "value": 47,
    "classification": "Neutral"
  },
  "usd_thb": 32.47
}