{
  "ts": "2026-01-14T19:00:42.841Z",
  "xauusd": 4636.399902,
  "xagusd": 92.470001,
  "fng": {
    "value": 48,
    "classification": "Neutral"
  },
  "usd_thb": 31.33
}