{
  "ts": "2025-12-16T11:23:41.295Z",
  "xauusd": 4277.799805,
  "xagusd": 62.917999,
  "fng": {
    "value": 11,
    "classification": "Extreme Fear"
  },
  "usd_thb": 31.51
}