{
  "ts": "2025-12-18T13:25:51.496Z",
  "xauusd": 4320.799805,
  "xagusd": 65.839996,
  "fng": {
    "value": 17,
    "classification": "Extreme Fear"
  },
  "usd_thb": 31.45
}