{
  "ts": "2025-11-04T07:53:15.335Z",
  "xauusd": 3996.300049,
  "xagusd": 47.818001,
  "fng": {
    "value": 21,
    "classification": "Extreme Fear"
  },
  "usd_thb": 32.51
}