{
  "ts": "2026-05-17T17:40:26.359Z",
  "xauusd": 4541.200195,
  "xagusd": 76.092003,
  "fng": {
    "value": 27,
    "classification": "Fear"
  },
  "usd_thb": 32.65
}