{
  "ts": "2025-11-26T10:43:23.105Z",
  "xauusd": 4161.600098,
  "xagusd": 52.491001,
  "fng": {
    "value": 15,
    "classification": "Extreme Fear"
  },
  "usd_thb": 32.21
}