{
  "ts": "2026-01-22T07:43:18.412Z",
  "xauusd": 4838.299805,
  "xagusd": 94.412003,
  "fng": {
    "value": 20,
    "classification": "Extreme Fear"
  },
  "usd_thb": 31.35
}