{
  "ts": "2025-11-17T10:54:25.135Z",
  "xauusd": 4075.300049,
  "xagusd": 50.910999,
  "fng": {
    "value": 14,
    "classification": "Extreme Fear"
  },
  "usd_thb": 32.46
}