{
  "ts": "2025-12-03T09:29:10.195Z",
  "xauusd": 4202.200195,
  "xagusd": 58.132999,
  "fng": {
    "value": 28,
    "classification": "Fear"
  },
  "usd_thb": 31.94
}