{
  "ts": "2025-12-23T21:31:05.067Z",
  "xauusd": 4491.200195,
  "xagusd": 71.483002,
  "fng": {
    "value": 24,
    "classification": "Extreme Fear"
  },
  "usd_thb": 31.09
}