{
  "ts": "2026-03-31T05:42:14.154Z",
  "xauusd": 4577.200195,
  "xagusd": 72.449997,
  "fng": {
    "value": 11,
    "classification": "Extreme Fear"
  },
  "usd_thb": 32.91
}