{
  "ts": "2025-10-06T14:23:47.697Z",
  "xauusd": 3947.199951,
  "xagusd": 48.654999,
  "fng": {
    "value": 71,
    "classification": "Greed"
  },
  "usd_thb": 32.45
}