{
  "ts": "2025-10-24T04:15:34.201Z",
  "xauusd": 4117.299805,
  "xagusd": 48.630001,
  "fng": {
    "value": 30,
    "classification": "Fear"
  },
  "usd_thb": 32.77
}