{
  "ts": "2026-03-27T19:47:41.588Z",
  "xauusd": 4506.100098,
  "xagusd": 69.767998,
  "fng": {
    "value": 13,
    "classification": "Extreme Fear"
  },
  "usd_thb": 32.86
}