{
  "ts": "2025-11-28T11:59:20.000Z",
  "xauusd": 4173.899902,
  "xagusd": 53.939999,
  "fng": {
    "value": 25,
    "classification": "Extreme Fear"
  },
  "usd_thb": 32.17
}