{
  "ts": "2025-11-05T05:58:21.082Z",
  "xauusd": 3964.399902,
  "xagusd": 47.720001,
  "fng": {
    "value": 23,
    "classification": "Extreme Fear"
  },
  "usd_thb": 32.53
}