{
  "ts": "2025-11-04T09:44:05.514Z",
  "xauusd": 3997.699951,
  "xagusd": 48.022999,
  "fng": {
    "value": 21,
    "classification": "Extreme Fear"
  },
  "usd_thb": 32.51
}