{
  "ts": "2025-09-24T02:52:30.644Z",
  "xauusd": 3756.300049,
  "xagusd": 43.921001,
  "fng": {
    "value": 44,
    "classification": "Fear"
  },
  "usd_thb": 31.94
}