{
  "ts": "2026-01-23T21:41:46.826Z",
  "xauusd": 4982.799805,
  "xagusd": 102.962997,
  "fng": {
    "value": 24,
    "classification": "Extreme Fear"
  },
  "usd_thb": 30.95
}