{
  "ts": "2026-04-18T16:56:14.154Z",
  "xauusd": 4831.399902,
  "xagusd": 80.950996,
  "fng": {
    "value": 26,
    "classification": "Fear"
  },
  "usd_thb": 31.89
}