{
  "ts": "2025-08-20T19:28:52.180Z",
  "xauusd": 3349.699951,
  "xagusd": 37.956001,
  "fng": {
    "value": 44,
    "classification": "Fear"
  },
  "usd_thb": 32.54
}