{
  "ts": "2026-03-22T22:54:32.841Z",
  "xauusd": 4508.299805,
  "xagusd": 69.184998,
  "fng": {
    "value": 10,
    "classification": "Extreme Fear"
  },
  "usd_thb": 32.93
}