{
  "ts": "2025-11-27T09:54:14.392Z",
  "xauusd": 4160.799805,
  "xagusd": 53.493999,
  "fng": {
    "value": 22,
    "classification": "Extreme Fear"
  },
  "usd_thb": 32.23
}