{
  "ts": "2025-10-03T13:32:07.465Z",
  "xauusd": 3882.800049,
  "xagusd": 47.756001,
  "fng": {
    "value": 63,
    "classification": "Greed"
  },
  "usd_thb": 32.34
}