{
  "ts": "2026-04-06T13:43:41.889Z",
  "xauusd": 4678.100098,
  "xagusd": 72.859001,
  "fng": {
    "value": 13,
    "classification": "Extreme Fear"
  },
  "usd_thb": 32.46
}