{
  "ts": "2025-10-15T11:54:22.959Z",
  "xauusd": 4196.100098,
  "xagusd": 52.924999,
  "fng": {
    "value": 34,
    "classification": "Fear"
  },
  "usd_thb": 32.57
}