{
  "ts": "2025-12-09T07:00:04.999Z",
  "xauusd": 4183.600098,
  "xagusd": 58.053001,
  "fng": {
    "value": 22,
    "classification": "Extreme Fear"
  },
  "usd_thb": 31.87
}