{
  "ts": "2025-10-14T13:22:43.584Z",
  "xauusd": 4110.899902,
  "xagusd": 50.634998,
  "fng": {
    "value": 38,
    "classification": "Fear"
  },
  "usd_thb": 32.75
}