{
  "ts": "2026-04-14T18:52:37.443Z",
  "xauusd": 4832.799805,
  "xagusd": 79.248001,
  "fng": {
    "value": 21,
    "classification": "Extreme Fear"
  },
  "usd_thb": 31.96
}