{
  "ts": "2025-10-14T23:26:39.141Z",
  "xauusd": 4162.299805,
  "xagusd": 51.764999,
  "fng": {
    "value": 38,
    "classification": "Fear"
  },
  "usd_thb": 32.65
}