{
  "ts": "2025-11-19T13:03:40.822Z",
  "xauusd": 4112.700195,
  "xagusd": 52.122002,
  "fng": {
    "value": 15,
    "classification": "Extreme Fear"
  },
  "usd_thb": 32.4
}