{
  "ts": "2025-08-21T01:42:33.007Z",
  "xauusd": 3346.300049,
  "xagusd": 38.005001,
  "fng": {
    "value": 50,
    "classification": "Neutral"
  },
  "usd_thb": 32.55
}