{
  "ts": "2025-10-07T07:58:58.248Z",
  "xauusd": 3946.199951,
  "xagusd": 48.080002,
  "fng": {
    "value": 70,
    "classification": "Greed"
  },
  "usd_thb": 32.54
}