{
  "ts": "2026-03-11T08:22:41.020Z",
  "xauusd": 5190.100098,
  "xagusd": 87.026001,
  "fng": {
    "value": 15,
    "classification": "Extreme Fear"
  },
  "usd_thb": 31.53
}