{
  "ts": "2025-11-10T21:28:53.004Z",
  "xauusd": 4114.700195,
  "xagusd": 50.629002,
  "fng": {
    "value": 29,
    "classification": "Fear"
  },
  "usd_thb": 32.31
}