{
  "ts": "2026-01-01T23:26:03.542Z",
  "xauusd": 4340.799805,
  "xagusd": 72.398003,
  "fng": {
    "value": 20,
    "classification": "Extreme Fear"
  },
  "usd_thb": 31.5
}