{
  "ts": "2026-04-17T05:52:20.846Z",
  "xauusd": 4800.600098,
  "xagusd": 79.248001,
  "fng": {
    "value": 21,
    "classification": "Extreme Fear"
  },
  "usd_thb": 32.04
}