{
  "ts": "2025-08-14T22:47:14.513Z",
  "xauusd": 3334.899902,
  "xagusd": 38.047001,
  "fng": {
    "value": 75,
    "classification": "Greed"
  },
  "usd_thb": 32.46
}