{
  "ts": "2025-09-02T18:57:33.595Z",
  "xauusd": 3527.399902,
  "xagusd": 40.905998,
  "fng": {
    "value": 49,
    "classification": "Neutral"
  },
  "usd_thb": 32.35
}