{
  "ts": "2026-04-27T20:43:10.885Z",
  "xauusd": 4680.399902,
  "xagusd": 75.549004,
  "fng": {
    "value": 47,
    "classification": "Neutral"
  },
  "usd_thb": 32.32
}