{
  "ts": "2026-06-24T21:38:06.941Z",
  "xauusd": 4000.399902,
  "xagusd": 57.551998,
  "fng": {
    "value": 17,
    "classification": "Extreme Fear"
  },
  "usd_thb": 33.42
}