{
  "ts": "2025-08-27T08:48:46.251Z",
  "xauusd": 3383.699951,
  "xagusd": 38.443001,
  "fng": {
    "value": 51,
    "classification": "Neutral"
  },
  "usd_thb": 32.46
}