{
  "ts": "2026-01-27T08:16:45.178Z",
  "xauusd": 5087.299805,
  "xagusd": 112.480003,
  "fng": {
    "value": 29,
    "classification": "Fear"
  },
  "usd_thb": 31.09
}