{
  "ts": "2026-03-31T03:55:21.002Z",
  "xauusd": 4556.700195,
  "xagusd": 72.158997,
  "fng": {
    "value": 11,
    "classification": "Extreme Fear"
  },
  "usd_thb": 32.88
}