{
  "ts": "2025-11-05T07:52:11.907Z",
  "xauusd": 3972.600098,
  "xagusd": 47.837002,
  "fng": {
    "value": 23,
    "classification": "Extreme Fear"
  },
  "usd_thb": 32.56
}