{
  "ts": "2026-05-15T01:23:48.635Z",
  "xauusd": 4621.399902,
  "xagusd": 81.431999,
  "fng": {
    "value": 43,
    "classification": "Fear"
  },
  "usd_thb": 32.47
}