{
  "ts": "2025-12-04T12:33:01.168Z",
  "xauusd": 4194.700195,
  "xagusd": 57.543999,
  "fng": {
    "value": 26,
    "classification": "Fear"
  },
  "usd_thb": 32.04
}