{
  "ts": "2025-11-03T17:32:16.338Z",
  "xauusd": 4007.300049,
  "xagusd": 48.457001,
  "fng": {
    "value": 42,
    "classification": "Fear"
  },
  "usd_thb": 32.48
}