{
  "ts": "2026-03-30T20:23:01.267Z",
  "xauusd": 4508.200195,
  "xagusd": 70.186996,
  "fng": {
    "value": 8,
    "classification": "Extreme Fear"
  },
  "usd_thb": 32.77
}