{
  "ts": "2025-10-16T08:56:50.886Z",
  "xauusd": 4233.200195,
  "xagusd": 52.942001,
  "fng": {
    "value": 28,
    "classification": "Fear"
  },
  "usd_thb": 32.56
}