{
  "ts": "2025-11-12T03:50:56.119Z",
  "xauusd": 4118.100098,
  "xagusd": 51.151001,
  "fng": {
    "value": 24,
    "classification": "Extreme Fear"
  },
  "usd_thb": 32.5
}