{
  "ts": "2026-03-24T20:05:58.949Z",
  "xauusd": 4400.700195,
  "xagusd": 69.664001,
  "fng": {
    "value": 11,
    "classification": "Extreme Fear"
  },
  "usd_thb": 32.65
}