{
  "ts": "2026-01-21T10:55:48.753Z",
  "xauusd": 4866.600098,
  "xagusd": 95.272003,
  "fng": {
    "value": 24,
    "classification": "Extreme Fear"
  },
  "usd_thb": 31.07
}