{
  "ts": "2026-07-16T20:24:39.084Z",
  "xauusd": 3973.699951,
  "xagusd": 55.641998,
  "fng": {
    "value": 25,
    "classification": "Extreme Fear"
  },
  "usd_thb": 33.55
}