{
  "ts": "2025-11-20T10:12:42.826Z",
  "xauusd": 4065.399902,
  "xagusd": 51.009998,
  "fng": {
    "value": 11,
    "classification": "Extreme Fear"
  },
  "usd_thb": 32.43
}