{
  "ts": "2026-03-16T23:45:47.249Z",
  "xauusd": 5010.299805,
  "xagusd": 81.161003,
  "fng": {
    "value": 23,
    "classification": "Extreme Fear"
  },
  "usd_thb": 32.35
}