{
  "ts": "2025-09-16T11:55:47.254Z",
  "xauusd": 3699.399902,
  "xagusd": 42.882999,
  "fng": {
    "value": 52,
    "classification": "Neutral"
  },
  "usd_thb": 31.67
}