{
  "ts": "2026-01-26T23:23:35.792Z",
  "xauusd": 5011.299805,
  "xagusd": 105.362999,
  "fng": {
    "value": 20,
    "classification": "Extreme Fear"
  },
  "usd_thb": 31.12
}