{
  "ts": "2025-09-08T13:35:52.531Z",
  "xauusd": 3622.800049,
  "xagusd": 41.398998,
  "fng": {
    "value": 51,
    "classification": "Neutral"
  },
  "usd_thb": 31.8
}