{
  "ts": "2026-01-13T20:50:26.730Z",
  "xauusd": 4589.299805,
  "xagusd": 86.816002,
  "fng": {
    "value": 26,
    "classification": "Fear"
  },
  "usd_thb": 31.5
}