{
  "ts": "2026-01-06T19:53:04.270Z",
  "xauusd": 4482.600098,
  "xagusd": 80.112999,
  "fng": {
    "value": 44,
    "classification": "Fear"
  },
  "usd_thb": 31.21
}