{
  "ts": "2025-09-10T06:12:39.954Z",
  "xauusd": 3644.300049,
  "xagusd": 41.136002,
  "fng": {
    "value": 49,
    "classification": "Neutral"
  },
  "usd_thb": 31.75
}