{
  "ts": "2026-02-27T06:02:16.163Z",
  "xauusd": 5198.799805,
  "xagusd": 90.249001,
  "fng": {
    "value": 13,
    "classification": "Extreme Fear"
  },
  "usd_thb": 30.99
}