{
  "ts": "2026-01-30T19:58:26.720Z",
  "xauusd": 4943.600098,
  "xagusd": 86.309998,
  "fng": {
    "value": 16,
    "classification": "Extreme Fear"
  },
  "usd_thb": 31.49
}