{
  "ts": "2026-02-17T15:07:26.196Z",
  "xauusd": 4866.399902,
  "xagusd": 72.816002,
  "fng": {
    "value": 10,
    "classification": "Extreme Fear"
  },
  "usd_thb": 31.32
}