{
  "ts": "2026-07-23T01:04:06.485Z",
  "xauusd": 4134.899902,
  "xagusd": 59.976002,
  "fng": {
    "value": 31,
    "classification": "Fear"
  },
  "usd_thb": 33.75
}