{
  "ts": "2026-01-09T06:33:25.554Z",
  "xauusd": 4475.299805,
  "xagusd": 77.065002,
  "fng": {
    "value": 27,
    "classification": "Fear"
  },
  "usd_thb": 31.4
}