{
  "ts": "2026-01-14T19:59:24.568Z",
  "xauusd": 4640.899902,
  "xagusd": 92.931999,
  "fng": {
    "value": 48,
    "classification": "Neutral"
  },
  "usd_thb": 31.33
}