{
  "ts": "2025-11-18T19:48:03.824Z",
  "xauusd": 4078.199951,
  "xagusd": 51.122002,
  "fng": {
    "value": 11,
    "classification": "Extreme Fear"
  },
  "usd_thb": 32.36
}