{
  "ts": "2025-09-12T03:59:06.910Z",
  "xauusd": 3651.600098,
  "xagusd": 42.050999,
  "fng": {
    "value": 57,
    "classification": "Greed"
  },
  "usd_thb": 31.67
}