{
  "ts": "2025-12-19T19:35:04.597Z",
  "xauusd": 4349.200195,
  "xagusd": 67.307999,
  "fng": {
    "value": 16,
    "classification": "Extreme Fear"
  },
  "usd_thb": 31.41
}