{
  "ts": "2025-10-16T15:45:33.598Z",
  "xauusd": 4271.600098,
  "xagusd": 53.953999,
  "fng": {
    "value": 28,
    "classification": "Fear"
  },
  "usd_thb": 32.51
}