{
  "ts": "2026-01-28T09:59:59.934Z",
  "xauusd": 5277.799805,
  "xagusd": 113.040001,
  "fng": {
    "value": 29,
    "classification": "Fear"
  },
  "usd_thb": 31.03
}