{
  "ts": "2025-08-19T15:58:54.757Z",
  "xauusd": 3323.399902,
  "xagusd": 37.514999,
  "fng": {
    "value": 56,
    "classification": "Greed"
  },
  "usd_thb": 32.56
}