{
  "ts": "2026-01-07T05:15:26.655Z",
  "xauusd": 4466.899902,
  "xagusd": 79.912003,
  "fng": {
    "value": 42,
    "classification": "Fear"
  },
  "usd_thb": 31.18
}