{
  "ts": "2026-01-08T17:01:42.232Z",
  "xauusd": 4464.299805,
  "xagusd": 76.281998,
  "fng": {
    "value": 28,
    "classification": "Fear"
  },
  "usd_thb": 31.48
}