{
  "ts": "2025-10-22T11:26:55.889Z",
  "xauusd": 4045.399902,
  "xagusd": 48.137001,
  "fng": {
    "value": 25,
    "classification": "Extreme Fear"
  },
  "usd_thb": 32.88
}