{
  "ts": "2025-08-21T15:26:10.346Z",
  "xauusd": 3340.300049,
  "xagusd": 38.150002,
  "fng": {
    "value": 50,
    "classification": "Neutral"
  },
  "usd_thb": 32.66
}