{
  "ts": "2025-12-14T23:22:22.350Z",
  "xauusd": 4306.399902,
  "xagusd": 62.032001,
  "fng": {
    "value": 21,
    "classification": "Extreme Fear"
  },
  "usd_thb": 31.47
}