{
  "ts": "2026-05-19T20:54:19.060Z",
  "xauusd": 4483.600098,
  "xagusd": 73.785004,
  "fng": {
    "value": 25,
    "classification": "Extreme Fear"
  },
  "usd_thb": 32.68
}