{
  "ts": "2026-07-15T20:13:49.385Z",
  "xauusd": 4058.399902,
  "xagusd": 57.844002,
  "fng": {
    "value": 25,
    "classification": "Extreme Fear"
  },
  "usd_thb": 33.57
}