{
  "ts": "2026-01-14T14:25:21.862Z",
  "xauusd": 4637.200195,
  "xagusd": 92.156998,
  "fng": {
    "value": 48,
    "classification": "Neutral"
  },
  "usd_thb": 31.31
}