{
  "ts": "2025-09-03T18:54:48.618Z",
  "xauusd": 3570.399902,
  "xagusd": 41.220001,
  "fng": {
    "value": 55,
    "classification": "Greed"
  },
  "usd_thb": 32.26
}