{
  "ts": "2025-11-20T19:31:21.967Z",
  "xauusd": 4085.199951,
  "xagusd": 50.876999,
  "fng": {
    "value": 11,
    "classification": "Extreme Fear"
  },
  "usd_thb": 32.41
}