{
  "ts": "2025-09-24T09:27:29.759Z",
  "xauusd": 3769.800049,
  "xagusd": 44.160999,
  "fng": {
    "value": 44,
    "classification": "Fear"
  },
  "usd_thb": 32
}