{
  "ts": "2026-04-20T23:25:07.971Z",
  "xauusd": 4826.700195,
  "xagusd": 80.081001,
  "fng": {
    "value": 29,
    "classification": "Fear"
  },
  "usd_thb": 31.99
}