{
  "ts": "2025-08-26T11:14:26.188Z",
  "xauusd": 3374.800049,
  "xagusd": 38.505001,
  "fng": {
    "value": 48,
    "classification": "Neutral"
  },
  "usd_thb": 32.47
}