{
  "ts": "2025-09-23T17:45:36.292Z",
  "xauusd": 3779.300049,
  "xagusd": 44.240002,
  "fng": {
    "value": 43,
    "classification": "Fear"
  },
  "usd_thb": 31.83
}