{
  "ts": "2025-08-15T09:47:03.720Z",
  "xauusd": 3342.399902,
  "xagusd": 37.863998,
  "fng": {
    "value": 60,
    "classification": "Greed"
  },
  "usd_thb": 32.43
}