{
  "ts": "2026-06-12T10:41:05.815Z",
  "xauusd": 4216.700195,
  "xagusd": 67.209999,
  "fng": {
    "value": 12,
    "classification": "Extreme Fear"
  },
  "usd_thb": 32.68
}