{
  "ts": "2026-01-16T19:16:43.831Z",
  "xauusd": 4585.299805,
  "xagusd": 89.030998,
  "fng": {
    "value": 49,
    "classification": "Neutral"
  },
  "usd_thb": 31.42
}