{
  "ts": "2025-12-04T09:45:01.205Z",
  "xauusd": 4198.299805,
  "xagusd": 57.380001,
  "fng": {
    "value": 26,
    "classification": "Fear"
  },
  "usd_thb": 32.04
}