{
  "ts": "2026-03-09T14:36:00.331Z",
  "xauusd": 5090.399902,
  "xagusd": 84.170998,
  "fng": {
    "value": 8,
    "classification": "Extreme Fear"
  },
  "usd_thb": 32.01
}