{
  "ts": "2026-02-20T21:00:55.420Z",
  "xauusd": 5097.899902,
  "xagusd": 84.668999,
  "fng": {
    "value": 7,
    "classification": "Extreme Fear"
  },
  "usd_thb": 31.04
}