{
  "ts": "2025-11-14T02:26:02.236Z",
  "xauusd": 4197.399902,
  "xagusd": 53.242001,
  "fng": {
    "value": 16,
    "classification": "Extreme Fear"
  },
  "usd_thb": 32.31
}