{
  "ts": "2026-01-31T21:27:40.527Z",
  "xauusd": 4891.399902,
  "xagusd": 85.400002,
  "fng": {
    "value": 20,
    "classification": "Extreme Fear"
  },
  "usd_thb": 31.52
}