{
  "ts": "2026-03-24T12:01:13.078Z",
  "xauusd": 4409.700195,
  "xagusd": 70.220001,
  "fng": {
    "value": 11,
    "classification": "Extreme Fear"
  },
  "usd_thb": 32.53
}