{
  "ts": "2026-03-05T11:54:28.075Z",
  "xauusd": 5165.700195,
  "xagusd": 84.563004,
  "fng": {
    "value": 22,
    "classification": "Extreme Fear"
  },
  "usd_thb": 31.58
}