{
  "ts": "2025-10-15T19:24:06.599Z",
  "xauusd": 4210.399902,
  "xagusd": 53.127998,
  "fng": {
    "value": 34,
    "classification": "Fear"
  },
  "usd_thb": 32.55
}