{
  "ts": "2025-11-04T18:46:52.493Z",
  "xauusd": 3938.699951,
  "xagusd": 47.436001,
  "fng": {
    "value": 21,
    "classification": "Extreme Fear"
  },
  "usd_thb": 32.6
}