{
  "ts": "2025-08-28T03:47:54.144Z",
  "xauusd": 3391.300049,
  "xagusd": 38.759998,
  "fng": {
    "value": 48,
    "classification": "Neutral"
  },
  "usd_thb": 32.39
}