{
  "ts": "2026-05-04T18:24:13.872Z",
  "xauusd": 4517.600098,
  "xagusd": 72.792999,
  "fng": {
    "value": 40,
    "classification": "Fear"
  },
  "usd_thb": 32.75
}