{
  "ts": "2026-02-18T07:16:04.594Z",
  "xauusd": 4939.899902,
  "xagusd": 75.734001,
  "fng": {
    "value": 8,
    "classification": "Extreme Fear"
  },
  "usd_thb": 31.21
}