{
  "ts": "2025-10-17T17:28:48.081Z",
  "xauusd": 4205.100098,
  "xagusd": 51.203999,
  "fng": {
    "value": 22,
    "classification": "Extreme Fear"
  },
  "usd_thb": 32.79
}