{
  "ts": "2026-03-31T23:52:15.250Z",
  "xauusd": 4693.100098,
  "xagusd": 75.103996,
  "fng": {
    "value": 11,
    "classification": "Extreme Fear"
  },
  "usd_thb": 32.52
}