{
  "ts": "2025-11-05T14:41:39.604Z",
  "xauusd": 3982.199951,
  "xagusd": 48.002998,
  "fng": {
    "value": 23,
    "classification": "Extreme Fear"
  },
  "usd_thb": 32.48
}