{
  "ts": "2025-08-27T05:09:13.989Z",
  "xauusd": 3375.600098,
  "xagusd": 38.500999,
  "fng": {
    "value": 51,
    "classification": "Neutral"
  },
  "usd_thb": 32.53
}