{
  "ts": "2026-01-12T13:23:46.349Z",
  "xauusd": 4608.100098,
  "xagusd": 85.345001,
  "fng": {
    "value": 27,
    "classification": "Fear"
  },
  "usd_thb": 31.16
}