{
  "ts": "2025-09-09T15:19:17.029Z",
  "xauusd": 3631.800049,
  "xagusd": 40.863998,
  "fng": {
    "value": 48,
    "classification": "Neutral"
  },
  "usd_thb": 31.72
}