{
  "ts": "2025-09-11T10:52:36.488Z",
  "xauusd": 3623.899902,
  "xagusd": 41.131001,
  "fng": {
    "value": 54,
    "classification": "Neutral"
  },
  "usd_thb": 31.86
}