{
  "ts": "2026-02-13T11:38:42.808Z",
  "xauusd": 4947.399902,
  "xagusd": 77.071999,
  "fng": {
    "value": 9,
    "classification": "Extreme Fear"
  },
  "usd_thb": 31.11
}