{
  "ts": "2025-09-17T10:17:00.241Z",
  "xauusd": 3664.699951,
  "xagusd": 41.509998,
  "fng": {
    "value": 53,
    "classification": "Neutral"
  },
  "usd_thb": 31.73
}