{
  "ts": "2025-08-17T09:43:21.302Z",
  "xauusd": 3336.899902,
  "xagusd": 38.049999,
  "fng": {
    "value": 64,
    "classification": "Greed"
  },
  "usd_thb": 32.42
}