{
  "ts": "2026-02-09T23:48:27.205Z",
  "xauusd": 5035.700195,
  "xagusd": 82.276001,
  "fng": {
    "value": 14,
    "classification": "Extreme Fear"
  },
  "usd_thb": 31.16
}