{
  "ts": "2026-04-16T02:32:35.478Z",
  "xauusd": 4821.799805,
  "xagusd": 80.380997,
  "fng": {
    "value": 23,
    "classification": "Extreme Fear"
  },
  "usd_thb": 31.9
}