{
  "ts": "2025-09-02T10:49:44.945Z",
  "xauusd": 3484.199951,
  "xagusd": 40.571999,
  "fng": {
    "value": 49,
    "classification": "Neutral"
  },
  "usd_thb": 32.4
}