{
  "ts": "2025-12-29T20:48:31.170Z",
  "xauusd": 4334.100098,
  "xagusd": 72.688004,
  "fng": {
    "value": 24,
    "classification": "Extreme Fear"
  },
  "usd_thb": 31.64
}