{
  "ts": "2026-02-19T23:22:54.726Z",
  "xauusd": 5003.899902,
  "xagusd": 78.678001,
  "fng": {
    "value": 9,
    "classification": "Extreme Fear"
  },
  "usd_thb": 31.18
}