{
  "ts": "2026-01-20T14:55:45.637Z",
  "xauusd": 4746.200195,
  "xagusd": 94.745003,
  "fng": {
    "value": 32,
    "classification": "Fear"
  },
  "usd_thb": 31.04
}