{
  "ts": "2026-01-27T07:52:06.280Z",
  "xauusd": 5091.899902,
  "xagusd": 112.865997,
  "fng": {
    "value": 29,
    "classification": "Fear"
  },
  "usd_thb": 31.081
}