{
  "ts": "2025-10-20T18:38:43.420Z",
  "xauusd": 4362.899902,
  "xagusd": 52.363998,
  "fng": {
    "value": 29,
    "classification": "Fear"
  },
  "usd_thb": 32.53
}