{
  "ts": "2026-05-06T17:08:51.846Z",
  "xauusd": 4688.899902,
  "xagusd": 77.133003,
  "fng": {
    "value": 46,
    "classification": "Fear"
  },
  "usd_thb": 32.22
}