{
  "ts": "2025-10-01T04:19:41.409Z",
  "xauusd": 3861.899902,
  "xagusd": 47.103001,
  "fng": {
    "value": 49,
    "classification": "Neutral"
  },
  "usd_thb": 32.51
}