{
  "ts": "2025-10-31T10:50:15.632Z",
  "xauusd": 4007.199951,
  "xagusd": 48.896999,
  "fng": {
    "value": 29,
    "classification": "Fear"
  },
  "usd_thb": 32.31
}