{
  "ts": "2025-12-29T18:56:47.203Z",
  "xauusd": 4331.700195,
  "xagusd": 71.843002,
  "fng": {
    "value": 24,
    "classification": "Extreme Fear"
  },
  "usd_thb": 31.63
}