{
  "ts": "2025-12-01T19:21:48.596Z",
  "xauusd": 4240.200195,
  "xagusd": 58.425999,
  "fng": {
    "value": 24,
    "classification": "Extreme Fear"
  },
  "usd_thb": 32.02
}