{
  "ts": "2025-08-28T04:59:44.846Z",
  "xauusd": 3390.899902,
  "xagusd": 38.775002,
  "fng": {
    "value": 48,
    "classification": "Neutral"
  },
  "usd_thb": 32.4
}