{
  "ts": "2025-10-30T13:57:42.033Z",
  "xauusd": 3991.100098,
  "xagusd": 48.448002,
  "fng": {
    "value": 34,
    "classification": "Fear"
  },
  "usd_thb": 32.4
}