{
  "ts": "2025-12-01T11:44:12.424Z",
  "xauusd": 4257.700195,
  "xagusd": 57.553001,
  "fng": {
    "value": 24,
    "classification": "Extreme Fear"
  },
  "usd_thb": 31.96
}