{
  "ts": "2026-01-08T21:15:24.808Z",
  "xauusd": 4478.799805,
  "xagusd": 76.996002,
  "fng": {
    "value": 28,
    "classification": "Fear"
  },
  "usd_thb": 31.4
}