{
  "ts": "2025-09-11T17:07:35.659Z",
  "xauusd": 3635.399902,
  "xagusd": 41.669998,
  "fng": {
    "value": 54,
    "classification": "Neutral"
  },
  "usd_thb": 31.76
}