{
  "ts": "2025-12-29T11:47:40.612Z",
  "xauusd": 4452.399902,
  "xagusd": 75.047997,
  "fng": {
    "value": 24,
    "classification": "Extreme Fear"
  },
  "usd_thb": 30.16
}