{
  "ts": "2025-10-07T23:39:41.536Z",
  "xauusd": 3990.699951,
  "xagusd": 47.942001,
  "fng": {
    "value": 70,
    "classification": "Greed"
  },
  "usd_thb": 32.47
}