{
  "ts": "2025-09-04T10:18:55.085Z",
  "xauusd": 3545.199951,
  "xagusd": 41.081001,
  "fng": {
    "value": 51,
    "classification": "Neutral"
  },
  "usd_thb": 32.3
}