{
  "ts": "2025-11-03T23:43:04.500Z",
  "xauusd": 3996.300049,
  "xagusd": 48.015999,
  "fng": {
    "value": 42,
    "classification": "Fear"
  },
  "usd_thb": 32.47
}