{
  "ts": "2026-03-27T20:59:46.511Z",
  "xauusd": 4494.399902,
  "xagusd": 69.830002,
  "fng": {
    "value": 13,
    "classification": "Extreme Fear"
  },
  "usd_thb": 32.64
}