{
  "ts": "2026-02-19T05:13:23.403Z",
  "xauusd": 4992.899902,
  "xagusd": 78.238998,
  "fng": {
    "value": 9,
    "classification": "Extreme Fear"
  },
  "usd_thb": 31.2
}