{
  "ts": "2025-10-23T04:27:55.052Z",
  "xauusd": 4082.300049,
  "xagusd": 48.379002,
  "fng": {
    "value": 27,
    "classification": "Fear"
  },
  "usd_thb": 32.85
}