{
  "ts": "2026-01-28T15:54:47.967Z",
  "xauusd": 5271.200195,
  "xagusd": 113.011002,
  "fng": {
    "value": 29,
    "classification": "Fear"
  },
  "usd_thb": 31.147
}