{
  "ts": "2026-01-13T18:00:46.488Z",
  "xauusd": 4589.399902,
  "xagusd": 87.014999,
  "fng": {
    "value": 26,
    "classification": "Fear"
  },
  "usd_thb": 31.49
}