{
  "ts": "2025-11-04T16:59:06.375Z",
  "xauusd": 3969.800049,
  "xagusd": 47.870998,
  "fng": {
    "value": 21,
    "classification": "Extreme Fear"
  },
  "usd_thb": 32.54
}