{
  "ts": "2025-12-02T07:43:42.955Z",
  "xauusd": 4215.899902,
  "xagusd": 57.275002,
  "fng": {
    "value": 23,
    "classification": "Extreme Fear"
  },
  "usd_thb": 31.99
}