{
  "ts": "2025-10-10T17:18:57.416Z",
  "xauusd": 3983.199951,
  "xagusd": 49.995998,
  "fng": {
    "value": 64,
    "classification": "Greed"
  },
  "usd_thb": 32.7
}