{
  "ts": "2025-11-14T18:47:21.743Z",
  "xauusd": 4098.600098,
  "xagusd": 51.047001,
  "fng": {
    "value": 16,
    "classification": "Extreme Fear"
  },
  "usd_thb": 32.44
}