{
  "ts": "2025-08-14T18:36:59.795Z",
  "xauusd": 3338.600098,
  "xagusd": 38.109001,
  "fng": {
    "value": 75,
    "classification": "Greed"
  },
  "usd_thb": 32.46
}