{
  "ts": "2026-02-26T22:55:38.505Z",
  "xauusd": 5185.899902,
  "xagusd": 88.417999,
  "fng": {
    "value": 11,
    "classification": "Extreme Fear"
  },
  "usd_thb": 31.04
}