{
  "ts": "2026-03-30T19:37:01.102Z",
  "xauusd": 4512.700195,
  "xagusd": 70.199997,
  "fng": {
    "value": 8,
    "classification": "Extreme Fear"
  },
  "usd_thb": 32.79
}