{
  "ts": "2025-09-29T18:55:01.809Z",
  "xauusd": 3826.800049,
  "xagusd": 46.835999,
  "fng": {
    "value": 50,
    "classification": "Neutral"
  },
  "usd_thb": 32.21
}