{
  "ts": "2026-01-08T05:14:53.861Z",
  "xauusd": 4428.200195,
  "xagusd": 76.946999,
  "fng": {
    "value": 28,
    "classification": "Fear"
  },
  "usd_thb": 31.34
}