{
  "ts": "2025-08-17T20:19:52.011Z",
  "xauusd": 3336.899902,
  "xagusd": 38.049999,
  "fng": {
    "value": 64,
    "classification": "Greed"
  },
  "usd_thb": 32.36
}