{
  "ts": "2025-10-15T20:46:16.774Z",
  "xauusd": 4211.399902,
  "xagusd": 53.198002,
  "fng": {
    "value": 34,
    "classification": "Fear"
  },
  "usd_thb": 32.54
}