{
  "ts": "2025-10-09T17:33:31.271Z",
  "xauusd": 3959.600098,
  "xagusd": 48.987999,
  "fng": {
    "value": 70,
    "classification": "Greed"
  },
  "usd_thb": 32.82
}