{
  "ts": "2026-01-27T03:17:10.586Z",
  "xauusd": 5068.399902,
  "xagusd": 109.820999,
  "fng": {
    "value": 29,
    "classification": "Fear"
  },
  "usd_thb": 31.15
}