{
  "ts": "2026-01-09T08:57:52.716Z",
  "xauusd": 4469.299805,
  "xagusd": 77.512001,
  "fng": {
    "value": 27,
    "classification": "Fear"
  },
  "usd_thb": 31.42
}