{
  "ts": "2025-08-26T07:43:10.587Z",
  "xauusd": 3374.800049,
  "xagusd": 38.702999,
  "fng": {
    "value": 48,
    "classification": "Neutral"
  },
  "usd_thb": 32.46
}