{
  "ts": "2025-10-15T23:00:17.416Z",
  "xauusd": 4213.899902,
  "xagusd": 53.148998,
  "fng": {
    "value": 34,
    "classification": "Fear"
  },
  "usd_thb": 32.52
}