{
  "ts": "2026-01-02T20:35:26.924Z",
  "xauusd": 4328.799805,
  "xagusd": 72.637001,
  "fng": {
    "value": 28,
    "classification": "Fear"
  },
  "usd_thb": 31.41
}