{
  "ts": "2025-08-25T05:40:45.743Z",
  "xauusd": 3365.600098,
  "xagusd": 38.866001,
  "fng": {
    "value": 47,
    "classification": "Neutral"
  },
  "usd_thb": 32.42
}