{
  "ts": "2026-05-07T20:36:22.633Z",
  "xauusd": 4714.600098,
  "xagusd": 79.889999,
  "fng": {
    "value": 47,
    "classification": "Neutral"
  },
  "usd_thb": 32.28
}