{
  "ts": "2025-11-24T08:59:19.874Z",
  "xauusd": 4063.899902,
  "xagusd": 50.151001,
  "fng": {
    "value": 19,
    "classification": "Extreme Fear"
  },
  "usd_thb": 32.49
}