{
  "ts": "2025-10-19T23:44:17.877Z",
  "xauusd": 4245.399902,
  "xagusd": 51.955002,
  "fng": {
    "value": 29,
    "classification": "Fear"
  },
  "usd_thb": 32.79
}