{
  "ts": "2026-06-26T08:04:06.559Z",
  "xauusd": 4028.199951,
  "xagusd": 57.832001,
  "fng": {
    "value": 13,
    "classification": "Extreme Fear"
  },
  "usd_thb": 33.38
}