{
  "ts": "2026-01-27T13:55:14.496Z",
  "xauusd": 5080.600098,
  "xagusd": 112.214996,
  "fng": {
    "value": 29,
    "classification": "Fear"
  },
  "usd_thb": 31.03
}