{
  "ts": "2025-12-21T23:44:17.782Z",
  "xauusd": 4349.100098,
  "xagusd": 67.462997,
  "fng": {
    "value": 20,
    "classification": "Extreme Fear"
  },
  "usd_thb": 31.46
}