{
  "ts": "2026-01-30T20:36:39.970Z",
  "xauusd": 4884.299805,
  "xagusd": 83.628998,
  "fng": {
    "value": 16,
    "classification": "Extreme Fear"
  },
  "usd_thb": 31.49
}