{
  "ts": "2026-05-22T11:29:32.777Z",
  "xauusd": 4514.700195,
  "xagusd": 75.920998,
  "fng": {
    "value": 28,
    "classification": "Fear"
  },
  "usd_thb": 32.66
}