{
  "ts": "2025-08-14T20:20:59.727Z",
  "xauusd": 3336.199951,
  "xagusd": 38.056999,
  "fng": {
    "value": 75,
    "classification": "Greed"
  },
  "usd_thb": 32.47
}