{
  "ts": "2026-02-20T11:20:54.111Z",
  "xauusd": 5032.600098,
  "xagusd": 80.974998,
  "fng": {
    "value": 7,
    "classification": "Extreme Fear"
  },
  "usd_thb": 31.16
}