{
  "ts": "2025-11-07T19:49:33.160Z",
  "xauusd": 4005.399902,
  "xagusd": 48.442001,
  "fng": {
    "value": 24,
    "classification": "Extreme Fear"
  },
  "usd_thb": 32.4
}