{
  "ts": "2026-02-02T06:57:53.283Z",
  "xauusd": 4500.799805,
  "xagusd": 74.060997,
  "fng": {
    "value": 14,
    "classification": "Extreme Fear"
  },
  "usd_thb": 31.73
}