{
  "ts": "2025-11-16T07:49:23.028Z",
  "xauusd": 4082.699951,
  "xagusd": 50.594002,
  "fng": {
    "value": 10,
    "classification": "Extreme Fear"
  },
  "usd_thb": 32.1
}