{
  "ts": "2025-08-21T18:56:55.552Z",
  "xauusd": 3339.899902,
  "xagusd": 38.143002,
  "fng": {
    "value": 50,
    "classification": "Neutral"
  },
  "usd_thb": 32.7
}