{
  "ts": "2026-02-06T08:57:39.274Z",
  "xauusd": 4859.100098,
  "xagusd": 73.865997,
  "fng": {
    "value": 9,
    "classification": "Extreme Fear"
  },
  "usd_thb": 31.65
}