{
  "ts": "2025-11-14T22:33:50.806Z",
  "xauusd": 4082.699951,
  "xagusd": 50.594002,
  "fng": {
    "value": 16,
    "classification": "Extreme Fear"
  },
  "usd_thb": 32.4
}