{
  "ts": "2025-12-02T18:57:49.279Z",
  "xauusd": 4189.700195,
  "xagusd": 58.058998,
  "fng": {
    "value": 23,
    "classification": "Extreme Fear"
  },
  "usd_thb": 32.05
}