{
  "ts": "2025-11-27T03:35:59.377Z",
  "xauusd": 4149.799805,
  "xagusd": 52.881001,
  "fng": {
    "value": 22,
    "classification": "Extreme Fear"
  },
  "usd_thb": 32.22
}