{
  "ts": "2025-08-28T18:36:16.009Z",
  "xauusd": 3419.399902,
  "xagusd": 39.139999,
  "fng": {
    "value": 48,
    "classification": "Neutral"
  },
  "usd_thb": 32.26
}