{
  "ts": "2026-01-02T15:23:06.313Z",
  "xauusd": 4338.899902,
  "xagusd": 73.223999,
  "fng": {
    "value": 28,
    "classification": "Fear"
  },
  "usd_thb": 31.38
}