{
  "ts": "2025-10-14T11:29:14.668Z",
  "xauusd": 4135.299805,
  "xagusd": 51.664001,
  "fng": {
    "value": 38,
    "classification": "Fear"
  },
  "usd_thb": 32.79
}