{
  "ts": "2025-12-08T23:44:05.070Z",
  "xauusd": 4196.299805,
  "xagusd": 58.171001,
  "fng": {
    "value": 20,
    "classification": "Extreme Fear"
  },
  "usd_thb": 31.9
}