{
  "ts": "2025-11-20T17:36:17.543Z",
  "xauusd": 4053.300049,
  "xagusd": 50.448002,
  "fng": {
    "value": 11,
    "classification": "Extreme Fear"
  },
  "usd_thb": 32.52
}