{
  "ts": "2025-09-09T21:51:43.810Z",
  "xauusd": 3626.362549,
  "xagusd": 40.917999,
  "fng": {
    "value": 48,
    "classification": "Neutral"
  },
  "usd_thb": 31.75
}