{
  "ts": "2025-08-28T11:19:58.811Z",
  "xauusd": 3398.600098,
  "xagusd": 38.969002,
  "fng": {
    "value": 48,
    "classification": "Neutral"
  },
  "usd_thb": 32.34
}