{
  "ts": "2025-08-21T19:38:51.533Z",
  "xauusd": 3342.100098,
  "xagusd": 38.150002,
  "fng": {
    "value": 50,
    "classification": "Neutral"
  },
  "usd_thb": 32.67
}