{
  "ts": "2025-10-13T08:58:29.913Z",
  "xauusd": 4079.600098,
  "xagusd": 51.487999,
  "fng": {
    "value": 38,
    "classification": "Fear"
  },
  "usd_thb": 32.52
}