{
  "ts": "2026-02-19T23:50:51.253Z",
  "xauusd": 4998.799805,
  "xagusd": 78.405998,
  "fng": {
    "value": 9,
    "classification": "Extreme Fear"
  },
  "usd_thb": 31.15
}