{
  "ts": "2025-11-18T19:46:48.593Z",
  "xauusd": 4078.199951,
  "xagusd": 51.116001,
  "fng": {
    "value": 11,
    "classification": "Extreme Fear"
  },
  "usd_thb": 32.36
}