{
  "ts": "2025-10-16T14:52:54.236Z",
  "xauusd": 4260.399902,
  "xagusd": 53.709999,
  "fng": {
    "value": 28,
    "classification": "Fear"
  },
  "usd_thb": 32.49
}