{
  "ts": "2025-12-09T19:25:09.769Z",
  "xauusd": 4209.600098,
  "xagusd": 60.643002,
  "fng": {
    "value": 22,
    "classification": "Extreme Fear"
  },
  "usd_thb": 31.84
}