{
  "ts": "2025-08-25T16:23:19.655Z",
  "xauusd": 3374.100098,
  "xagusd": 38.862999,
  "fng": {
    "value": 47,
    "classification": "Neutral"
  },
  "usd_thb": 32.44
}