{
  "ts": "2026-04-30T15:06:58.393Z",
  "xauusd": 4618.399902,
  "xagusd": 73.259003,
  "fng": {
    "value": 29,
    "classification": "Fear"
  },
  "usd_thb": 32.51
}