{
  "ts": "2025-10-28T23:58:39.713Z",
  "xauusd": 3965.100098,
  "xagusd": 47.191002,
  "fng": {
    "value": 50,
    "classification": "Neutral"
  },
  "usd_thb": 32.34
}