{
  "ts": "2025-11-19T11:17:35.467Z",
  "xauusd": 4112.399902,
  "xagusd": 52.304001,
  "fng": {
    "value": 15,
    "classification": "Extreme Fear"
  },
  "usd_thb": 32.42
}