{
  "ts": "2025-11-19T19:36:40.971Z",
  "xauusd": 4071.800049,
  "xagusd": 51.092999,
  "fng": {
    "value": 15,
    "classification": "Extreme Fear"
  },
  "usd_thb": 32.46
}