{
  "ts": "2025-12-08T05:47:31.348Z",
  "xauusd": 4215.700195,
  "xagusd": 58.262001,
  "fng": {
    "value": 20,
    "classification": "Extreme Fear"
  },
  "usd_thb": 31.83
}