{
  "ts": "2026-01-15T15:42:11.285Z",
  "xauusd": 4613.100098,
  "xagusd": 90.070999,
  "fng": {
    "value": 61,
    "classification": "Greed"
  },
  "usd_thb": 31.32
}