{
  "ts": "2025-10-22T19:29:33.828Z",
  "xauusd": 4104.899902,
  "xagusd": 48.530998,
  "fng": {
    "value": 25,
    "classification": "Extreme Fear"
  },
  "usd_thb": 32.75
}