{
  "ts": "2026-07-18T22:23:59.376Z",
  "xauusd": 4019.300049,
  "xagusd": 56.080002,
  "fng": {
    "value": 25,
    "classification": "Extreme Fear"
  },
  "usd_thb": 33.57
}