{
  "ts": "2026-05-06T09:39:08.031Z",
  "xauusd": 4705.200195,
  "xagusd": 77.143997,
  "fng": {
    "value": 46,
    "classification": "Fear"
  },
  "usd_thb": 32.23
}