{
  "ts": "2025-10-21T09:24:40.025Z",
  "xauusd": 4265.299805,
  "xagusd": 49.637001,
  "fng": {
    "value": 34,
    "classification": "Fear"
  },
  "usd_thb": 32.74
}