{
  "ts": "2025-09-25T06:29:17.821Z",
  "xauusd": 3746.800049,
  "xagusd": 44.044998,
  "fng": {
    "value": 44,
    "classification": "Fear"
  },
  "usd_thb": 32.14
}