{
  "ts": "2025-11-13T23:33:04.712Z",
  "xauusd": 4178.899902,
  "xagusd": 52.525002,
  "fng": {
    "value": 15,
    "classification": "Extreme Fear"
  },
  "usd_thb": 32.36
}