{
  "ts": "2025-09-18T03:19:04.179Z",
  "xauusd": 3663.800049,
  "xagusd": 41.658001,
  "fng": {
    "value": 52,
    "classification": "Neutral"
  },
  "usd_thb": 31.77
}