{
  "ts": "2026-02-20T20:43:58.243Z",
  "xauusd": 5080.799805,
  "xagusd": 83.414001,
  "fng": {
    "value": 7,
    "classification": "Extreme Fear"
  },
  "usd_thb": 31.08
}