{
  "ts": "2025-10-01T10:39:18.754Z",
  "xauusd": 3887.100098,
  "xagusd": 47.257999,
  "fng": {
    "value": 49,
    "classification": "Neutral"
  },
  "usd_thb": 32.42
}