{
  "ts": "2025-08-29T14:37:56.651Z",
  "xauusd": 3439.600098,
  "xagusd": 39.320999,
  "fng": {
    "value": 50,
    "classification": "Neutral"
  },
  "usd_thb": 32.3
}