{
  "ts": "2025-12-08T12:32:48.543Z",
  "xauusd": 4212.399902,
  "xagusd": 58.480999,
  "fng": {
    "value": 20,
    "classification": "Extreme Fear"
  },
  "usd_thb": 31.85
}