{
  "ts": "2025-10-16T11:00:18.564Z",
  "xauusd": 4245.899902,
  "xagusd": 53.061001,
  "fng": {
    "value": 28,
    "classification": "Fear"
  },
  "usd_thb": 32.54
}