{
  "ts": "2025-08-29T11:40:01.533Z",
  "xauusd": 3408.399902,
  "xagusd": 38.879002,
  "fng": {
    "value": 50,
    "classification": "Neutral"
  },
  "usd_thb": 32.39
}