{
  "ts": "2026-03-06T21:02:58.716Z",
  "xauusd": 5160.600098,
  "xagusd": 84.056999,
  "fng": {
    "value": 18,
    "classification": "Extreme Fear"
  },
  "usd_thb": 31.78
}