{
  "ts": "2025-11-11T07:52:14.874Z",
  "xauusd": 4129.399902,
  "xagusd": 50.681999,
  "fng": {
    "value": 26,
    "classification": "Fear"
  },
  "usd_thb": 32.4
}