{
  "ts": "2026-03-02T11:22:06.108Z",
  "xauusd": 5392.399902,
  "xagusd": 95.377998,
  "fng": {
    "value": 10,
    "classification": "Extreme Fear"
  },
  "usd_thb": 31.44
}