{
  "ts": "2025-10-07T05:53:21.223Z",
  "xauusd": 3962.100098,
  "xagusd": 48.623001,
  "fng": {
    "value": 70,
    "classification": "Greed"
  },
  "usd_thb": 32.48
}