{
  "ts": "2025-08-22T11:59:04.639Z",
  "xauusd": 3329.199951,
  "xagusd": 38.000999,
  "fng": {
    "value": 50,
    "classification": "Neutral"
  },
  "usd_thb": 32.64
}