{
  "ts": "2025-09-19T18:49:07.883Z",
  "xauusd": 3682.800049,
  "xagusd": 43.046001,
  "fng": {
    "value": 53,
    "classification": "Neutral"
  },
  "usd_thb": 31.8
}