{
  "ts": "2026-02-23T02:42:46.158Z",
  "xauusd": 5175.899902,
  "xagusd": 87.959999,
  "fng": {
    "value": 5,
    "classification": "Extreme Fear"
  },
  "usd_thb": 30.99
}