{
  "ts": "2025-10-01T12:53:22.104Z",
  "xauusd": 3872.300049,
  "xagusd": 47.316002,
  "fng": {
    "value": 49,
    "classification": "Neutral"
  },
  "usd_thb": 32.37
}