{
  "ts": "2025-11-12T01:55:11.953Z",
  "xauusd": 4135.399902,
  "xagusd": 51.390999,
  "fng": {
    "value": 24,
    "classification": "Extreme Fear"
  },
  "usd_thb": 32.43
}