{
  "ts": "2025-10-13T07:55:17.729Z",
  "xauusd": 4076.199951,
  "xagusd": 51.682999,
  "fng": {
    "value": 38,
    "classification": "Fear"
  },
  "usd_thb": 32.6
}