{
  "ts": "2025-10-05T23:37:17.281Z",
  "xauusd": 3911.100098,
  "xagusd": 48.290001,
  "fng": {
    "value": 74,
    "classification": "Greed"
  },
  "usd_thb": 32.42
}