{
  "ts": "2025-10-28T07:23:15.356Z",
  "xauusd": 3935.300049,
  "xagusd": 46.512001,
  "fng": {
    "value": 50,
    "classification": "Neutral"
  },
  "usd_thb": 32.55
}