{
  "ts": "2025-11-24T00:44:54.539Z",
  "xauusd": 4065.600098,
  "xagusd": 50.154999,
  "fng": {
    "value": 19,
    "classification": "Extreme Fear"
  },
  "usd_thb": 32.47
}