{
  "ts": "2026-04-22T05:50:19.011Z",
  "xauusd": 4769.700195,
  "xagusd": 78.699997,
  "fng": {
    "value": 32,
    "classification": "Fear"
  },
  "usd_thb": 32.12
}