{
  "ts": "2025-10-06T11:54:17.302Z",
  "xauusd": 3934.199951,
  "xagusd": 48.356998,
  "fng": {
    "value": 71,
    "classification": "Greed"
  },
  "usd_thb": 32.44
}