{
  "ts": "2025-10-30T11:41:43.891Z",
  "xauusd": 3974.199951,
  "xagusd": 48.130001,
  "fng": {
    "value": 34,
    "classification": "Fear"
  },
  "usd_thb": 32.43
}