{
  "ts": "2025-12-18T05:42:35.453Z",
  "xauusd": 4335.200195,
  "xagusd": 66.497002,
  "fng": {
    "value": 17,
    "classification": "Extreme Fear"
  },
  "usd_thb": 31.44
}