{
  "ts": "2025-12-31T10:56:15.752Z",
  "xauusd": 4310.200195,
  "xagusd": 71.852997,
  "fng": {
    "value": 21,
    "classification": "Extreme Fear"
  },
  "usd_thb": 31.57
}