{
  "ts": "2025-11-05T10:52:30.355Z",
  "xauusd": 3968.800049,
  "xagusd": 47.740002,
  "fng": {
    "value": 23,
    "classification": "Extreme Fear"
  },
  "usd_thb": 32.53
}