{
  "ts": "2026-04-15T16:15:42.125Z",
  "xauusd": 4809.799805,
  "xagusd": 79.738998,
  "fng": {
    "value": 23,
    "classification": "Extreme Fear"
  },
  "usd_thb": 31.94
}