{
  "ts": "2025-10-21T20:27:38.992Z",
  "xauusd": 4123.399902,
  "xagusd": 48.550999,
  "fng": {
    "value": 34,
    "classification": "Fear"
  },
  "usd_thb": 32.86
}