{
  "ts": "2025-09-03T13:30:21.046Z",
  "xauusd": 3557.199951,
  "xagusd": 41.049999,
  "fng": {
    "value": 55,
    "classification": "Greed"
  },
  "usd_thb": 32.27
}