{
  "ts": "2025-10-27T20:15:57.054Z",
  "xauusd": 3993.699951,
  "xagusd": 46.794998,
  "fng": {
    "value": 51,
    "classification": "Neutral"
  },
  "usd_thb": 32.57
}