{
  "ts": "2026-01-12T07:17:26.786Z",
  "xauusd": 4586.399902,
  "xagusd": 84.204002,
  "fng": {
    "value": 27,
    "classification": "Fear"
  },
  "usd_thb": 31.22
}