{
  "ts": "2026-01-07T10:42:43.422Z",
  "xauusd": 4467.799805,
  "xagusd": 79.389999,
  "fng": {
    "value": 42,
    "classification": "Fear"
  },
  "usd_thb": 31.28
}