{
  "ts": "2025-10-15T22:17:23.219Z",
  "xauusd": 4201.700195,
  "xagusd": 52.952999,
  "fng": {
    "value": 34,
    "classification": "Fear"
  },
  "usd_thb": 32.56
}