{
  "ts": "2025-09-24T04:48:55.122Z",
  "xauusd": 3768.600098,
  "xagusd": 44.199001,
  "fng": {
    "value": 44,
    "classification": "Fear"
  },
  "usd_thb": 31.94
}