{
  "ts": "2026-04-30T07:16:01.998Z",
  "xauusd": 4592.799805,
  "xagusd": 73.175003,
  "fng": {
    "value": 29,
    "classification": "Fear"
  },
  "usd_thb": 32.69
}