{
  "ts": "2025-09-17T09:35:44.800Z",
  "xauusd": 3668.300049,
  "xagusd": 41.654999,
  "fng": {
    "value": 53,
    "classification": "Neutral"
  },
  "usd_thb": 31.74
}