{
  "ts": "2025-08-29T10:40:03.417Z",
  "xauusd": 3408.100098,
  "xagusd": 38.924999,
  "fng": {
    "value": 50,
    "classification": "Neutral"
  },
  "usd_thb": 32.39
}