{
  "ts": "2025-08-19T23:52:04.404Z",
  "xauusd": 3315.899902,
  "xagusd": 37.426998,
  "fng": {
    "value": 56,
    "classification": "Greed"
  },
  "usd_thb": 32.58
}