{
  "ts": "2026-01-21T18:08:44.217Z",
  "xauusd": 4828.200195,
  "xagusd": 93.110001,
  "fng": {
    "value": 24,
    "classification": "Extreme Fear"
  },
  "usd_thb": 31.192
}