{
  "ts": "2025-08-22T19:45:12.362Z",
  "xauusd": 3370.600098,
  "xagusd": 38.993999,
  "fng": {
    "value": 50,
    "classification": "Neutral"
  },
  "usd_thb": 32.45
}