{
  "ts": "2025-12-29T23:41:29.981Z",
  "xauusd": 4332.399902,
  "xagusd": 72.019997,
  "fng": {
    "value": 24,
    "classification": "Extreme Fear"
  },
  "usd_thb": 31.57
}