{
  "ts": "2025-12-01T23:20:05.824Z",
  "xauusd": 4233.899902,
  "xagusd": 57.935001,
  "fng": {
    "value": 24,
    "classification": "Extreme Fear"
  },
  "usd_thb": 31.96
}