{
  "ts": "2025-09-04T08:11:32.728Z",
  "xauusd": 3545.600098,
  "xagusd": 40.993999,
  "fng": {
    "value": 51,
    "classification": "Neutral"
  },
  "usd_thb": 32.3
}