{
  "ts": "2025-09-03T10:32:49.240Z",
  "xauusd": 3537.600098,
  "xagusd": 40.889999,
  "fng": {
    "value": 55,
    "classification": "Greed"
  },
  "usd_thb": 32.36
}