{
  "ts": "2026-03-12T17:31:19.180Z",
  "xauusd": 5118.799805,
  "xagusd": 85.049004,
  "fng": {
    "value": 18,
    "classification": "Extreme Fear"
  },
  "usd_thb": 32.09
}