{
  "ts": "2025-09-03T22:40:24.569Z",
  "xauusd": 3563.699951,
  "xagusd": 41.120998,
  "fng": {
    "value": 55,
    "classification": "Greed"
  },
  "usd_thb": 32.28
}