{
  "ts": "2025-10-09T06:20:20.251Z",
  "xauusd": 4039.399902,
  "xagusd": 49.276001,
  "fng": {
    "value": 70,
    "classification": "Greed"
  },
  "usd_thb": 32.59
}