{
  "ts": "2025-10-06T20:37:34.067Z",
  "xauusd": 3959.399902,
  "xagusd": 48.566002,
  "fng": {
    "value": 71,
    "classification": "Greed"
  },
  "usd_thb": 32.38
}