{
  "ts": "2026-03-17T20:20:01.346Z",
  "xauusd": 5004.600098,
  "xagusd": 79.227997,
  "fng": {
    "value": 28,
    "classification": "Fear"
  },
  "usd_thb": 32.28
}