{
  "ts": "2026-03-16T23:16:27.516Z",
  "xauusd": 5007.100098,
  "xagusd": 81.023003,
  "fng": {
    "value": 23,
    "classification": "Extreme Fear"
  },
  "usd_thb": 32.35
}