{
  "ts": "2026-04-30T09:28:45.730Z",
  "xauusd": 4620.200195,
  "xagusd": 73.389999,
  "fng": {
    "value": 29,
    "classification": "Fear"
  },
  "usd_thb": 32.61
}