{
  "ts": "2026-07-20T16:09:40.910Z",
  "xauusd": 4006.199951,
  "xagusd": 57.219002,
  "fng": {
    "value": 29,
    "classification": "Fear"
  },
  "usd_thb": 33.62
}