{
  "ts": "2025-11-21T16:54:24.873Z",
  "xauusd": 4094.699951,
  "xagusd": 50.324001,
  "fng": {
    "value": 14,
    "classification": "Extreme Fear"
  },
  "usd_thb": 32.41
}