{
  "ts": "2025-09-18T12:25:22.812Z",
  "xauusd": 3671.300049,
  "xagusd": 41.946999,
  "fng": {
    "value": 52,
    "classification": "Neutral"
  },
  "usd_thb": 31.84
}