{
  "ts": "2026-04-27T11:24:38.555Z",
  "xauusd": 4703.100098,
  "xagusd": 75.761002,
  "fng": {
    "value": 47,
    "classification": "Neutral"
  },
  "usd_thb": 32.29
}