{
  "ts": "2026-02-11T19:19:42.143Z",
  "xauusd": 5089.899902,
  "xagusd": 84.494003,
  "fng": {
    "value": 11,
    "classification": "Extreme Fear"
  },
  "usd_thb": 30.98
}