{
  "ts": "2025-08-29T09:40:38.021Z",
  "xauusd": 3408.300049,
  "xagusd": 38.905998,
  "fng": {
    "value": 50,
    "classification": "Neutral"
  },
  "usd_thb": 32.37
}