{
  "ts": "2025-09-02T10:58:25.317Z",
  "xauusd": 3484.399902,
  "xagusd": 40.523998,
  "fng": {
    "value": 49,
    "classification": "Neutral"
  },
  "usd_thb": 32.4
}