{
  "ts": "2025-12-26T19:30:37.516Z",
  "xauusd": 4530.899902,
  "xagusd": 77.503998,
  "fng": {
    "value": 20,
    "classification": "Extreme Fear"
  },
  "usd_thb": 31
}