{
  "ts": "2025-08-22T15:31:30.837Z",
  "xauusd": 3377.800049,
  "xagusd": 39.026001,
  "fng": {
    "value": 50,
    "classification": "Neutral"
  },
  "usd_thb": 32.35
}