{
  "ts": "2026-01-21T15:04:29.172Z",
  "xauusd": 4862.899902,
  "xagusd": 94.102997,
  "fng": {
    "value": 24,
    "classification": "Extreme Fear"
  },
  "usd_thb": 31.07
}