{
  "ts": "2025-12-31T19:08:27.694Z",
  "xauusd": 4319.600098,
  "xagusd": 71.501999,
  "fng": {
    "value": 21,
    "classification": "Extreme Fear"
  },
  "usd_thb": 31.44
}