{
  "ts": "2026-06-25T22:43:42.462Z",
  "xauusd": 4035.100098,
  "xagusd": 57.991001,
  "fng": {
    "value": 12,
    "classification": "Extreme Fear"
  },
  "usd_thb": 33.34
}