{
  "ts": "2025-09-24T19:39:47.487Z",
  "xauusd": 3725.600098,
  "xagusd": 43.877998,
  "fng": {
    "value": 44,
    "classification": "Fear"
  },
  "usd_thb": 32.1
}