{
  "ts": "2025-09-17T04:50:07.674Z",
  "xauusd": 3681.800049,
  "xagusd": 42.066002,
  "fng": {
    "value": 53,
    "classification": "Neutral"
  },
  "usd_thb": 31.72
}