{
  "ts": "2026-06-09T14:09:33.327Z",
  "xauusd": 4332.100098,
  "xagusd": 68.071999,
  "fng": {
    "value": 10,
    "classification": "Extreme Fear"
  },
  "usd_thb": 32.79
}