{
  "ts": "2026-01-26T11:38:44.394Z",
  "xauusd": 5090.899902,
  "xagusd": 109.043999,
  "fng": {
    "value": 20,
    "classification": "Extreme Fear"
  },
  "usd_thb": 31.06
}