{
  "ts": "2026-03-05T05:31:21.327Z",
  "xauusd": 5173.799805,
  "xagusd": 84.780998,
  "fng": {
    "value": 22,
    "classification": "Extreme Fear"
  },
  "usd_thb": 31.56
}