{
  "ts": "2025-11-21T18:16:23.095Z",
  "xauusd": 4082.300049,
  "xagusd": 50.250999,
  "fng": {
    "value": 14,
    "classification": "Extreme Fear"
  },
  "usd_thb": 32.41
}