{
  "ts": "2026-01-09T20:46:49.524Z",
  "xauusd": 4505.200195,
  "xagusd": 79.883003,
  "fng": {
    "value": 27,
    "classification": "Fear"
  },
  "usd_thb": 31.36
}