{
  "ts": "2025-10-16T11:51:33.045Z",
  "xauusd": 4242.399902,
  "xagusd": 53.132999,
  "fng": {
    "value": 28,
    "classification": "Fear"
  },
  "usd_thb": 32.53
}