{
  "ts": "2025-08-15T19:41:35.174Z",
  "xauusd": 3338.300049,
  "xagusd": 38.026001,
  "fng": {
    "value": 60,
    "classification": "Greed"
  },
  "usd_thb": 32.47
}