{
  "ts": "2025-11-10T12:38:17.258Z",
  "xauusd": 4095.100098,
  "xagusd": 50.130001,
  "fng": {
    "value": 29,
    "classification": "Fear"
  },
  "usd_thb": 32.32
}