{
  "ts": "2025-09-24T13:56:47.019Z",
  "xauusd": 3761.800049,
  "xagusd": 44.123001,
  "fng": {
    "value": 44,
    "classification": "Fear"
  },
  "usd_thb": 32.05
}