{
  "ts": "2025-08-20T08:54:38.100Z",
  "xauusd": 3324.100098,
  "xagusd": 37.043999,
  "fng": {
    "value": 44,
    "classification": "Fear"
  },
  "usd_thb": 32.55
}