{
  "ts": "2026-04-19T20:40:03.409Z",
  "xauusd": 4831.399902,
  "xagusd": 80.950996,
  "fng": {
    "value": 27,
    "classification": "Fear"
  },
  "usd_thb": 31.89
}