{
  "ts": "2025-08-26T14:39:19.420Z",
  "xauusd": 3375.699951,
  "xagusd": 38.608002,
  "fng": {
    "value": 48,
    "classification": "Neutral"
  },
  "usd_thb": 32.46
}