{
  "ts": "2025-11-07T20:46:37.979Z",
  "xauusd": 4001.300049,
  "xagusd": 48.404999,
  "fng": {
    "value": 24,
    "classification": "Extreme Fear"
  },
  "usd_thb": 32.4
}