{
  "ts": "2025-08-27T14:51:04.542Z",
  "xauusd": 3384.699951,
  "xagusd": 38.386002,
  "fng": {
    "value": 51,
    "classification": "Neutral"
  },
  "usd_thb": 32.46
}