{
  "ts": "2025-09-05T18:55:36.274Z",
  "xauusd": 3596.300049,
  "xagusd": 40.994999,
  "fng": {
    "value": 48,
    "classification": "Neutral"
  },
  "usd_thb": 32.08
}