{
  "ts": "2026-06-02T23:17:36.880Z",
  "xauusd": 4477.399902,
  "xagusd": 74.726997,
  "fng": {
    "value": 23,
    "classification": "Extreme Fear"
  },
  "usd_thb": 32.65
}