{
  "ts": "2025-10-24T06:44:48.311Z",
  "xauusd": 4092.800049,
  "xagusd": 48.301998,
  "fng": {
    "value": 30,
    "classification": "Fear"
  },
  "usd_thb": 32.77
}