{
  "ts": "2025-12-12T19:14:38.079Z",
  "xauusd": 4296.200195,
  "xagusd": 61.601002,
  "fng": {
    "value": 29,
    "classification": "Fear"
  },
  "usd_thb": 31.57
}