{
  "ts": "2026-02-26T13:49:53.722Z",
  "xauusd": 5169.100098,
  "xagusd": 87.401001,
  "fng": {
    "value": 11,
    "classification": "Extreme Fear"
  },
  "usd_thb": 31.03
}