{
  "ts": "2025-11-07T09:25:54.491Z",
  "xauusd": 4012.100098,
  "xagusd": 48.858002,
  "fng": {
    "value": 24,
    "classification": "Extreme Fear"
  },
  "usd_thb": 32.32
}