{
  "ts": "2026-01-22T10:57:23.510Z",
  "xauusd": 4829.600098,
  "xagusd": 93.869003,
  "fng": {
    "value": 20,
    "classification": "Extreme Fear"
  },
  "usd_thb": 31.348
}