{
  "ts": "2026-02-06T05:36:49.911Z",
  "xauusd": 4853.200195,
  "xagusd": 73.449997,
  "fng": {
    "value": 9,
    "classification": "Extreme Fear"
  },
  "usd_thb": 31.65
}