{
  "ts": "2025-09-30T19:32:11.885Z",
  "xauusd": 3855.199951,
  "xagusd": 46.647999,
  "fng": {
    "value": 50,
    "classification": "Neutral"
  },
  "usd_thb": 32.41
}