{
  "ts": "2026-02-19T11:55:13.194Z",
  "xauusd": 4982.299805,
  "xagusd": 77.622002,
  "fng": {
    "value": 9,
    "classification": "Extreme Fear"
  },
  "usd_thb": 31.18
}