{
  "ts": "2026-05-07T09:18:20.001Z",
  "xauusd": 4736.200195,
  "xagusd": 79.866997,
  "fng": {
    "value": 47,
    "classification": "Neutral"
  },
  "usd_thb": 32.14
}