{
  "ts": "2026-01-07T21:19:48.832Z",
  "xauusd": 4455.100098,
  "xagusd": 78.226997,
  "fng": {
    "value": 42,
    "classification": "Fear"
  },
  "usd_thb": 31.32
}