{
  "ts": "2026-03-23T22:55:03.177Z",
  "xauusd": 4424.200195,
  "xagusd": 69.688004,
  "fng": {
    "value": 8,
    "classification": "Extreme Fear"
  },
  "usd_thb": 32.34
}