{
  "ts": "2025-11-24T11:43:30.498Z",
  "xauusd": 4071.199951,
  "xagusd": 50.148998,
  "fng": {
    "value": 19,
    "classification": "Extreme Fear"
  },
  "usd_thb": 32.48
}