{
  "ts": "2025-12-03T18:52:26.143Z",
  "xauusd": 4204.100098,
  "xagusd": 58.463001,
  "fng": {
    "value": 28,
    "classification": "Fear"
  },
  "usd_thb": 31.9
}