{
  "ts": "2025-12-02T20:19:50.278Z",
  "xauusd": 4197.899902,
  "xagusd": 58.397999,
  "fng": {
    "value": 23,
    "classification": "Extreme Fear"
  },
  "usd_thb": 32.02
}