{
  "ts": "2025-10-31T04:01:05.791Z",
  "xauusd": 3997.399902,
  "xagusd": 48.858002,
  "fng": {
    "value": 29,
    "classification": "Fear"
  },
  "usd_thb": 32.34
}