{
  "ts": "2025-12-08T16:15:06.185Z",
  "xauusd": 4182.100098,
  "xagusd": 57.810001,
  "fng": {
    "value": 20,
    "classification": "Extreme Fear"
  },
  "usd_thb": 31.92
}