{
  "ts": "2025-08-19T18:22:42.834Z",
  "xauusd": 3319.600098,
  "xagusd": 37.380001,
  "fng": {
    "value": 56,
    "classification": "Greed"
  },
  "usd_thb": 32.6
}