{
  "ts": "2025-10-31T23:54:24.748Z",
  "xauusd": 4003.100098,
  "xagusd": 48.719002,
  "fng": {
    "value": 29,
    "classification": "Fear"
  },
  "usd_thb": 32.22
}