{
  "ts": "2026-03-03T17:27:24.658Z",
  "xauusd": 5093.700195,
  "xagusd": 82.827003,
  "fng": {
    "value": 14,
    "classification": "Extreme Fear"
  },
  "usd_thb": 31.58
}