{
  "ts": "2025-10-15T11:26:04.086Z",
  "xauusd": 4202.299805,
  "xagusd": 52.800999,
  "fng": {
    "value": 34,
    "classification": "Fear"
  },
  "usd_thb": 32.55
}