{
  "ts": "2026-04-17T14:51:25.823Z",
  "xauusd": 4881.299805,
  "xagusd": 83.129997,
  "fng": {
    "value": 21,
    "classification": "Extreme Fear"
  },
  "usd_thb": 31.72
}