{
  "ts": "2026-03-19T13:38:25.487Z",
  "xauusd": 4562.399902,
  "xagusd": 68.070999,
  "fng": {
    "value": 23,
    "classification": "Extreme Fear"
  },
  "usd_thb": 32.84
}