{
  "ts": "2025-11-17T13:30:16.719Z",
  "xauusd": 4077.699951,
  "xagusd": 50.919998,
  "fng": {
    "value": 14,
    "classification": "Extreme Fear"
  },
  "usd_thb": 32.46
}