{
  "ts": "2025-09-05T20:52:30.646Z",
  "xauusd": 3588.199951,
  "xagusd": 41.014999,
  "fng": {
    "value": 48,
    "classification": "Neutral"
  },
  "usd_thb": 32.09
}