{
  "ts": "2026-01-13T08:58:10.893Z",
  "xauusd": 4593.299805,
  "xagusd": 85.733002,
  "fng": {
    "value": 26,
    "classification": "Fear"
  },
  "usd_thb": 31.44
}