{
  "ts": "2025-08-21T22:31:57.158Z",
  "xauusd": 3340.899902,
  "xagusd": 38.192001,
  "fng": {
    "value": 50,
    "classification": "Neutral"
  },
  "usd_thb": 32.65
}