{
  "ts": "2026-03-12T07:09:41.461Z",
  "xauusd": 5168.200195,
  "xagusd": 86.142998,
  "fng": {
    "value": 18,
    "classification": "Extreme Fear"
  },
  "usd_thb": 31.82
}