{
  "ts": "2026-03-02T20:04:00.907Z",
  "xauusd": 5331.399902,
  "xagusd": 89.478996,
  "fng": {
    "value": 10,
    "classification": "Extreme Fear"
  },
  "usd_thb": 31.33
}