{
  "ts": "2026-02-25T21:53:36.999Z",
  "xauusd": 5171.799805,
  "xagusd": 89.501999,
  "fng": {
    "value": 11,
    "classification": "Extreme Fear"
  },
  "usd_thb": 31.02
}