{
  "ts": "2025-11-24T09:48:39.640Z",
  "xauusd": 4068.399902,
  "xagusd": 50.241001,
  "fng": {
    "value": 19,
    "classification": "Extreme Fear"
  },
  "usd_thb": 32.48
}