{
  "ts": "2026-02-24T06:12:55.445Z",
  "xauusd": 5183.600098,
  "xagusd": 88.946999,
  "fng": {
    "value": 8,
    "classification": "Extreme Fear"
  },
  "usd_thb": 31.07
}