{
  "ts": "2025-09-17T06:56:59.288Z",
  "xauusd": 3674.899902,
  "xagusd": 41.932999,
  "fng": {
    "value": 53,
    "classification": "Neutral"
  },
  "usd_thb": 31.76
}