{
  "ts": "2025-10-03T19:34:40.596Z",
  "xauusd": 3888.199951,
  "xagusd": 48.123001,
  "fng": {
    "value": 63,
    "classification": "Greed"
  },
  "usd_thb": 32.31
}