{
  "ts": "2025-12-12T16:54:09.855Z",
  "xauusd": 4274.399902,
  "xagusd": 61.154999,
  "fng": {
    "value": 29,
    "classification": "Fear"
  },
  "usd_thb": 31.59
}