{
  "ts": "2026-01-23T20:57:50.258Z",
  "xauusd": 4984.200195,
  "xagusd": 102.610001,
  "fng": {
    "value": 24,
    "classification": "Extreme Fear"
  },
  "usd_thb": 30.97
}