{
  "ts": "2025-09-11T22:31:44.071Z",
  "xauusd": 3637.899902,
  "xagusd": 41.580002,
  "fng": {
    "value": 54,
    "classification": "Neutral"
  },
  "usd_thb": 31.74
}