{
  "ts": "2025-11-04T05:42:28.279Z",
  "xauusd": 3979.800049,
  "xagusd": 47.811001,
  "fng": {
    "value": 21,
    "classification": "Extreme Fear"
  },
  "usd_thb": 32.52
}