{
  "ts": "2025-11-01T04:55:38.264Z",
  "xauusd": 4003.100098,
  "xagusd": 48.719002,
  "fng": {
    "value": 33,
    "classification": "Fear"
  },
  "usd_thb": 32.22
}