{
  "ts": "2025-10-23T21:54:43.716Z",
  "xauusd": 4127.399902,
  "xagusd": 48.970001,
  "fng": {
    "value": 27,
    "classification": "Fear"
  },
  "usd_thb": 32.77
}