{
  "ts": "2026-06-01T23:21:31.514Z",
  "xauusd": 4487.700195,
  "xagusd": 75.154999,
  "fng": {
    "value": 29,
    "classification": "Fear"
  },
  "usd_thb": 32.58
}