{
  "ts": "2026-04-06T04:14:51.761Z",
  "xauusd": 4647.899902,
  "xagusd": 72.223999,
  "fng": {
    "value": 13,
    "classification": "Extreme Fear"
  },
  "usd_thb": 32.57
}