{
  "ts": "2025-09-15T23:49:05.823Z",
  "xauusd": 3677.699951,
  "xagusd": 42.679001,
  "fng": {
    "value": 53,
    "classification": "Neutral"
  },
  "usd_thb": 31.8
}