{
  "ts": "2025-11-10T03:49:09.989Z",
  "xauusd": 4051.899902,
  "xagusd": 49.136002,
  "fng": {
    "value": 29,
    "classification": "Fear"
  },
  "usd_thb": 32.26
}