{
  "ts": "2026-03-03T08:53:52.813Z",
  "xauusd": 5304.600098,
  "xagusd": 85.644997,
  "fng": {
    "value": 14,
    "classification": "Extreme Fear"
  },
  "usd_thb": 31.62
}