{
  "ts": "2026-01-06T15:56:57.957Z",
  "xauusd": 4474.799805,
  "xagusd": 80.121002,
  "fng": {
    "value": 44,
    "classification": "Fear"
  },
  "usd_thb": 31.25
}