{
  "ts": "2025-10-27T02:58:33.290Z",
  "xauusd": 4073.199951,
  "xagusd": 48.199001,
  "fng": {
    "value": 51,
    "classification": "Neutral"
  },
  "usd_thb": 32.68
}