{
  "ts": "2026-03-06T20:44:15.593Z",
  "xauusd": 5160.600098,
  "xagusd": 84.117996,
  "fng": {
    "value": 18,
    "classification": "Extreme Fear"
  },
  "usd_thb": 31.77
}