{
  "ts": "2025-11-13T04:57:09.150Z",
  "xauusd": 4207.799805,
  "xagusd": 53.929001,
  "fng": {
    "value": 15,
    "classification": "Extreme Fear"
  },
  "usd_thb": 32.33
}