{
  "ts": "2025-11-06T07:36:52.996Z",
  "xauusd": 4007.300049,
  "xagusd": 48.498001,
  "fng": {
    "value": 27,
    "classification": "Fear"
  },
  "usd_thb": 32.41
}