{
  "ts": "2025-10-28T18:37:24.755Z",
  "xauusd": 3951.100098,
  "xagusd": 46.911999,
  "fng": {
    "value": 50,
    "classification": "Neutral"
  },
  "usd_thb": 32.35
}