{
  "ts": "2025-12-01T17:55:21.597Z",
  "xauusd": 4233.399902,
  "xagusd": 58.300999,
  "fng": {
    "value": 24,
    "classification": "Extreme Fear"
  },
  "usd_thb": 31.99
}