{
  "ts": "2026-03-05T10:53:01.587Z",
  "xauusd": 5164.700195,
  "xagusd": 84.205002,
  "fng": {
    "value": 22,
    "classification": "Extreme Fear"
  },
  "usd_thb": 31.56
}