{
  "ts": "2025-08-28T18:52:02.462Z",
  "xauusd": 3419.100098,
  "xagusd": 39.110001,
  "fng": {
    "value": 48,
    "classification": "Neutral"
  },
  "usd_thb": 32.26
}