{
  "ts": "2025-10-06T17:15:36.337Z",
  "xauusd": 3959.699951,
  "xagusd": 48.706001,
  "fng": {
    "value": 71,
    "classification": "Greed"
  },
  "usd_thb": 32.39
}