{
  "ts": "2026-05-25T16:12:57.543Z",
  "xauusd": 4571.200195,
  "xagusd": 77.926003,
  "fng": {
    "value": 30,
    "classification": "Fear"
  },
  "usd_thb": 32.45
}