{
  "ts": "2025-11-05T04:35:32.666Z",
  "xauusd": 3968.699951,
  "xagusd": 47.681999,
  "fng": {
    "value": 23,
    "classification": "Extreme Fear"
  },
  "usd_thb": 32.54
}