{
  "ts": "2025-08-22T15:43:30.812Z",
  "xauusd": 3376.600098,
  "xagusd": 39.051998,
  "fng": {
    "value": 50,
    "classification": "Neutral"
  },
  "usd_thb": 32.35
}