{
  "ts": "2025-09-29T04:58:32.757Z",
  "xauusd": 3808.199951,
  "xagusd": 46.941002,
  "fng": {
    "value": 50,
    "classification": "Neutral"
  },
  "usd_thb": 32.2
}