{
  "ts": "2025-12-24T15:45:21.687Z",
  "xauusd": 4453.100098,
  "xagusd": 70.447998,
  "fng": {
    "value": 24,
    "classification": "Extreme Fear"
  },
  "usd_thb": 31.06
}