{
  "ts": "2026-04-26T23:03:09.927Z",
  "xauusd": 4682.100098,
  "xagusd": 75.137001,
  "fng": {
    "value": 33,
    "classification": "Fear"
  },
  "usd_thb": 32.37
}