{
  "ts": "2026-04-05T23:17:04.161Z",
  "xauusd": 4633.399902,
  "xagusd": 72.230003,
  "fng": {
    "value": 12,
    "classification": "Extreme Fear"
  },
  "usd_thb": 32.65
}