{
  "ts": "2025-12-08T20:50:02.196Z",
  "xauusd": 4195.100098,
  "xagusd": 58.179001,
  "fng": {
    "value": 20,
    "classification": "Extreme Fear"
  },
  "usd_thb": 31.88
}