{
  "ts": "2025-12-26T20:53:44.043Z",
  "xauusd": 4528.700195,
  "xagusd": 78.285004,
  "fng": {
    "value": 20,
    "classification": "Extreme Fear"
  },
  "usd_thb": 30.97
}