{
  "ts": "2025-12-09T23:38:45.114Z",
  "xauusd": 4211.299805,
  "xagusd": 60.779999,
  "fng": {
    "value": 22,
    "classification": "Extreme Fear"
  },
  "usd_thb": 31.82
}