{
  "ts": "2026-01-13T03:45:24.732Z",
  "xauusd": 4596.299805,
  "xagusd": 85.616997,
  "fng": {
    "value": 26,
    "classification": "Fear"
  },
  "usd_thb": 31.26
}