{
  "ts": "2025-10-10T14:17:40.422Z",
  "xauusd": 3978.300049,
  "xagusd": 50.275002,
  "fng": {
    "value": 64,
    "classification": "Greed"
  },
  "usd_thb": 32.72
}