{
  "ts": "2025-10-30T12:55:46.382Z",
  "xauusd": 3973.800049,
  "xagusd": 48.155998,
  "fng": {
    "value": 34,
    "classification": "Fear"
  },
  "usd_thb": 32.47
}