{
  "ts": "2025-08-24T23:12:06.921Z",
  "xauusd": 3367.399902,
  "xagusd": 38.950001,
  "fng": {
    "value": 53,
    "classification": "Neutral"
  },
  "usd_thb": 32.32
}