{
  "ts": "2025-09-22T20:35:43.531Z",
  "xauusd": 3749.399902,
  "xagusd": 44.109001,
  "fng": {
    "value": 45,
    "classification": "Fear"
  },
  "usd_thb": 31.75
}