{
  "ts": "2025-09-30T17:51:57.258Z",
  "xauusd": 3843.800049,
  "xagusd": 46.452999,
  "fng": {
    "value": 50,
    "classification": "Neutral"
  },
  "usd_thb": 32.45
}