{
  "ts": "2026-03-19T07:55:48.419Z",
  "xauusd": 4754.799805,
  "xagusd": 72.087997,
  "fng": {
    "value": 23,
    "classification": "Extreme Fear"
  },
  "usd_thb": 32.77
}