{
  "ts": "2025-10-28T17:41:16.444Z",
  "xauusd": 3966.300049,
  "xagusd": 47.265999,
  "fng": {
    "value": 50,
    "classification": "Neutral"
  },
  "usd_thb": 32.33
}