{
  "ts": "2026-03-20T16:25:55.330Z",
  "xauusd": 4596.600098,
  "xagusd": 70.268997,
  "fng": {
    "value": 11,
    "classification": "Extreme Fear"
  },
  "usd_thb": 32.79
}