{
  "ts": "2025-09-16T17:32:20.280Z",
  "xauusd": 3688.399902,
  "xagusd": 42.605999,
  "fng": {
    "value": 52,
    "classification": "Neutral"
  },
  "usd_thb": 31.67
}