{
  "ts": "2026-02-23T04:49:04.020Z",
  "xauusd": 5161.799805,
  "xagusd": 87.413002,
  "fng": {
    "value": 5,
    "classification": "Extreme Fear"
  },
  "usd_thb": 30.97
}