{
  "ts": "2025-10-20T15:52:03.690Z",
  "xauusd": 4350.899902,
  "xagusd": 52.639999,
  "fng": {
    "value": 29,
    "classification": "Fear"
  },
  "usd_thb": 32.57
}