{
  "ts": "2025-12-10T07:34:17.481Z",
  "xauusd": 4209.299805,
  "xagusd": 61.528999,
  "fng": {
    "value": 26,
    "classification": "Fear"
  },
  "usd_thb": 31.83
}