{
  "ts": "2025-10-07T19:25:27.785Z",
  "xauusd": 3981.199951,
  "xagusd": 47.762001,
  "fng": {
    "value": 70,
    "classification": "Greed"
  },
  "usd_thb": 32.5
}