{
  "ts": "2025-08-18T20:51:49.421Z",
  "xauusd": 3333.699951,
  "xagusd": 38.074001,
  "fng": {
    "value": 60,
    "classification": "Greed"
  },
  "usd_thb": 32.51
}