{
  "ts": "2025-11-13T11:09:30.139Z",
  "xauusd": 4229.100098,
  "xagusd": 53.768002,
  "fng": {
    "value": 15,
    "classification": "Extreme Fear"
  },
  "usd_thb": 32.3
}