{
  "ts": "2026-01-20T08:53:03.299Z",
  "xauusd": 4726.799805,
  "xagusd": 95.142998,
  "fng": {
    "value": 32,
    "classification": "Fear"
  },
  "usd_thb": 31.063
}