{
  "ts": "2025-10-31T01:55:29.014Z",
  "xauusd": 4021.899902,
  "xagusd": 49.154999,
  "fng": {
    "value": 29,
    "classification": "Fear"
  },
  "usd_thb": 32.32
}