{
  "ts": "2025-10-21T16:44:47.222Z",
  "xauusd": 4113.100098,
  "xagusd": 48.481998,
  "fng": {
    "value": 34,
    "classification": "Fear"
  },
  "usd_thb": 32.85
}