{
  "ts": "2026-03-23T11:27:23.501Z",
  "xauusd": 4401.299805,
  "xagusd": 67.739998,
  "fng": {
    "value": 8,
    "classification": "Extreme Fear"
  },
  "usd_thb": 32.64
}