{
  "ts": "2026-04-22T07:15:14.832Z",
  "xauusd": 4767.799805,
  "xagusd": 78.646004,
  "fng": {
    "value": 32,
    "classification": "Fear"
  },
  "usd_thb": 32.11
}