{
  "ts": "2025-09-07T23:18:09.536Z",
  "xauusd": 3590.199951,
  "xagusd": 40.914001,
  "fng": {
    "value": 44,
    "classification": "Fear"
  },
  "usd_thb": 32.08
}