{
  "ts": "2025-11-04T06:39:51.585Z",
  "xauusd": 3977.100098,
  "xagusd": 47.636002,
  "fng": {
    "value": 21,
    "classification": "Extreme Fear"
  },
  "usd_thb": 32.54
}