{
  "ts": "2025-12-11T20:39:09.178Z",
  "xauusd": 4274.799805,
  "xagusd": 63.504002,
  "fng": {
    "value": 29,
    "classification": "Fear"
  },
  "usd_thb": 31.63
}