{
  "ts": "2025-11-28T15:26:19.341Z",
  "xauusd": 4190.799805,
  "xagusd": 54.919998,
  "fng": {
    "value": 25,
    "classification": "Extreme Fear"
  },
  "usd_thb": 32.17
}