{
  "ts": "2025-11-21T17:52:50.715Z",
  "xauusd": 4087.300049,
  "xagusd": 50.369999,
  "fng": {
    "value": 14,
    "classification": "Extreme Fear"
  },
  "usd_thb": 32.4
}