{
  "ts": "2025-10-13T19:37:38.850Z",
  "xauusd": 4106.299805,
  "xagusd": 52.169998,
  "fng": {
    "value": 38,
    "classification": "Fear"
  },
  "usd_thb": 32.54
}