{
  "ts": "2025-10-22T08:22:59.696Z",
  "xauusd": 4100.899902,
  "xagusd": 48.610001,
  "fng": {
    "value": 25,
    "classification": "Extreme Fear"
  },
  "usd_thb": 32.84
}