{
  "ts": "2025-11-13T12:54:51.201Z",
  "xauusd": 4238.799805,
  "xagusd": 54.110001,
  "fng": {
    "value": 15,
    "classification": "Extreme Fear"
  },
  "usd_thb": 32.29
}