{
  "ts": "2025-11-11T10:46:31.185Z",
  "xauusd": 4141.700195,
  "xagusd": 51.042999,
  "fng": {
    "value": 26,
    "classification": "Fear"
  },
  "usd_thb": 32.39
}