{
  "ts": "2025-10-30T02:47:06.057Z",
  "xauusd": 3937.100098,
  "xagusd": 47.511002,
  "fng": {
    "value": 34,
    "classification": "Fear"
  },
  "usd_thb": 32.37
}