{
  "ts": "2025-12-15T08:27:35.293Z",
  "xauusd": 4345.600098,
  "xagusd": 63.528999,
  "fng": {
    "value": 16,
    "classification": "Extreme Fear"
  },
  "usd_thb": 31.45
}