{
  "ts": "2025-09-12T10:38:59.710Z",
  "xauusd": 3650.899902,
  "xagusd": 42.330002,
  "fng": {
    "value": 57,
    "classification": "Greed"
  },
  "usd_thb": 31.72
}