{
  "ts": "2025-08-14T17:19:30.988Z",
  "xauusd": 3338.199951,
  "xagusd": 38.084999,
  "fng": {
    "value": 75,
    "classification": "Greed"
  },
  "usd_thb": 32.47
}