{
  "ts": "2025-11-28T11:16:26.802Z",
  "xauusd": 4173.100098,
  "xagusd": 53.922001,
  "fng": {
    "value": 25,
    "classification": "Extreme Fear"
  },
  "usd_thb": 32.19
}