{
  "ts": "2025-09-22T22:50:40.237Z",
  "xauusd": 3742.100098,
  "xagusd": 44.040001,
  "fng": {
    "value": 45,
    "classification": "Fear"
  },
  "usd_thb": 31.76
}