{
  "ts": "2026-01-09T11:47:56.913Z",
  "xauusd": 4471.299805,
  "xagusd": 77.845001,
  "fng": {
    "value": 27,
    "classification": "Fear"
  },
  "usd_thb": 31.38
}