{
  "ts": "2026-03-09T22:48:44.058Z",
  "xauusd": 5142.200195,
  "xagusd": 87.323997,
  "fng": {
    "value": 8,
    "classification": "Extreme Fear"
  },
  "usd_thb": 31.64
}