{
  "ts": "2026-06-24T23:53:18.391Z",
  "xauusd": 4012.100098,
  "xagusd": 57.811001,
  "fng": {
    "value": 17,
    "classification": "Extreme Fear"
  },
  "usd_thb": 33.39
}