{
  "ts": "2025-12-04T07:40:54.052Z",
  "xauusd": 4190.700195,
  "xagusd": 57.547001,
  "fng": {
    "value": 26,
    "classification": "Fear"
  },
  "usd_thb": 32.04
}