{
  "ts": "2026-04-10T17:27:07.781Z",
  "xauusd": 4766.700195,
  "xagusd": 76.390999,
  "fng": {
    "value": 16,
    "classification": "Extreme Fear"
  },
  "usd_thb": 32.03
}