{
  "ts": "2025-10-02T10:49:20.738Z",
  "xauusd": 3881.100098,
  "xagusd": 47.446999,
  "fng": {
    "value": 64,
    "classification": "Greed"
  },
  "usd_thb": 32.29
}