{
  "ts": "2025-12-11T22:29:58.575Z",
  "xauusd": 4281.100098,
  "xagusd": 63.620998,
  "fng": {
    "value": 29,
    "classification": "Fear"
  },
  "usd_thb": 31.63
}