{
  "ts": "2026-07-21T21:34:36.335Z",
  "xauusd": 4078.699951,
  "xagusd": 58.911999,
  "fng": {
    "value": 25,
    "classification": "Extreme Fear"
  },
  "usd_thb": 33.68
}