{
  "ts": "2025-09-10T11:53:14.576Z",
  "xauusd": 3649.800049,
  "xagusd": 41.182999,
  "fng": {
    "value": 49,
    "classification": "Neutral"
  },
  "usd_thb": 31.78
}