{
  "ts": "2026-06-14T13:07:25.186Z",
  "xauusd": 4220.299805,
  "xagusd": 68.156998,
  "fng": {
    "value": 18,
    "classification": "Extreme Fear"
  },
  "usd_thb": 32.68
}