{
  "ts": "2026-04-17T15:44:44.089Z",
  "xauusd": 4859.700195,
  "xagusd": 82.235001,
  "fng": {
    "value": 21,
    "classification": "Extreme Fear"
  },
  "usd_thb": 31.77
}