{
  "ts": "2025-10-02T07:39:10.675Z",
  "xauusd": 3867.199951,
  "xagusd": 47.480999,
  "fng": {
    "value": 64,
    "classification": "Greed"
  },
  "usd_thb": 32.42
}