{
  "ts": "2026-03-04T23:47:25.586Z",
  "xauusd": 5161.100098,
  "xagusd": 84.077003,
  "fng": {
    "value": 10,
    "classification": "Extreme Fear"
  },
  "usd_thb": 31.56
}