{
  "ts": "2025-12-30T19:31:04.145Z",
  "xauusd": 4367.100098,
  "xagusd": 77.782997,
  "fng": {
    "value": 23,
    "classification": "Extreme Fear"
  },
  "usd_thb": 31.38
}