{
  "ts": "2026-02-10T13:51:12.270Z",
  "xauusd": 5049.100098,
  "xagusd": 82.176003,
  "fng": {
    "value": 9,
    "classification": "Extreme Fear"
  },
  "usd_thb": 31.2
}