{
  "ts": "2026-06-25T17:24:33.312Z",
  "xauusd": 4032.600098,
  "xagusd": 58.466999,
  "fng": {
    "value": 12,
    "classification": "Extreme Fear"
  },
  "usd_thb": 33.3
}