{
  "ts": "2025-12-15T06:59:07.638Z",
  "xauusd": 4345.700195,
  "xagusd": 63.306999,
  "fng": {
    "value": 16,
    "classification": "Extreme Fear"
  },
  "usd_thb": 31.44
}