{
  "ts": "2026-03-19T20:50:36.428Z",
  "xauusd": 4659.100098,
  "xagusd": 72.949997,
  "fng": {
    "value": 23,
    "classification": "Extreme Fear"
  },
  "usd_thb": 32.44
}