{
  "ts": "2025-09-17T04:25:29.116Z",
  "xauusd": 3682.600098,
  "xagusd": 42.066002,
  "fng": {
    "value": 53,
    "classification": "Neutral"
  },
  "usd_thb": 31.74
}