{
  "ts": "2026-01-22T19:50:26.049Z",
  "xauusd": 4909.299805,
  "xagusd": 95.811996,
  "fng": {
    "value": 20,
    "classification": "Extreme Fear"
  },
  "usd_thb": 31.03
}