{
  "ts": "2025-10-16T16:17:33.555Z",
  "xauusd": 4283.200195,
  "xagusd": 54.136002,
  "fng": {
    "value": 28,
    "classification": "Fear"
  },
  "usd_thb": 32.48
}