{
  "ts": "2025-12-09T11:46:13.745Z",
  "xauusd": 4205.700195,
  "xagusd": 58.594002,
  "fng": {
    "value": 22,
    "classification": "Extreme Fear"
  },
  "usd_thb": 31.84
}