{
  "ts": "2026-01-30T11:44:38.529Z",
  "xauusd": 5137.600098,
  "xagusd": 103.505997,
  "fng": {
    "value": 16,
    "classification": "Extreme Fear"
  },
  "usd_thb": 31.38
}