{
  "ts": "2025-10-30T17:40:12.125Z",
  "xauusd": 4004.600098,
  "xagusd": 48.865002,
  "fng": {
    "value": 34,
    "classification": "Fear"
  },
  "usd_thb": 32.35
}