{
  "ts": "2025-10-07T04:22:27.736Z",
  "xauusd": 3975.699951,
  "xagusd": 48.529999,
  "fng": {
    "value": 70,
    "classification": "Greed"
  },
  "usd_thb": 32.43
}