{
  "ts": "2026-01-05T22:55:49.037Z",
  "xauusd": 4450.200195,
  "xagusd": 76.665001,
  "fng": {
    "value": 26,
    "classification": "Fear"
  },
  "usd_thb": 31.29
}