{
  "ts": "2025-10-13T04:54:53.058Z",
  "xauusd": 4057.899902,
  "xagusd": 51.619999,
  "fng": {
    "value": 38,
    "classification": "Fear"
  },
  "usd_thb": 32.57
}