{
  "ts": "2025-09-23T11:29:30.023Z",
  "xauusd": 3786.699951,
  "xagusd": 44.419998,
  "fng": {
    "value": 43,
    "classification": "Fear"
  },
  "usd_thb": 31.86
}