{
  "ts": "2025-09-18T22:13:31.889Z",
  "xauusd": 3643.399902,
  "xagusd": 41.852001,
  "fng": {
    "value": 52,
    "classification": "Neutral"
  },
  "usd_thb": 31.9
}