{
  "ts": "2025-11-10T07:51:14.232Z",
  "xauusd": 4078.600098,
  "xagusd": 49.769001,
  "fng": {
    "value": 29,
    "classification": "Fear"
  },
  "usd_thb": 32.34
}