{
  "ts": "2025-11-19T04:01:29.630Z",
  "xauusd": 4067.699951,
  "xagusd": 50.825001,
  "fng": {
    "value": 15,
    "classification": "Extreme Fear"
  },
  "usd_thb": 32.41
}