{
  "ts": "2026-03-25T11:01:10.287Z",
  "xauusd": 4559.899902,
  "xagusd": 73.123001,
  "fng": {
    "value": 14,
    "classification": "Extreme Fear"
  },
  "usd_thb": 32.56
}