{
  "ts": "2026-05-11T04:18:00.264Z",
  "xauusd": 4678.399902,
  "xagusd": 80.676003,
  "fng": {
    "value": 48,
    "classification": "Neutral"
  },
  "usd_thb": 32.41
}