{
  "ts": "2026-03-18T14:53:22.667Z",
  "xauusd": 4866.200195,
  "xagusd": 76.619003,
  "fng": {
    "value": 26,
    "classification": "Fear"
  },
  "usd_thb": 32.67
}