{
  "ts": "2025-08-28T20:38:51.295Z",
  "xauusd": 3417.899902,
  "xagusd": 39.110001,
  "fng": {
    "value": 48,
    "classification": "Neutral"
  },
  "usd_thb": 32.26
}