{
  "ts": "2025-09-11T20:57:48.612Z",
  "xauusd": 3634.199951,
  "xagusd": 41.599998,
  "fng": {
    "value": 54,
    "classification": "Neutral"
  },
  "usd_thb": 31.69
}