{
  "ts": "2026-03-20T05:34:55.035Z",
  "xauusd": 4705.100098,
  "xagusd": 73.265999,
  "fng": {
    "value": 11,
    "classification": "Extreme Fear"
  },
  "usd_thb": 32.68
}