{
  "ts": "2025-11-05T09:44:06.014Z",
  "xauusd": 3971.699951,
  "xagusd": 47.797001,
  "fng": {
    "value": 23,
    "classification": "Extreme Fear"
  },
  "usd_thb": 32.54
}