{
  "ts": "2026-05-20T05:43:07.662Z",
  "xauusd": 4476.399902,
  "xagusd": 74.407997,
  "fng": {
    "value": 27,
    "classification": "Fear"
  },
  "usd_thb": 32.71
}