{
  "ts": "2026-01-30T13:14:46.321Z",
  "xauusd": 5090.700195,
  "xagusd": 101.434998,
  "fng": {
    "value": 16,
    "classification": "Extreme Fear"
  },
  "usd_thb": 31.36
}