{
  "ts": "2025-12-10T17:20:12.344Z",
  "xauusd": 4203.200195,
  "xagusd": 60.765999,
  "fng": {
    "value": 26,
    "classification": "Fear"
  },
  "usd_thb": 31.81
}