{
  "ts": "2025-09-18T21:46:40.336Z",
  "xauusd": 3645.600098,
  "xagusd": 41.855999,
  "fng": {
    "value": 52,
    "classification": "Neutral"
  },
  "usd_thb": 31.89
}