{
  "ts": "2025-10-07T16:56:42.084Z",
  "xauusd": 3975.199951,
  "xagusd": 47.630001,
  "fng": {
    "value": 70,
    "classification": "Greed"
  },
  "usd_thb": 32.41
}