{
  "ts": "2025-11-18T05:14:03.242Z",
  "xauusd": 4012.399902,
  "xagusd": 49.752998,
  "fng": {
    "value": 11,
    "classification": "Extreme Fear"
  },
  "usd_thb": 32.48
}