{
  "ts": "2025-08-27T13:51:00.830Z",
  "xauusd": 3376.899902,
  "xagusd": 38.200001,
  "fng": {
    "value": 51,
    "classification": "Neutral"
  },
  "usd_thb": 32.49
}