{
  "ts": "2025-10-23T11:42:01.286Z",
  "xauusd": 4115.700195,
  "xagusd": 49.264999,
  "fng": {
    "value": 27,
    "classification": "Fear"
  },
  "usd_thb": 32.83
}