{
  "ts": "2026-02-10T16:48:51.326Z",
  "xauusd": 5027.100098,
  "xagusd": 80.586998,
  "fng": {
    "value": 9,
    "classification": "Extreme Fear"
  },
  "usd_thb": 31.21
}