{
  "ts": "2025-09-10T04:21:37.015Z",
  "xauusd": 3641.699951,
  "xagusd": 41.099998,
  "fng": {
    "value": 49,
    "classification": "Neutral"
  },
  "usd_thb": 31.77
}