{
  "ts": "2026-01-14T19:27:03.337Z",
  "xauusd": 4639.899902,
  "xagusd": 92.780998,
  "fng": {
    "value": 48,
    "classification": "Neutral"
  },
  "usd_thb": 31.33
}