{
  "ts": "2025-08-29T04:23:32.963Z",
  "xauusd": 3408.199951,
  "xagusd": 38.867001,
  "fng": {
    "value": 50,
    "classification": "Neutral"
  },
  "usd_thb": 32.33
}