{
  "ts": "2025-11-14T07:57:15.544Z",
  "xauusd": 4181.299805,
  "xagusd": 52.939999,
  "fng": {
    "value": 16,
    "classification": "Extreme Fear"
  },
  "usd_thb": 32.35
}