{
  "ts": "2026-03-22T22:30:02.784Z",
  "xauusd": 4535.700195,
  "xagusd": 69.524002,
  "fng": {
    "value": 10,
    "classification": "Extreme Fear"
  },
  "usd_thb": 32.91
}