{
  "ts": "2025-11-04T08:44:06.920Z",
  "xauusd": 3999.199951,
  "xagusd": 48.106998,
  "fng": {
    "value": 21,
    "classification": "Extreme Fear"
  },
  "usd_thb": 32.52
}