{
  "ts": "2025-11-25T11:53:02.256Z",
  "xauusd": 4133.299805,
  "xagusd": 51.243999,
  "fng": {
    "value": 20,
    "classification": "Extreme Fear"
  },
  "usd_thb": 32.31
}