{
  "ts": "2026-01-02T19:23:14.620Z",
  "xauusd": 4321.600098,
  "xagusd": 72.231003,
  "fng": {
    "value": 28,
    "classification": "Fear"
  },
  "usd_thb": 31.39
}