{
  "ts": "2026-01-26T05:38:49.932Z",
  "xauusd": 5059.100098,
  "xagusd": 107.081001,
  "fng": {
    "value": 20,
    "classification": "Extreme Fear"
  },
  "usd_thb": 31.08
}