{
  "ts": "2025-11-17T16:54:59.437Z",
  "xauusd": 4068.199951,
  "xagusd": 50.869999,
  "fng": {
    "value": 14,
    "classification": "Extreme Fear"
  },
  "usd_thb": 32.42
}