{
  "ts": "2025-09-05T09:51:29.725Z",
  "xauusd": 3552.899902,
  "xagusd": 40.862999,
  "fng": {
    "value": 48,
    "classification": "Neutral"
  },
  "usd_thb": 32.2
}