{
  "ts": "2026-04-23T12:47:12.605Z",
  "xauusd": 4742.899902,
  "xagusd": 77.092003,
  "fng": {
    "value": 46,
    "classification": "Fear"
  },
  "usd_thb": 32.33
}