{
  "ts": "2026-02-20T07:10:45.276Z",
  "xauusd": 5026.700195,
  "xagusd": 79.140999,
  "fng": {
    "value": 7,
    "classification": "Extreme Fear"
  },
  "usd_thb": 31.15
}