{
  "ts": "2025-08-27T22:15:31.828Z",
  "xauusd": 3398.600098,
  "xagusd": 38.667999,
  "fng": {
    "value": 51,
    "classification": "Neutral"
  },
  "usd_thb": 32.42
}