{
  "ts": "2025-12-16T04:59:47.460Z",
  "xauusd": 4289.899902,
  "xagusd": 62.898998,
  "fng": {
    "value": 11,
    "classification": "Extreme Fear"
  },
  "usd_thb": 31.51
}