{
  "ts": "2025-09-16T14:50:35.230Z",
  "xauusd": 3690.800049,
  "xagusd": 42.667999,
  "fng": {
    "value": 52,
    "classification": "Neutral"
  },
  "usd_thb": 31.67
}