{
  "ts": "2025-10-20T17:29:02.702Z",
  "xauusd": 4344.700195,
  "xagusd": 52.254002,
  "fng": {
    "value": 29,
    "classification": "Fear"
  },
  "usd_thb": 32.56
}