{
  "ts": "2025-12-31T07:53:23.839Z",
  "xauusd": 4332.399902,
  "xagusd": 72.266998,
  "fng": {
    "value": 21,
    "classification": "Extreme Fear"
  },
  "usd_thb": 31.47
}