{
  "ts": "2025-11-14T05:34:36.197Z",
  "xauusd": 4193.700195,
  "xagusd": 53.006001,
  "fng": {
    "value": 16,
    "classification": "Extreme Fear"
  },
  "usd_thb": 32.34
}