{
  "ts": "2026-04-12T22:03:45.717Z",
  "xauusd": 4691.799805,
  "xagusd": 73.857002,
  "fng": {
    "value": 16,
    "classification": "Extreme Fear"
  },
  "usd_thb": 31.98
}