{
  "ts": "2026-02-25T10:28:06.698Z",
  "xauusd": 5180.100098,
  "xagusd": 90.658997,
  "fng": {
    "value": 11,
    "classification": "Extreme Fear"
  },
  "usd_thb": 31.07
}