{
  "ts": "2025-10-13T11:30:37.287Z",
  "xauusd": 4082.100098,
  "xagusd": 51.481998,
  "fng": {
    "value": 38,
    "classification": "Fear"
  },
  "usd_thb": 32.52
}