{
  "ts": "2026-05-26T17:36:56.570Z",
  "xauusd": 4501.100098,
  "xagusd": 76.280998,
  "fng": {
    "value": 34,
    "classification": "Fear"
  },
  "usd_thb": 32.66
}