{
  "ts": "2025-11-14T19:29:32.547Z",
  "xauusd": 4094.399902,
  "xagusd": 50.948002,
  "fng": {
    "value": 16,
    "classification": "Extreme Fear"
  },
  "usd_thb": 32.39
}