{
  "ts": "2025-09-29T19:36:22.672Z",
  "xauusd": 3827.100098,
  "xagusd": 46.834999,
  "fng": {
    "value": 50,
    "classification": "Neutral"
  },
  "usd_thb": 32.22
}