{
  "ts": "2026-02-09T07:33:18.299Z",
  "xauusd": 5014.600098,
  "xagusd": 81.510002,
  "fng": {
    "value": 14,
    "classification": "Extreme Fear"
  },
  "usd_thb": 31.17
}