{
  "ts": "2025-10-07T06:17:57.976Z",
  "xauusd": 3964.399902,
  "xagusd": 48.547001,
  "fng": {
    "value": 70,
    "classification": "Greed"
  },
  "usd_thb": 32.48
}