{
  "ts": "2025-11-03T20:16:10.828Z",
  "xauusd": 4010.600098,
  "xagusd": 48.268002,
  "fng": {
    "value": 42,
    "classification": "Fear"
  },
  "usd_thb": 32.45
}