{
  "ts": "2025-09-05T13:17:48.793Z",
  "xauusd": 3581.899902,
  "xagusd": 41.299999,
  "fng": {
    "value": 48,
    "classification": "Neutral"
  },
  "usd_thb": 32.08
}