{
  "ts": "2025-11-26T18:59:30.875Z",
  "xauusd": 4165.100098,
  "xagusd": 53.189999,
  "fng": {
    "value": 15,
    "classification": "Extreme Fear"
  },
  "usd_thb": 32.2
}