{
  "ts": "2025-10-08T14:57:27.299Z",
  "xauusd": 4045.199951,
  "xagusd": 49.188999,
  "fng": {
    "value": 60,
    "classification": "Greed"
  },
  "usd_thb": 32.47
}