{
  "ts": "2025-11-12T23:15:44.630Z",
  "xauusd": 4198.799805,
  "xagusd": 53.349998,
  "fng": {
    "value": 24,
    "classification": "Extreme Fear"
  },
  "usd_thb": 32.36
}