{
  "ts": "2026-02-05T09:38:26.232Z",
  "xauusd": 4880.700195,
  "xagusd": 79.035004,
  "fng": {
    "value": 12,
    "classification": "Extreme Fear"
  },
  "usd_thb": 31.77
}