{
  "ts": "2026-02-20T07:55:06.253Z",
  "xauusd": 5012.799805,
  "xagusd": 79.014999,
  "fng": {
    "value": 7,
    "classification": "Extreme Fear"
  },
  "usd_thb": 31.16
}