{
  "ts": "2025-09-17T14:16:24.474Z",
  "xauusd": 3682.699951,
  "xagusd": 42.129002,
  "fng": {
    "value": 53,
    "classification": "Neutral"
  },
  "usd_thb": 31.7
}