{
  "ts": "2025-09-06T23:18:20.748Z",
  "xauusd": 3587.300049,
  "xagusd": 41.008499,
  "fng": {
    "value": 48,
    "classification": "Neutral"
  },
  "usd_thb": 32.06
}