{
  "ts": "2025-11-17T04:47:51.257Z",
  "xauusd": 4081.199951,
  "xagusd": 50.863998,
  "fng": {
    "value": 14,
    "classification": "Extreme Fear"
  },
  "usd_thb": 32.42
}