{
  "ts": "2025-10-22T12:38:47.644Z",
  "xauusd": 4048.800049,
  "xagusd": 48.230999,
  "fng": {
    "value": 25,
    "classification": "Extreme Fear"
  },
  "usd_thb": 32.85
}