{
  "ts": "2025-09-08T15:01:33.471Z",
  "xauusd": 3640.199951,
  "xagusd": 41.582001,
  "fng": {
    "value": 51,
    "classification": "Neutral"
  },
  "usd_thb": 31.68
}