{
  "ts": "2026-03-24T04:25:11.501Z",
  "xauusd": 4331.799805,
  "xagusd": 66.651001,
  "fng": {
    "value": 11,
    "classification": "Extreme Fear"
  },
  "usd_thb": 32.66
}