{
  "ts": "2026-03-26T01:25:48.608Z",
  "xauusd": 4532.399902,
  "xagusd": 71.422997,
  "fng": {
    "value": 10,
    "classification": "Extreme Fear"
  },
  "usd_thb": 32.77
}