{
  "ts": "2025-10-03T19:24:12.384Z",
  "xauusd": 3887.699951,
  "xagusd": 48.115002,
  "fng": {
    "value": 63,
    "classification": "Greed"
  },
  "usd_thb": 32.34
}