{
  "ts": "2025-10-16T23:26:34.985Z",
  "xauusd": 4361.299805,
  "xagusd": 54.376999,
  "fng": {
    "value": 28,
    "classification": "Fear"
  },
  "usd_thb": 32.52
}