{
  "ts": "2026-03-11T21:19:28.802Z",
  "xauusd": 5177.200195,
  "xagusd": 85.874001,
  "fng": {
    "value": 15,
    "classification": "Extreme Fear"
  },
  "usd_thb": 31.84
}