{
  "ts": "2025-08-25T17:43:52.668Z",
  "xauusd": 3372.800049,
  "xagusd": 38.759998,
  "fng": {
    "value": 47,
    "classification": "Neutral"
  },
  "usd_thb": 32.44
}