{
  "ts": "2025-08-21T08:58:41.431Z",
  "xauusd": 3341.699951,
  "xagusd": 37.884998,
  "fng": {
    "value": 50,
    "classification": "Neutral"
  },
  "usd_thb": 32.58
}