{
  "ts": "2026-04-02T15:44:29.376Z",
  "xauusd": 4664.899902,
  "xagusd": 72.217003,
  "fng": {
    "value": 12,
    "classification": "Extreme Fear"
  },
  "usd_thb": 32.59
}