{
  "ts": "2026-01-26T14:18:01.947Z",
  "xauusd": 5068.700195,
  "xagusd": 109.830002,
  "fng": {
    "value": 20,
    "classification": "Extreme Fear"
  },
  "usd_thb": 31.136
}