{
  "ts": "2025-11-24T13:42:19.655Z",
  "xauusd": 4081.600098,
  "xagusd": 50.324001,
  "fng": {
    "value": 19,
    "classification": "Extreme Fear"
  },
  "usd_thb": 32.53
}