{
  "ts": "2026-03-19T10:59:18.244Z",
  "xauusd": 4675.100098,
  "xagusd": 70.821999,
  "fng": {
    "value": 23,
    "classification": "Extreme Fear"
  },
  "usd_thb": 32.85
}