{
  "ts": "2025-12-29T17:50:30.364Z",
  "xauusd": 4323.299805,
  "xagusd": 71.605003,
  "fng": {
    "value": 24,
    "classification": "Extreme Fear"
  },
  "usd_thb": 31.64
}