{
  "ts": "2026-03-25T03:38:25.806Z",
  "xauusd": 4576.200195,
  "xagusd": 73.522003,
  "fng": {
    "value": 14,
    "classification": "Extreme Fear"
  },
  "usd_thb": 32.63
}