{
  "ts": "2026-01-30T07:26:56.119Z",
  "xauusd": 5179.700195,
  "xagusd": 109.332001,
  "fng": {
    "value": 16,
    "classification": "Extreme Fear"
  },
  "usd_thb": 31.39
}