{
  "ts": "2025-11-12T12:57:57.138Z",
  "xauusd": 4131.700195,
  "xagusd": 51.786999,
  "fng": {
    "value": 24,
    "classification": "Extreme Fear"
  },
  "usd_thb": 32.44
}