{
  "ts": "2025-12-16T11:49:10.275Z",
  "xauusd": 4277.799805,
  "xagusd": 63.026001,
  "fng": {
    "value": 11,
    "classification": "Extreme Fear"
  },
  "usd_thb": 31.51
}