{
  "ts": "2026-01-19T16:58:43.352Z",
  "xauusd": 4673.899902,
  "xagusd": 94.550003,
  "fng": {
    "value": 44,
    "classification": "Fear"
  },
  "usd_thb": 31.21
}