{
  "ts": "2026-02-05T07:58:58.993Z",
  "xauusd": 4919.799805,
  "xagusd": 80.204002,
  "fng": {
    "value": 12,
    "classification": "Extreme Fear"
  },
  "usd_thb": 31.75
}