{
  "ts": "2025-11-05T03:16:40.586Z",
  "xauusd": 3954.600098,
  "xagusd": 47.700001,
  "fng": {
    "value": 23,
    "classification": "Extreme Fear"
  },
  "usd_thb": 32.55
}