{
  "ts": "2025-10-15T21:14:24.148Z",
  "xauusd": 4209.200195,
  "xagusd": 53.091999,
  "fng": {
    "value": 34,
    "classification": "Fear"
  },
  "usd_thb": 32.55
}