{
  "ts": "2026-03-17T11:24:00.555Z",
  "xauusd": 5007.799805,
  "xagusd": 80.801003,
  "fng": {
    "value": 28,
    "classification": "Fear"
  },
  "usd_thb": 32.37
}