{
  "ts": "2026-05-24T23:41:31.734Z",
  "xauusd": 4579.799805,
  "xagusd": 78.924004,
  "fng": {
    "value": 25,
    "classification": "Extreme Fear"
  },
  "usd_thb": 32.47
}