{
  "ts": "2025-08-26T05:38:15.994Z",
  "xauusd": 3374.399902,
  "xagusd": 38.877998,
  "fng": {
    "value": 48,
    "classification": "Neutral"
  },
  "usd_thb": 32.44
}