{
  "ts": "2025-11-20T19:59:37.637Z",
  "xauusd": 4085.600098,
  "xagusd": 50.884998,
  "fng": {
    "value": 11,
    "classification": "Extreme Fear"
  },
  "usd_thb": 32.41
}