{
  "ts": "2025-10-28T05:42:57.104Z",
  "xauusd": 3963.699951,
  "xagusd": 46.587002,
  "fng": {
    "value": 50,
    "classification": "Neutral"
  },
  "usd_thb": 32.58
}