{
  "ts": "2026-01-09T22:44:04.510Z",
  "xauusd": 4510.799805,
  "xagusd": 79.960999,
  "fng": {
    "value": 27,
    "classification": "Fear"
  },
  "usd_thb": 31.42
}