{
  "ts": "2026-04-24T09:11:31.709Z",
  "xauusd": 4692.399902,
  "xagusd": 75.087997,
  "fng": {
    "value": 39,
    "classification": "Fear"
  },
  "usd_thb": 32.39
}