{
  "ts": "2025-08-17T06:58:12.907Z",
  "xauusd": 3336.899902,
  "xagusd": 38.049999,
  "fng": {
    "value": 64,
    "classification": "Greed"
  },
  "usd_thb": 32.42
}