{
  "ts": "2025-10-06T22:50:47.900Z",
  "xauusd": 3962.800049,
  "xagusd": 48.462002,
  "fng": {
    "value": 71,
    "classification": "Greed"
  },
  "usd_thb": 32.5
}