{
  "ts": "2025-12-31T13:41:44.215Z",
  "xauusd": 4335.100098,
  "xagusd": 72.349998,
  "fng": {
    "value": 21,
    "classification": "Extreme Fear"
  },
  "usd_thb": 31.59
}