{
  "ts": "2025-10-17T11:49:25.532Z",
  "xauusd": 4313.100098,
  "xagusd": 53.846001,
  "fng": {
    "value": 22,
    "classification": "Extreme Fear"
  },
  "usd_thb": 32.72
}