{
  "ts": "2025-12-17T19:51:27.880Z",
  "xauusd": 4334.799805,
  "xagusd": 66.370003,
  "fng": {
    "value": 16,
    "classification": "Extreme Fear"
  },
  "usd_thb": 31.45
}