{
  "ts": "2025-08-20T18:18:24.056Z",
  "xauusd": 3345.600098,
  "xagusd": 37.856998,
  "fng": {
    "value": 44,
    "classification": "Fear"
  },
  "usd_thb": 32.55
}