{
  "ts": "2025-08-18T10:17:07.508Z",
  "xauusd": 3351.199951,
  "xagusd": 38.169998,
  "fng": {
    "value": 60,
    "classification": "Greed"
  },
  "usd_thb": 32.46
}