{
  "ts": "2025-12-03T18:24:33.434Z",
  "xauusd": 4201.600098,
  "xagusd": 58.228001,
  "fng": {
    "value": 28,
    "classification": "Fear"
  },
  "usd_thb": 31.9
}