{
  "ts": "2025-12-22T15:14:50.244Z",
  "xauusd": 4418.299805,
  "xagusd": 68.641998,
  "fng": {
    "value": 25,
    "classification": "Extreme Fear"
  },
  "usd_thb": 31.13
}