{
  "ts": "2025-08-28T12:50:09.295Z",
  "xauusd": 3403.100098,
  "xagusd": 39.099998,
  "fng": {
    "value": 48,
    "classification": "Neutral"
  },
  "usd_thb": 32.33
}