{
  "ts": "2025-12-09T12:37:36.864Z",
  "xauusd": 4202.700195,
  "xagusd": 58.661999,
  "fng": {
    "value": 22,
    "classification": "Extreme Fear"
  },
  "usd_thb": 31.84
}