{
  "ts": "2025-08-26T11:50:36.516Z",
  "xauusd": 3379.399902,
  "xagusd": 38.533001,
  "fng": {
    "value": 48,
    "classification": "Neutral"
  },
  "usd_thb": 32.45
}