{
  "ts": "2025-12-17T15:55:27.304Z",
  "xauusd": 4328.700195,
  "xagusd": 65.582001,
  "fng": {
    "value": 16,
    "classification": "Extreme Fear"
  },
  "usd_thb": 31.22
}