{
  "ts": "2026-02-05T21:58:10.427Z",
  "xauusd": 4778.600098,
  "xagusd": 71.066002,
  "fng": {
    "value": 12,
    "classification": "Extreme Fear"
  },
  "usd_thb": 31.76
}