{
  "ts": "2025-09-04T05:50:51.782Z",
  "xauusd": 3532.800049,
  "xagusd": 40.925999,
  "fng": {
    "value": 51,
    "classification": "Neutral"
  },
  "usd_thb": 32.34
}