{
  "ts": "2026-02-01T23:58:46.775Z",
  "xauusd": 4747.399902,
  "xagusd": 81.181999,
  "fng": {
    "value": 14,
    "classification": "Extreme Fear"
  },
  "usd_thb": 31.55
}