{
  "ts": "2025-12-26T07:58:02.627Z",
  "xauusd": 4510.799805,
  "xagusd": 74.733002,
  "fng": {
    "value": 20,
    "classification": "Extreme Fear"
  },
  "usd_thb": 31
}