{
  "ts": "2026-01-16T14:31:33.611Z",
  "xauusd": 4598.799805,
  "xagusd": 88.748001,
  "fng": {
    "value": 49,
    "classification": "Neutral"
  },
  "usd_thb": 31.41
}