{
  "ts": "2025-10-01T22:52:02.040Z",
  "xauusd": 3863.800049,
  "xagusd": 47.301998,
  "fng": {
    "value": 49,
    "classification": "Neutral"
  },
  "usd_thb": 32.39
}