{
  "ts": "2026-02-11T12:50:09.703Z",
  "xauusd": 5075.299805,
  "xagusd": 85.435997,
  "fng": {
    "value": 11,
    "classification": "Extreme Fear"
  },
  "usd_thb": 31.05
}