{
  "ts": "2025-09-05T15:31:55.073Z",
  "xauusd": 3590.100098,
  "xagusd": 41.036999,
  "fng": {
    "value": 48,
    "classification": "Neutral"
  },
  "usd_thb": 32.07
}