{
  "ts": "2026-03-11T11:50:21.306Z",
  "xauusd": 5188.299805,
  "xagusd": 86.394997,
  "fng": {
    "value": 15,
    "classification": "Extreme Fear"
  },
  "usd_thb": 31.53
}