{
  "ts": "2025-10-06T19:01:25.393Z",
  "xauusd": 3959.399902,
  "xagusd": 48.719002,
  "fng": {
    "value": 71,
    "classification": "Greed"
  },
  "usd_thb": 32.38
}