{
  "ts": "2025-09-22T18:49:45.986Z",
  "xauusd": 3747.100098,
  "xagusd": 44.108002,
  "fng": {
    "value": 45,
    "classification": "Fear"
  },
  "usd_thb": 31.76
}