{
  "ts": "2025-12-05T04:54:44.383Z",
  "xauusd": 4216.899902,
  "xagusd": 57.787998,
  "fng": {
    "value": 28,
    "classification": "Fear"
  },
  "usd_thb": 31.9
}