{
  "ts": "2026-02-16T15:21:54.592Z",
  "xauusd": 4978.399902,
  "xagusd": 76.411003,
  "fng": {
    "value": 12,
    "classification": "Extreme Fear"
  },
  "usd_thb": 31.1
}