{
  "ts": "2025-09-26T19:55:09.887Z",
  "xauusd": 3767.899902,
  "xagusd": 46.164001,
  "fng": {
    "value": 28,
    "classification": "Fear"
  },
  "usd_thb": 32.21
}