{
  "ts": "2025-10-08T03:21:07.217Z",
  "xauusd": 4013.399902,
  "xagusd": 48.453999,
  "fng": {
    "value": 60,
    "classification": "Greed"
  },
  "usd_thb": 32.47
}