{
  "ts": "2025-11-26T11:42:37.990Z",
  "xauusd": 4173.299805,
  "xagusd": 52.629002,
  "fng": {
    "value": 15,
    "classification": "Extreme Fear"
  },
  "usd_thb": 32.2
}