{
  "ts": "2026-03-18T17:13:02.783Z",
  "xauusd": 4885.100098,
  "xagusd": 77.074997,
  "fng": {
    "value": 26,
    "classification": "Fear"
  },
  "usd_thb": 32.65
}