{
  "ts": "2026-01-03T13:21:04.055Z",
  "xauusd": 4332.299805,
  "xagusd": 72.890999,
  "fng": {
    "value": 29,
    "classification": "Fear"
  },
  "usd_thb": 31.51
}