{
  "ts": "2025-08-22T09:34:22.996Z",
  "xauusd": 3330.100098,
  "xagusd": 38.070999,
  "fng": {
    "value": 50,
    "classification": "Neutral"
  },
  "usd_thb": 32.67
}