{
  "ts": "2025-11-25T10:42:23.827Z",
  "xauusd": 4132.899902,
  "xagusd": 51.196999,
  "fng": {
    "value": 20,
    "classification": "Extreme Fear"
  },
  "usd_thb": 32.32
}