{
  "ts": "2025-11-26T23:22:55.968Z",
  "xauusd": 4168.799805,
  "xagusd": 53.433998,
  "fng": {
    "value": 15,
    "classification": "Extreme Fear"
  },
  "usd_thb": 32.21
}