{
  "ts": "2025-12-30T06:56:52.253Z",
  "xauusd": 4362.799805,
  "xagusd": 74.990997,
  "fng": {
    "value": 23,
    "classification": "Extreme Fear"
  },
  "usd_thb": 31.45
}