{
  "ts": "2026-02-23T11:01:04.551Z",
  "xauusd": 5164.299805,
  "xagusd": 87.125999,
  "fng": {
    "value": 5,
    "classification": "Extreme Fear"
  },
  "usd_thb": 31
}