{
  "ts": "2025-08-29T18:50:09.332Z",
  "xauusd": 3445.600098,
  "xagusd": 39.765999,
  "fng": {
    "value": 50,
    "classification": "Neutral"
  },
  "usd_thb": 32.29
}