{
  "ts": "2026-01-26T11:21:13.462Z",
  "xauusd": 5081.700195,
  "xagusd": 108.497002,
  "fng": {
    "value": 20,
    "classification": "Extreme Fear"
  },
  "usd_thb": 31.08
}