{
  "ts": "2026-07-14T07:45:49.948Z",
  "xauusd": 4024.800049,
  "xagusd": 58.082001,
  "fng": {
    "value": 22,
    "classification": "Extreme Fear"
  },
  "usd_thb": 33.5
}