{
  "ts": "2025-11-24T19:26:57.888Z",
  "xauusd": 4119.100098,
  "xagusd": 51.029999,
  "fng": {
    "value": 19,
    "classification": "Extreme Fear"
  },
  "usd_thb": 32.37
}