{
  "ts": "2026-02-02T14:59:11.834Z",
  "xauusd": 4720.200195,
  "xagusd": 78.478996,
  "fng": {
    "value": 14,
    "classification": "Extreme Fear"
  },
  "usd_thb": 31.49
}