{
  "ts": "2025-10-29T05:58:11.835Z",
  "xauusd": 3960.100098,
  "xagusd": 47.580002,
  "fng": {
    "value": 51,
    "classification": "Neutral"
  },
  "usd_thb": 32.35
}