{
  "ts": "2025-10-22T07:36:49.051Z",
  "xauusd": 4140.799805,
  "xagusd": 49.029999,
  "fng": {
    "value": 25,
    "classification": "Extreme Fear"
  },
  "usd_thb": 32.78
}