{
  "ts": "2025-12-15T23:45:34.646Z",
  "xauusd": 4307.899902,
  "xagusd": 64.143997,
  "fng": {
    "value": 16,
    "classification": "Extreme Fear"
  },
  "usd_thb": 31.45
}