{
  "ts": "2025-11-25T04:58:57.413Z",
  "xauusd": 4142.399902,
  "xagusd": 51.550999,
  "fng": {
    "value": 20,
    "classification": "Extreme Fear"
  },
  "usd_thb": 32.36
}