{
  "ts": "2025-12-22T19:48:22.194Z",
  "xauusd": 4433.600098,
  "xagusd": 68.514999,
  "fng": {
    "value": 25,
    "classification": "Extreme Fear"
  },
  "usd_thb": 31.15
}