{
  "ts": "2025-11-06T20:52:57.273Z",
  "xauusd": 3983.899902,
  "xagusd": 48.080002,
  "fng": {
    "value": 27,
    "classification": "Fear"
  },
  "usd_thb": 32.41
}