{
  "ts": "2026-03-17T15:44:46.872Z",
  "xauusd": 4981.700195,
  "xagusd": 78.850998,
  "fng": {
    "value": 28,
    "classification": "Fear"
  },
  "usd_thb": 32.3
}