{
  "ts": "2025-12-04T11:34:21.406Z",
  "xauusd": 4200.399902,
  "xagusd": 57.589001,
  "fng": {
    "value": 26,
    "classification": "Fear"
  },
  "usd_thb": 32
}