{
  "ts": "2025-10-21T09:50:05.597Z",
  "xauusd": 4272.799805,
  "xagusd": 50.151001,
  "fng": {
    "value": 34,
    "classification": "Fear"
  },
  "usd_thb": 32.74
}