{
  "ts": "2025-12-22T13:58:45.154Z",
  "xauusd": 4422.399902,
  "xagusd": 68.994003,
  "fng": {
    "value": 25,
    "classification": "Extreme Fear"
  },
  "usd_thb": 31.14
}