{
  "ts": "2025-10-08T13:52:17.812Z",
  "xauusd": 4035.100098,
  "xagusd": 49.006001,
  "fng": {
    "value": 60,
    "classification": "Greed"
  },
  "usd_thb": 32.56
}