{
  "ts": "2025-12-16T20:43:17.084Z",
  "xauusd": 4310.200195,
  "xagusd": 63.799999,
  "fng": {
    "value": 11,
    "classification": "Extreme Fear"
  },
  "usd_thb": 31.42
}