{
  "ts": "2026-03-02T11:49:28.390Z",
  "xauusd": 5382.299805,
  "xagusd": 94.688004,
  "fng": {
    "value": 10,
    "classification": "Extreme Fear"
  },
  "usd_thb": 31.42
}