{
  "ts": "2026-01-28T11:30:31.309Z",
  "xauusd": 5259.799805,
  "xagusd": 111.823997,
  "fng": {
    "value": 29,
    "classification": "Fear"
  },
  "usd_thb": 31.129
}