{
  "ts": "2025-10-28T07:36:59.741Z",
  "xauusd": 3932.600098,
  "xagusd": 46.487999,
  "fng": {
    "value": 50,
    "classification": "Neutral"
  },
  "usd_thb": 32.53
}