{
  "ts": "2025-09-01T16:59:28.098Z",
  "xauusd": 3478.199951,
  "xagusd": 40.720001,
  "fng": {
    "value": 46,
    "classification": "Fear"
  },
  "usd_thb": 32.31
}