{
  "ts": "2026-04-01T14:54:59.045Z",
  "xauusd": 4765.200195,
  "xagusd": 75.483002,
  "fng": {
    "value": 8,
    "classification": "Extreme Fear"
  },
  "usd_thb": 32.47
}