{
  "ts": "2025-09-30T19:22:25.240Z",
  "xauusd": 3854.300049,
  "xagusd": 46.644001,
  "fng": {
    "value": 50,
    "classification": "Neutral"
  },
  "usd_thb": 32.42
}