{
  "ts": "2025-12-05T08:53:35.474Z",
  "xauusd": 4224.399902,
  "xagusd": 58.287998,
  "fng": {
    "value": 28,
    "classification": "Fear"
  },
  "usd_thb": 31.85
}