{
  "ts": "2025-10-06T22:16:54.057Z",
  "xauusd": 3972.300049,
  "xagusd": 48.626999,
  "fng": {
    "value": 71,
    "classification": "Greed"
  },
  "usd_thb": 32.43
}