{
  "ts": "2025-09-18T09:12:34.284Z",
  "xauusd": 3669.199951,
  "xagusd": 41.900002,
  "fng": {
    "value": 52,
    "classification": "Neutral"
  },
  "usd_thb": 31.81
}