{
  "ts": "2025-12-05T20:51:37.475Z",
  "xauusd": 4201.700195,
  "xagusd": 58.407001,
  "fng": {
    "value": 28,
    "classification": "Fear"
  },
  "usd_thb": 31.87
}