{
  "ts": "2025-12-26T21:52:05.635Z",
  "xauusd": 4531.799805,
  "xagusd": 79.117996,
  "fng": {
    "value": 20,
    "classification": "Extreme Fear"
  },
  "usd_thb": 31.01
}