{
  "ts": "2025-09-19T04:59:59.997Z",
  "xauusd": 3660.100098,
  "xagusd": 42.393002,
  "fng": {
    "value": 53,
    "classification": "Neutral"
  },
  "usd_thb": 31.86
}