{
  "ts": "2025-11-19T23:11:33.831Z",
  "xauusd": 4086.899902,
  "xagusd": 51.446999,
  "fng": {
    "value": 15,
    "classification": "Extreme Fear"
  },
  "usd_thb": 32.45
}