{
  "ts": "2025-10-16T19:43:42.088Z",
  "xauusd": 4295.799805,
  "xagusd": 53.691002,
  "fng": {
    "value": 28,
    "classification": "Fear"
  },
  "usd_thb": 32.48
}