{
  "ts": "2025-12-23T15:54:19.445Z",
  "xauusd": 4456.299805,
  "xagusd": 69.704002,
  "fng": {
    "value": 24,
    "classification": "Extreme Fear"
  },
  "usd_thb": 31.11
}