{
  "ts": "2025-12-18T15:56:58.579Z",
  "xauusd": 4337.200195,
  "xagusd": 65.471001,
  "fng": {
    "value": 17,
    "classification": "Extreme Fear"
  },
  "usd_thb": 31.42
}