{
  "ts": "2025-10-31T03:49:35.830Z",
  "xauusd": 3997.600098,
  "xagusd": 48.868999,
  "fng": {
    "value": 29,
    "classification": "Fear"
  },
  "usd_thb": 32.34
}