{
  "ts": "2025-09-02T09:35:54.743Z",
  "xauusd": 3480.699951,
  "xagusd": 40.478001,
  "fng": {
    "value": 49,
    "classification": "Neutral"
  },
  "usd_thb": 32.38
}