{
  "ts": "2026-06-04T21:53:18.009Z",
  "xauusd": 4476.200195,
  "xagusd": 74.007004,
  "fng": {
    "value": 12,
    "classification": "Extreme Fear"
  },
  "usd_thb": 32.63
}