{
  "ts": "2025-10-14T20:48:12.937Z",
  "xauusd": 4143.899902,
  "xagusd": 51.584999,
  "fng": {
    "value": 38,
    "classification": "Fear"
  },
  "usd_thb": 32.72
}