{
  "ts": "2025-11-07T13:48:33.214Z",
  "xauusd": 3995.600098,
  "xagusd": 48.522999,
  "fng": {
    "value": 24,
    "classification": "Extreme Fear"
  },
  "usd_thb": 32.34
}