{
  "ts": "2026-07-14T11:09:02.673Z",
  "xauusd": 4019.699951,
  "xagusd": 57.945999,
  "fng": {
    "value": 22,
    "classification": "Extreme Fear"
  },
  "usd_thb": 33.51
}