{
  "ts": "2025-08-27T07:58:42.459Z",
  "xauusd": 3381.800049,
  "xagusd": 38.463001,
  "fng": {
    "value": 51,
    "classification": "Neutral"
  },
  "usd_thb": 32.45
}