{
  "ts": "2026-06-04T17:59:17.617Z",
  "xauusd": 4479.299805,
  "xagusd": 74.056999,
  "fng": {
    "value": 12,
    "classification": "Extreme Fear"
  },
  "usd_thb": 32.64
}