{
  "ts": "2025-11-20T17:55:18.922Z",
  "xauusd": 4062.100098,
  "xagusd": 50.477001,
  "fng": {
    "value": 11,
    "classification": "Extreme Fear"
  },
  "usd_thb": 32.45
}