{
  "ts": "2025-11-24T09:57:45.546Z",
  "xauusd": 4071.399902,
  "xagusd": 50.271999,
  "fng": {
    "value": 19,
    "classification": "Extreme Fear"
  },
  "usd_thb": 32.46
}