{
  "ts": "2026-05-26T08:19:56.398Z",
  "xauusd": 4531.299805,
  "xagusd": 76.501999,
  "fng": {
    "value": 34,
    "classification": "Fear"
  },
  "usd_thb": 32.61
}