{
  "ts": "2025-09-04T04:42:59.563Z",
  "xauusd": 3531.399902,
  "xagusd": 40.797001,
  "fng": {
    "value": 51,
    "classification": "Neutral"
  },
  "usd_thb": 32.31
}