{
  "ts": "2025-08-29T06:29:15.040Z",
  "xauusd": 3412.699951,
  "xagusd": 38.919998,
  "fng": {
    "value": 50,
    "classification": "Neutral"
  },
  "usd_thb": 32.34
}