{
  "ts": "2026-03-30T14:10:16.972Z",
  "xauusd": 4526.899902,
  "xagusd": 70.670998,
  "fng": {
    "value": 8,
    "classification": "Extreme Fear"
  },
  "usd_thb": 32.91
}