{
  "ts": "2026-02-16T23:26:41.122Z",
  "xauusd": 4997.899902,
  "xagusd": 76.849998,
  "fng": {
    "value": 12,
    "classification": "Extreme Fear"
  },
  "usd_thb": 31.08
}