{
  "ts": "2025-12-22T10:54:10.079Z",
  "xauusd": 4411.700195,
  "xagusd": 69.107002,
  "fng": {
    "value": 25,
    "classification": "Extreme Fear"
  },
  "usd_thb": 31.18
}