{
  "ts": "2025-09-22T12:38:11.481Z",
  "xauusd": 3718.800049,
  "xagusd": 43.509998,
  "fng": {
    "value": 45,
    "classification": "Fear"
  },
  "usd_thb": 31.77
}