{
  "ts": "2025-11-14T20:59:35.839Z",
  "xauusd": 4087.199951,
  "xagusd": 50.703999,
  "fng": {
    "value": 16,
    "classification": "Extreme Fear"
  },
  "usd_thb": 32.43
}