{
  "ts": "2026-01-23T15:45:28.094Z",
  "xauusd": 4960.299805,
  "xagusd": 100.035004,
  "fng": {
    "value": 24,
    "classification": "Extreme Fear"
  },
  "usd_thb": 31.09
}