{
  "ts": "2025-10-24T08:34:50.982Z",
  "xauusd": 4055.699951,
  "xagusd": 47.938999,
  "fng": {
    "value": 30,
    "classification": "Fear"
  },
  "usd_thb": 32.77
}