{
  "ts": "2025-08-14T19:56:09.351Z",
  "xauusd": 3339.800049,
  "xagusd": 38.071999,
  "fng": {
    "value": 75,
    "classification": "Greed"
  },
  "usd_thb": 32.46
}