{
  "ts": "2025-12-03T14:50:52.165Z",
  "xauusd": 4221.200195,
  "xagusd": 58.352001,
  "fng": {
    "value": 28,
    "classification": "Fear"
  },
  "usd_thb": 31.88
}