{
  "ts": "2025-10-24T11:51:00.568Z",
  "xauusd": 4066.300049,
  "xagusd": 48.125999,
  "fng": {
    "value": 30,
    "classification": "Fear"
  },
  "usd_thb": 32.76
}