{
  "ts": "2025-10-02T19:50:50.278Z",
  "xauusd": 3858.100098,
  "xagusd": 46.928001,
  "fng": {
    "value": 64,
    "classification": "Greed"
  },
  "usd_thb": 32.45
}