{
  "ts": "2026-01-12T18:28:45.362Z",
  "xauusd": 4602.700195,
  "xagusd": 85.024002,
  "fng": {
    "value": 27,
    "classification": "Fear"
  },
  "usd_thb": 31.17
}