{
  "ts": "2026-01-28T11:57:28.973Z",
  "xauusd": 5263.100098,
  "xagusd": 112.292999,
  "fng": {
    "value": 29,
    "classification": "Fear"
  },
  "usd_thb": 31.134
}