{
  "ts": "2025-09-03T10:53:03.970Z",
  "xauusd": 3539.699951,
  "xagusd": 40.893002,
  "fng": {
    "value": 55,
    "classification": "Greed"
  },
  "usd_thb": 32.38
}