{
  "ts": "2025-12-24T09:38:18.708Z",
  "xauusd": 4489.799805,
  "xagusd": 71.919998,
  "fng": {
    "value": 24,
    "classification": "Extreme Fear"
  },
  "usd_thb": 31
}