{
  "ts": "2025-12-29T19:30:00.311Z",
  "xauusd": 4332.799805,
  "xagusd": 71.925003,
  "fng": {
    "value": 24,
    "classification": "Extreme Fear"
  },
  "usd_thb": 31.62
}