{
  "ts": "2025-12-12T03:00:06.918Z",
  "xauusd": 4271.600098,
  "xagusd": 63.700001,
  "fng": {
    "value": 29,
    "classification": "Fear"
  },
  "usd_thb": 31.66
}