{
  "ts": "2025-10-09T07:41:37.688Z",
  "xauusd": 4028.300049,
  "xagusd": 49.077999,
  "fng": {
    "value": 70,
    "classification": "Greed"
  },
  "usd_thb": 32.61
}