{
  "ts": "2026-03-03T21:20:25.556Z",
  "xauusd": 5094.200195,
  "xagusd": 82.261002,
  "fng": {
    "value": 14,
    "classification": "Extreme Fear"
  },
  "usd_thb": 31.57
}