{
  "ts": "2025-11-26T19:57:31.259Z",
  "xauusd": 4165.100098,
  "xagusd": 53.341999,
  "fng": {
    "value": 15,
    "classification": "Extreme Fear"
  },
  "usd_thb": 32.22
}