{
  "ts": "2025-09-25T11:48:53.638Z",
  "xauusd": 3752.899902,
  "xagusd": 44.911999,
  "fng": {
    "value": 44,
    "classification": "Fear"
  },
  "usd_thb": 32.19
}