{
  "ts": "2025-12-23T22:56:19.727Z",
  "xauusd": 4485.700195,
  "xagusd": 71.532997,
  "fng": {
    "value": 24,
    "classification": "Extreme Fear"
  },
  "usd_thb": 31.09
}