{
  "ts": "2026-04-10T10:42:31.793Z",
  "xauusd": 4756.600098,
  "xagusd": 75.690002,
  "fng": {
    "value": 16,
    "classification": "Extreme Fear"
  },
  "usd_thb": 32.08
}