{
  "ts": "2025-11-19T09:59:48.292Z",
  "xauusd": 4114.700195,
  "xagusd": 52.203999,
  "fng": {
    "value": 15,
    "classification": "Extreme Fear"
  },
  "usd_thb": 32.41
}