{
  "ts": "2026-03-23T16:35:56.204Z",
  "xauusd": 4376.399902,
  "xagusd": 68.639999,
  "fng": {
    "value": 8,
    "classification": "Extreme Fear"
  },
  "usd_thb": 32.36
}