{
  "ts": "2025-09-26T07:50:33.600Z",
  "xauusd": 3749.300049,
  "xagusd": 45.061001,
  "fng": {
    "value": 28,
    "classification": "Fear"
  },
  "usd_thb": 32.27
}