{
  "ts": "2026-04-10T14:47:44.739Z",
  "xauusd": 4780.700195,
  "xagusd": 76.533997,
  "fng": {
    "value": 16,
    "classification": "Extreme Fear"
  },
  "usd_thb": 31.99
}