{
  "ts": "2025-12-29T13:28:00.196Z",
  "xauusd": 4454.799805,
  "xagusd": 74.994003,
  "fng": {
    "value": 24,
    "classification": "Extreme Fear"
  },
  "usd_thb": 31.42
}