{
  "ts": "2025-12-19T10:56:54.288Z",
  "xauusd": 4329.799805,
  "xagusd": 66.119003,
  "fng": {
    "value": 16,
    "classification": "Extreme Fear"
  },
  "usd_thb": 31.45
}