{
  "ts": "2025-08-14T22:33:26.949Z",
  "xauusd": 3335.100098,
  "xagusd": 38.044998,
  "fng": {
    "value": 75,
    "classification": "Greed"
  },
  "usd_thb": 32.47
}