{
  "ts": "2025-12-02T15:59:30.744Z",
  "xauusd": 4173.899902,
  "xagusd": 57.289001,
  "fng": {
    "value": 23,
    "classification": "Extreme Fear"
  },
  "usd_thb": 32.05
}