{
  "ts": "2025-09-30T12:51:06.836Z",
  "xauusd": 3819.199951,
  "xagusd": 46.196999,
  "fng": {
    "value": 50,
    "classification": "Neutral"
  },
  "usd_thb": 32.16
}