{
  "ts": "2025-10-14T22:52:56.690Z",
  "xauusd": 4161.799805,
  "xagusd": 51.631001,
  "fng": {
    "value": 38,
    "classification": "Fear"
  },
  "usd_thb": 32.67
}