{
  "ts": "2025-10-16T11:33:17.486Z",
  "xauusd": 4246.600098,
  "xagusd": 53.213001,
  "fng": {
    "value": 28,
    "classification": "Fear"
  },
  "usd_thb": 32.54
}