{
  "ts": "2026-03-12T22:54:31.699Z",
  "xauusd": 5093.399902,
  "xagusd": 84.304001,
  "fng": {
    "value": 18,
    "classification": "Extreme Fear"
  },
  "usd_thb": 32.13
}