{
  "ts": "2025-11-17T19:58:36.888Z",
  "xauusd": 4013.100098,
  "xagusd": 49.863998,
  "fng": {
    "value": 14,
    "classification": "Extreme Fear"
  },
  "usd_thb": 32.45
}