{
  "ts": "2025-10-23T10:22:46.047Z",
  "xauusd": 4119.299805,
  "xagusd": 49.101002,
  "fng": {
    "value": 27,
    "classification": "Fear"
  },
  "usd_thb": 32.78
}