{
  "ts": "2025-10-17T05:21:56.482Z",
  "xauusd": 4364.100098,
  "xagusd": 54.477001,
  "fng": {
    "value": 22,
    "classification": "Extreme Fear"
  },
  "usd_thb": 32.53
}