{
  "ts": "2025-10-03T13:53:15.124Z",
  "xauusd": 3882.100098,
  "xagusd": 47.720001,
  "fng": {
    "value": 63,
    "classification": "Greed"
  },
  "usd_thb": 32.31
}