{
  "ts": "2025-09-22T10:45:44.770Z",
  "xauusd": 3727.399902,
  "xagusd": 43.794998,
  "fng": {
    "value": 45,
    "classification": "Fear"
  },
  "usd_thb": 31.77
}