{
  "ts": "2026-01-13T10:13:22.279Z",
  "xauusd": 4582.399902,
  "xagusd": 85.566002,
  "fng": {
    "value": 26,
    "classification": "Fear"
  },
  "usd_thb": 31.42
}