{
  "ts": "2025-09-16T16:47:25.342Z",
  "xauusd": 3687.800049,
  "xagusd": 42.580002,
  "fng": {
    "value": 52,
    "classification": "Neutral"
  },
  "usd_thb": 31.69
}