{
  "ts": "2025-10-21T17:16:24.487Z",
  "xauusd": 4114.899902,
  "xagusd": 48.470001,
  "fng": {
    "value": 34,
    "classification": "Fear"
  },
  "usd_thb": 32.83
}