{
  "ts": "2025-09-03T17:39:21.330Z",
  "xauusd": 3574.300049,
  "xagusd": 41.407001,
  "fng": {
    "value": 55,
    "classification": "Greed"
  },
  "usd_thb": 32.25
}