{
  "ts": "2025-10-03T07:57:29.174Z",
  "xauusd": 3865.699951,
  "xagusd": 47.464001,
  "fng": {
    "value": 63,
    "classification": "Greed"
  },
  "usd_thb": 32.39
}