{
  "ts": "2026-01-28T23:24:30.337Z",
  "xauusd": 5492.399902,
  "xagusd": 118.667999,
  "fng": {
    "value": 29,
    "classification": "Fear"
  },
  "usd_thb": 31.02
}