{
  "ts": "2025-09-05T17:28:18.929Z",
  "xauusd": 3596.199951,
  "xagusd": 41.029999,
  "fng": {
    "value": 48,
    "classification": "Neutral"
  },
  "usd_thb": 32.04
}