{
  "ts": "2025-10-07T20:43:52.707Z",
  "xauusd": 3983.199951,
  "xagusd": 47.813999,
  "fng": {
    "value": 70,
    "classification": "Greed"
  },
  "usd_thb": 32.51
}