{
  "ts": "2025-11-20T21:10:34.917Z",
  "xauusd": 4080.199951,
  "xagusd": 50.633999,
  "fng": {
    "value": 11,
    "classification": "Extreme Fear"
  },
  "usd_thb": 32.44
}