{
  "ts": "2025-08-18T15:56:26.023Z",
  "xauusd": 3335.399902,
  "xagusd": 38.078999,
  "fng": {
    "value": 60,
    "classification": "Greed"
  },
  "usd_thb": 32.5
}