{
  "ts": "2025-12-17T07:51:11.885Z",
  "xauusd": 4318.799805,
  "xagusd": 65.786003,
  "fng": {
    "value": 16,
    "classification": "Extreme Fear"
  },
  "usd_thb": 31.49
}