{
  "ts": "2025-09-03T11:09:32.915Z",
  "xauusd": 3544.300049,
  "xagusd": 40.959999,
  "fng": {
    "value": 55,
    "classification": "Greed"
  },
  "usd_thb": 32.36
}