{
  "ts": "2025-10-10T13:56:14.003Z",
  "xauusd": 3982.399902,
  "xagusd": 49.955002,
  "fng": {
    "value": 64,
    "classification": "Greed"
  },
  "usd_thb": 32.61
}