{
  "ts": "2025-11-20T20:52:52.647Z",
  "xauusd": 4077.899902,
  "xagusd": 50.582001,
  "fng": {
    "value": 11,
    "classification": "Extreme Fear"
  },
  "usd_thb": 32.44
}