{
  "ts": "2025-08-14T14:55:21.243Z",
  "xauusd": 3341.199951,
  "xagusd": 38.049999,
  "fng": {
    "value": 75,
    "classification": "Greed"
  },
  "usd_thb": 32.48
}