{
  "ts": "2025-09-15T13:07:40.903Z",
  "xauusd": 3649.399902,
  "xagusd": 42.228001,
  "fng": {
    "value": 53,
    "classification": "Neutral"
  },
  "usd_thb": 31.81
}