{
  "ts": "2025-11-14T03:58:09.623Z",
  "xauusd": 4203.899902,
  "xagusd": 53.380001,
  "fng": {
    "value": 16,
    "classification": "Extreme Fear"
  },
  "usd_thb": 32.32
}