{
  "ts": "2025-10-23T16:41:39.835Z",
  "xauusd": 4140.899902,
  "xagusd": 49.119999,
  "fng": {
    "value": 27,
    "classification": "Fear"
  },
  "usd_thb": 32.78
}