{
  "ts": "2025-10-27T11:42:06.271Z",
  "xauusd": 4021.199951,
  "xagusd": 47.450001,
  "fng": {
    "value": 51,
    "classification": "Neutral"
  },
  "usd_thb": 32.68
}