{
  "ts": "2025-12-26T08:54:03.077Z",
  "xauusd": 4517.700195,
  "xagusd": 74.877998,
  "fng": {
    "value": 20,
    "classification": "Extreme Fear"
  },
  "usd_thb": 30.96
}