{
  "ts": "2025-10-22T22:38:10.998Z",
  "xauusd": 4101.200195,
  "xagusd": 48.431999,
  "fng": {
    "value": 25,
    "classification": "Extreme Fear"
  },
  "usd_thb": 32.77
}