{
  "ts": "2025-10-22T14:56:36.407Z",
  "xauusd": 4014.199951,
  "xagusd": 47.994999,
  "fng": {
    "value": 25,
    "classification": "Extreme Fear"
  },
  "usd_thb": 32.86
}