{
  "ts": "2025-11-20T14:24:59.701Z",
  "xauusd": 4085.899902,
  "xagusd": 51.080002,
  "fng": {
    "value": 11,
    "classification": "Extreme Fear"
  },
  "usd_thb": 32.38
}