{
  "ts": "2025-10-24T17:31:00.452Z",
  "xauusd": 4122.399902,
  "xagusd": 48.810001,
  "fng": {
    "value": 30,
    "classification": "Fear"
  },
  "usd_thb": 32.67
}