{
  "ts": "2025-12-01T18:27:58.135Z",
  "xauusd": 4240.899902,
  "xagusd": 58.692001,
  "fng": {
    "value": 24,
    "classification": "Extreme Fear"
  },
  "usd_thb": 32.02
}