{
  "ts": "2025-12-05T11:13:39.755Z",
  "xauusd": 4222.600098,
  "xagusd": 58.169998,
  "fng": {
    "value": 28,
    "classification": "Fear"
  },
  "usd_thb": 31.84
}