{
  "ts": "2026-07-15T11:55:07.809Z",
  "xauusd": 4038.399902,
  "xagusd": 58.237999,
  "fng": {
    "value": 25,
    "classification": "Extreme Fear"
  },
  "usd_thb": 33.5
}