{
  "ts": "2026-03-23T03:46:42.859Z",
  "xauusd": 4340.399902,
  "xagusd": 65.218002,
  "fng": {
    "value": 8,
    "classification": "Extreme Fear"
  },
  "usd_thb": 32.98
}