{
  "ts": "2025-11-26T16:48:42.898Z",
  "xauusd": 4168.600098,
  "xagusd": 53.098999,
  "fng": {
    "value": 15,
    "classification": "Extreme Fear"
  },
  "usd_thb": 32.22
}