{
  "ts": "2025-10-08T02:46:36.662Z",
  "xauusd": 4007.699951,
  "xagusd": 48.306999,
  "fng": {
    "value": 60,
    "classification": "Greed"
  },
  "usd_thb": 32.46
}