{
  "ts": "2025-09-30T14:44:52.505Z",
  "xauusd": 3848.199951,
  "xagusd": 46.748001,
  "fng": {
    "value": 50,
    "classification": "Neutral"
  },
  "usd_thb": 32.43
}