{
  "ts": "2026-01-21T14:44:24.922Z",
  "xauusd": 4868.799805,
  "xagusd": 94.449997,
  "fng": {
    "value": 24,
    "classification": "Extreme Fear"
  },
  "usd_thb": 31.07
}