{
  "ts": "2025-11-27T08:28:44.418Z",
  "xauusd": 4165.799805,
  "xagusd": 53.858002,
  "fng": {
    "value": 22,
    "classification": "Extreme Fear"
  },
  "usd_thb": 32.2
}