{
  "ts": "2026-07-20T22:14:42.810Z",
  "xauusd": 4007.899902,
  "xagusd": 56.488998,
  "fng": {
    "value": 29,
    "classification": "Fear"
  },
  "usd_thb": 33.61
}