{
  "ts": "2025-11-26T09:30:01.944Z",
  "xauusd": 4162.299805,
  "xagusd": 52.293999,
  "fng": {
    "value": 15,
    "classification": "Extreme Fear"
  },
  "usd_thb": 32.24
}