{
  "ts": "2025-09-24T20:24:41.437Z",
  "xauusd": 3733.199951,
  "xagusd": 43.938999,
  "fng": {
    "value": 44,
    "classification": "Fear"
  },
  "usd_thb": 32.12
}