{
  "ts": "2025-12-30T03:46:41.910Z",
  "xauusd": 4364.700195,
  "xagusd": 74.544998,
  "fng": {
    "value": 23,
    "classification": "Extreme Fear"
  },
  "usd_thb": 31.47
}