{
  "ts": "2026-01-22T05:47:18.372Z",
  "xauusd": 4806.700195,
  "xagusd": 93.860001,
  "fng": {
    "value": 20,
    "classification": "Extreme Fear"
  },
  "usd_thb": 31.37
}