{
  "ts": "2026-01-14T11:54:50.388Z",
  "xauusd": 4631.399902,
  "xagusd": 90.434998,
  "fng": {
    "value": 48,
    "classification": "Neutral"
  },
  "usd_thb": 31.36
}