{
  "ts": "2025-08-14T19:47:12.297Z",
  "xauusd": 3340.699951,
  "xagusd": 38.080002,
  "fng": {
    "value": 75,
    "classification": "Greed"
  },
  "usd_thb": 32.47
}