{
  "ts": "2025-10-09T20:53:20.157Z",
  "xauusd": 3976.399902,
  "xagusd": 49.279999,
  "fng": {
    "value": 70,
    "classification": "Greed"
  },
  "usd_thb": 32.77
}