{
  "ts": "2025-09-10T17:32:29.567Z",
  "xauusd": 3644.699951,
  "xagusd": 41.179001,
  "fng": {
    "value": 49,
    "classification": "Neutral"
  },
  "usd_thb": 31.75
}