{
  "ts": "2025-11-26T05:57:58.565Z",
  "xauusd": 4163.100098,
  "xagusd": 52.014999,
  "fng": {
    "value": 15,
    "classification": "Extreme Fear"
  },
  "usd_thb": 32.2
}