{
  "ts": "2025-10-30T05:49:38.319Z",
  "xauusd": 3969.199951,
  "xagusd": 47.769001,
  "fng": {
    "value": 34,
    "classification": "Fear"
  },
  "usd_thb": 32.45
}