{
  "ts": "2025-10-02T05:23:59.743Z",
  "xauusd": 3869.100098,
  "xagusd": 47.384998,
  "fng": {
    "value": 64,
    "classification": "Greed"
  },
  "usd_thb": 32.44
}