{
  "ts": "2025-09-22T03:56:21.109Z",
  "xauusd": 3697.800049,
  "xagusd": 43.595001,
  "fng": {
    "value": 45,
    "classification": "Fear"
  },
  "usd_thb": 31.79
}