{
  "ts": "2025-10-20T05:46:15.454Z",
  "xauusd": 4255.899902,
  "xagusd": 51.935001,
  "fng": {
    "value": 29,
    "classification": "Fear"
  },
  "usd_thb": 32.75
}