{
  "ts": "2025-10-06T19:40:01.847Z",
  "xauusd": 3962.800049,
  "xagusd": 48.676998,
  "fng": {
    "value": 71,
    "classification": "Greed"
  },
  "usd_thb": 32.4
}