{
  "ts": "2026-04-05T23:50:51.139Z",
  "xauusd": 4614.399902,
  "xagusd": 71.799004,
  "fng": {
    "value": 12,
    "classification": "Extreme Fear"
  },
  "usd_thb": 32.67
}