{
  "ts": "2025-08-14T13:08:36.288Z",
  "xauusd": 3355.399902,
  "xagusd": 38.264999,
  "fng": {
    "value": 75,
    "classification": "Greed"
  },
  "usd_thb": 32.42
}