{
  "ts": "2025-10-22T09:54:25.911Z",
  "xauusd": 4067.399902,
  "xagusd": 48.297001,
  "fng": {
    "value": 25,
    "classification": "Extreme Fear"
  },
  "usd_thb": 32.89
}