{
  "ts": "2025-08-28T17:11:19.523Z",
  "xauusd": 3416.899902,
  "xagusd": 39.099998,
  "fng": {
    "value": 48,
    "classification": "Neutral"
  },
  "usd_thb": 32.25
}