{
  "ts": "2025-11-12T23:52:06.516Z",
  "xauusd": 4190.899902,
  "xagusd": 53.279999,
  "fng": {
    "value": 24,
    "classification": "Extreme Fear"
  },
  "usd_thb": 32.35
}