{
  "ts": "2026-01-06T21:29:43.877Z",
  "xauusd": 4494.899902,
  "xagusd": 81.294998,
  "fng": {
    "value": 44,
    "classification": "Fear"
  },
  "usd_thb": 31.19
}