{
  "ts": "2025-12-02T15:32:24.321Z",
  "xauusd": 4188.100098,
  "xagusd": 57.317001,
  "fng": {
    "value": 23,
    "classification": "Extreme Fear"
  },
  "usd_thb": 32.04
}