{
  "ts": "2025-10-07T21:25:19.350Z",
  "xauusd": 3985.600098,
  "xagusd": 47.879002,
  "fng": {
    "value": 70,
    "classification": "Greed"
  },
  "usd_thb": 32.48
}