{
  "ts": "2026-01-23T09:38:18.232Z",
  "xauusd": 4911.700195,
  "xagusd": 98.154999,
  "fng": {
    "value": 24,
    "classification": "Extreme Fear"
  },
  "usd_thb": 31.15
}