{
  "ts": "2026-04-24T12:46:10.179Z",
  "xauusd": 4699.899902,
  "xagusd": 75.731003,
  "fng": {
    "value": 39,
    "classification": "Fear"
  },
  "usd_thb": 32.36
}