{
  "ts": "2025-10-20T23:14:55.170Z",
  "xauusd": 4369.100098,
  "xagusd": 52.592999,
  "fng": {
    "value": 29,
    "classification": "Fear"
  },
  "usd_thb": 32.57
}