{
  "ts": "2025-10-10T09:31:07.321Z",
  "xauusd": 3997.800049,
  "xagusd": 51.089001,
  "fng": {
    "value": 64,
    "classification": "Greed"
  },
  "usd_thb": 32.73
}