{
  "ts": "2026-05-13T10:02:48.675Z",
  "xauusd": 4701.100098,
  "xagusd": 86.969002,
  "fng": {
    "value": 42,
    "classification": "Fear"
  },
  "usd_thb": 32.32
}