{
  "ts": "2025-09-24T17:31:06.160Z",
  "xauusd": 3735.800049,
  "xagusd": 43.950001,
  "fng": {
    "value": 44,
    "classification": "Fear"
  },
  "usd_thb": 32.08
}