{
  "ts": "2025-08-28T03:56:55.974Z",
  "xauusd": 3390.699951,
  "xagusd": 38.750999,
  "fng": {
    "value": 48,
    "classification": "Neutral"
  },
  "usd_thb": 32.38
}