{
  "ts": "2026-06-08T02:02:09.204Z",
  "xauusd": 4330.600098,
  "xagusd": 68.123001,
  "fng": {
    "value": 8,
    "classification": "Extreme Fear"
  },
  "usd_thb": 32.84
}