{
  "ts": "2025-09-29T13:23:35.356Z",
  "xauusd": 3823.300049,
  "xagusd": 46.835999,
  "fng": {
    "value": 50,
    "classification": "Neutral"
  },
  "usd_thb": 32.22
}