{
  "ts": "2026-03-11T01:17:13.249Z",
  "xauusd": 5216.200195,
  "xagusd": 89.023003,
  "fng": {
    "value": 15,
    "classification": "Extreme Fear"
  },
  "usd_thb": 31.53
}