{
  "ts": "2026-01-30T23:02:15.042Z",
  "xauusd": 4891.399902,
  "xagusd": 85.400002,
  "fng": {
    "value": 16,
    "classification": "Extreme Fear"
  },
  "usd_thb": 31.49
}