{
  "ts": "2026-01-01T11:43:00.567Z",
  "xauusd": 4319.600098,
  "xagusd": 71.660004,
  "fng": {
    "value": 20,
    "classification": "Extreme Fear"
  },
  "usd_thb": 31.43
}