{
  "ts": "2026-04-30T01:17:50.436Z",
  "xauusd": 4552.799805,
  "xagusd": 72.705002,
  "fng": {
    "value": 29,
    "classification": "Fear"
  },
  "usd_thb": 32.73
}