{
  "ts": "2025-12-05T02:30:04.616Z",
  "xauusd": 4199.100098,
  "xagusd": 57.115002,
  "fng": {
    "value": 28,
    "classification": "Fear"
  },
  "usd_thb": 32
}