{
  "ts": "2025-10-10T09:52:01.173Z",
  "xauusd": 4004.399902,
  "xagusd": 51.102001,
  "fng": {
    "value": 64,
    "classification": "Greed"
  },
  "usd_thb": 32.7
}