{
  "ts": "2025-12-01T05:35:54.799Z",
  "xauusd": 4226.600098,
  "xagusd": 56.859001,
  "fng": {
    "value": 24,
    "classification": "Extreme Fear"
  },
  "usd_thb": 32.04
}