{
  "ts": "2025-11-17T10:23:32.654Z",
  "xauusd": 4088.300049,
  "xagusd": 51.095001,
  "fng": {
    "value": 14,
    "classification": "Extreme Fear"
  },
  "usd_thb": 32.42
}