{
  "ts": "2025-09-18T17:36:15.813Z",
  "xauusd": 3645.100098,
  "xagusd": 41.860001,
  "fng": {
    "value": 52,
    "classification": "Neutral"
  },
  "usd_thb": 31.9
}