{
  "ts": "2026-05-21T14:18:52.666Z",
  "xauusd": 4501.399902,
  "xagusd": 75.098999,
  "fng": {
    "value": 29,
    "classification": "Fear"
  },
  "usd_thb": 32.66
}