{
  "ts": "2026-03-13T06:10:05.510Z",
  "xauusd": 5108.600098,
  "xagusd": 84.026001,
  "fng": {
    "value": 15,
    "classification": "Extreme Fear"
  },
  "usd_thb": 32.21
}