{
  "ts": "2026-03-11T20:17:44.931Z",
  "xauusd": 5178.200195,
  "xagusd": 86.000999,
  "fng": {
    "value": 15,
    "classification": "Extreme Fear"
  },
  "usd_thb": 31.84
}