{
  "ts": "2025-10-09T12:29:00.978Z",
  "xauusd": 4041.399902,
  "xagusd": 50.035999,
  "fng": {
    "value": 70,
    "classification": "Greed"
  },
  "usd_thb": 32.58
}