{
  "ts": "2026-01-19T15:43:04.711Z",
  "xauusd": 4670.799805,
  "xagusd": 93.824997,
  "fng": {
    "value": 44,
    "classification": "Fear"
  },
  "usd_thb": 31.23
}