{
  "ts": "2025-10-15T02:42:51.849Z",
  "xauusd": 4172.899902,
  "xagusd": 51.949001,
  "fng": {
    "value": 34,
    "classification": "Fear"
  },
  "usd_thb": 32.55
}