{
  "ts": "2025-12-24T11:19:49.367Z",
  "xauusd": 4489.100098,
  "xagusd": 72.100998,
  "fng": {
    "value": 24,
    "classification": "Extreme Fear"
  },
  "usd_thb": 31
}