{
  "ts": "2025-12-23T07:18:09.950Z",
  "xauusd": 4484.200195,
  "xagusd": 69.391998,
  "fng": {
    "value": 24,
    "classification": "Extreme Fear"
  },
  "usd_thb": 31.15
}