{
  "ts": "2025-09-23T22:12:53.595Z",
  "xauusd": 3766.399902,
  "xagusd": 44.134998,
  "fng": {
    "value": 43,
    "classification": "Fear"
  },
  "usd_thb": 31.83
}