{
  "ts": "2026-01-21T05:38:52.404Z",
  "xauusd": 4876.799805,
  "xagusd": 94.721001,
  "fng": {
    "value": 24,
    "classification": "Extreme Fear"
  },
  "usd_thb": 31.079
}