{
  "ts": "2025-10-03T03:41:15.378Z",
  "xauusd": 3841.699951,
  "xagusd": 46.860001,
  "fng": {
    "value": 63,
    "classification": "Greed"
  },
  "usd_thb": 32.44
}