{
  "ts": "2025-10-17T06:55:58.650Z",
  "xauusd": 4365.600098,
  "xagusd": 54.363998,
  "fng": {
    "value": 22,
    "classification": "Extreme Fear"
  },
  "usd_thb": 32.56
}