{
  "ts": "2025-10-06T07:51:09.232Z",
  "xauusd": 3940.899902,
  "xagusd": 48.737999,
  "fng": {
    "value": 71,
    "classification": "Greed"
  },
  "usd_thb": 32.35
}