{
  "ts": "2025-12-05T14:50:25.056Z",
  "xauusd": 4241.899902,
  "xagusd": 58.546001,
  "fng": {
    "value": 28,
    "classification": "Fear"
  },
  "usd_thb": 31.84
}