{
  "ts": "2026-05-20T08:43:54.400Z",
  "xauusd": 4478.899902,
  "xagusd": 75.456001,
  "fng": {
    "value": 27,
    "classification": "Fear"
  },
  "usd_thb": 32.68
}