{
  "ts": "2026-01-12T21:39:28.586Z",
  "xauusd": 4593.899902,
  "xagusd": 84.989998,
  "fng": {
    "value": 27,
    "classification": "Fear"
  },
  "usd_thb": 31.17
}