{
  "ts": "2025-08-21T15:56:23.632Z",
  "xauusd": 3345.300049,
  "xagusd": 38.227001,
  "fng": {
    "value": 50,
    "classification": "Neutral"
  },
  "usd_thb": 32.65
}