{
  "ts": "2026-05-14T12:00:20.447Z",
  "xauusd": 4700.100098,
  "xagusd": 87.012001,
  "fng": {
    "value": 34,
    "classification": "Fear"
  },
  "usd_thb": 32.3
}