{
  "ts": "2026-07-22T09:34:49.641Z",
  "xauusd": 4119.100098,
  "xagusd": 59.605999,
  "fng": {
    "value": 33,
    "classification": "Fear"
  },
  "usd_thb": 33.78
}