{
  "ts": "2025-12-08T17:28:57.234Z",
  "xauusd": 4190.700195,
  "xagusd": 58.049999,
  "fng": {
    "value": 20,
    "classification": "Extreme Fear"
  },
  "usd_thb": 31.91
}