{
  "ts": "2025-09-29T10:41:10.598Z",
  "xauusd": 3818.800049,
  "xagusd": 47.002998,
  "fng": {
    "value": 50,
    "classification": "Neutral"
  },
  "usd_thb": 32.26
}