{
  "ts": "2025-08-22T09:54:32.353Z",
  "xauusd": 3330.800049,
  "xagusd": 38.030998,
  "fng": {
    "value": 50,
    "classification": "Neutral"
  },
  "usd_thb": 32.63
}