{
  "ts": "2026-01-27T11:35:29.537Z",
  "xauusd": 5086.899902,
  "xagusd": 112.630997,
  "fng": {
    "value": 29,
    "classification": "Fear"
  },
  "usd_thb": 31.027
}