{
  "ts": "2025-10-24T20:55:07.877Z",
  "xauusd": 4114.700195,
  "xagusd": 48.671001,
  "fng": {
    "value": 30,
    "classification": "Fear"
  },
  "usd_thb": 32.7
}