{
  "ts": "2025-11-26T10:21:15.770Z",
  "xauusd": 4162.899902,
  "xagusd": 52.369999,
  "fng": {
    "value": 15,
    "classification": "Extreme Fear"
  },
  "usd_thb": 32.26
}