{
  "ts": "2025-09-29T09:57:05.270Z",
  "xauusd": 3808.699951,
  "xagusd": 46.870998,
  "fng": {
    "value": 50,
    "classification": "Neutral"
  },
  "usd_thb": 32.25
}