{
  "ts": "2025-10-03T02:45:21.198Z",
  "xauusd": 3851.199951,
  "xagusd": 46.897999,
  "fng": {
    "value": 63,
    "classification": "Greed"
  },
  "usd_thb": 32.44
}