{
  "ts": "2026-01-12T11:28:30.148Z",
  "xauusd": 4587.399902,
  "xagusd": 83.761002,
  "fng": {
    "value": 27,
    "classification": "Fear"
  },
  "usd_thb": 31.22
}