{
  "ts": "2025-11-11T12:00:22.319Z",
  "xauusd": 4144.200195,
  "xagusd": 51.230999,
  "fng": {
    "value": 26,
    "classification": "Fear"
  },
  "usd_thb": 32.39
}