{
  "ts": "2025-11-27T07:38:20.162Z",
  "xauusd": 4160.200195,
  "xagusd": 53.838001,
  "fng": {
    "value": 22,
    "classification": "Extreme Fear"
  },
  "usd_thb": 32.23
}