{
  "ts": "2025-12-03T15:00:07.966Z",
  "xauusd": 4213.799805,
  "xagusd": 58.355999,
  "fng": {
    "value": 28,
    "classification": "Fear"
  },
  "usd_thb": 31.89
}