{
  "ts": "2026-07-01T04:55:06.602Z",
  "xauusd": 3981.100098,
  "xagusd": 57.945999,
  "fng": {
    "value": 11,
    "classification": "Extreme Fear"
  },
  "usd_thb": 33.29
}