{
  "ts": "2026-01-08T10:30:48.738Z",
  "xauusd": 4425.100098,
  "xagusd": 75.657997,
  "fng": {
    "value": 28,
    "classification": "Fear"
  },
  "usd_thb": 31.34
}