{
  "ts": "2025-11-27T04:29:15.521Z",
  "xauusd": 4149.600098,
  "xagusd": 52.882999,
  "fng": {
    "value": 22,
    "classification": "Extreme Fear"
  },
  "usd_thb": 32.19
}