{
  "ts": "2025-12-23T16:47:10.180Z",
  "xauusd": 4468.799805,
  "xagusd": 70.309998,
  "fng": {
    "value": 24,
    "classification": "Extreme Fear"
  },
  "usd_thb": 31.1
}