{
  "ts": "2025-12-26T14:13:27.119Z",
  "xauusd": 4524.100098,
  "xagusd": 74.678001,
  "fng": {
    "value": 20,
    "classification": "Extreme Fear"
  },
  "usd_thb": 30.97
}