{
  "ts": "2026-07-14T09:29:58.079Z",
  "xauusd": 4018.399902,
  "xagusd": 58.140999,
  "fng": {
    "value": 22,
    "classification": "Extreme Fear"
  },
  "usd_thb": 33.5
}