{
  "ts": "2026-01-06T23:54:25.439Z",
  "xauusd": 4495.100098,
  "xagusd": 82.529999,
  "fng": {
    "value": 44,
    "classification": "Fear"
  },
  "usd_thb": 31.16
}