{
  "ts": "2025-08-22T16:52:20.026Z",
  "xauusd": 3371.300049,
  "xagusd": 39.018002,
  "fng": {
    "value": 50,
    "classification": "Neutral"
  },
  "usd_thb": 32.37
}