{
  "ts": "2025-09-11T18:14:49.986Z",
  "xauusd": 3637.399902,
  "xagusd": 41.703999,
  "fng": {
    "value": 54,
    "classification": "Neutral"
  },
  "usd_thb": 31.72
}