{
  "ts": "2025-10-10T22:40:51.285Z",
  "xauusd": 4018.399902,
  "xagusd": 50.008999,
  "fng": {
    "value": 64,
    "classification": "Greed"
  },
  "usd_thb": 32.53
}