{
  "ts": "2026-05-21T19:13:25.135Z",
  "xauusd": 4537.200195,
  "xagusd": 76.473999,
  "fng": {
    "value": 29,
    "classification": "Fear"
  },
  "usd_thb": 32.6
}