{
  "ts": "2025-08-15T07:30:12.778Z",
  "xauusd": 3345.199951,
  "xagusd": 38.067001,
  "fng": {
    "value": 60,
    "classification": "Greed"
  },
  "usd_thb": 32.42
}