{
  "ts": "2025-10-02T14:46:11.536Z",
  "xauusd": 3839.399902,
  "xagusd": 46.449001,
  "fng": {
    "value": 64,
    "classification": "Greed"
  },
  "usd_thb": 32.49
}