{
  "ts": "2025-11-25T20:25:29.273Z",
  "xauusd": 4135.799805,
  "xagusd": 51.425999,
  "fng": {
    "value": 20,
    "classification": "Extreme Fear"
  },
  "usd_thb": 32.25
}