{
  "ts": "2026-03-19T10:07:18.285Z",
  "xauusd": 4714.100098,
  "xagusd": 71.963997,
  "fng": {
    "value": 23,
    "classification": "Extreme Fear"
  },
  "usd_thb": 32.76
}