{
  "ts": "2025-09-26T16:47:18.399Z",
  "xauusd": 3778.899902,
  "xagusd": 46.327999,
  "fng": {
    "value": 28,
    "classification": "Fear"
  },
  "usd_thb": 32.24
}