{
  "ts": "2025-11-25T04:34:15.435Z",
  "xauusd": 4147.399902,
  "xagusd": 51.544998,
  "fng": {
    "value": 20,
    "classification": "Extreme Fear"
  },
  "usd_thb": 32.36
}