{
  "ts": "2025-12-11T07:45:39.157Z",
  "xauusd": 4218.100098,
  "xagusd": 62.109001,
  "fng": {
    "value": 29,
    "classification": "Fear"
  },
  "usd_thb": 31.73
}