{
  "ts": "2025-12-12T17:35:27.671Z",
  "xauusd": 4289.100098,
  "xagusd": 61.734001,
  "fng": {
    "value": 29,
    "classification": "Fear"
  },
  "usd_thb": 31.57
}