{
  "ts": "2026-06-12T20:34:12.094Z",
  "xauusd": 4214.600098,
  "xagusd": 68.103996,
  "fng": {
    "value": 12,
    "classification": "Extreme Fear"
  },
  "usd_thb": 32.71
}