{
  "ts": "2025-10-06T07:42:09.573Z",
  "xauusd": 3933.699951,
  "xagusd": 48.654999,
  "fng": {
    "value": 71,
    "classification": "Greed"
  },
  "usd_thb": 32.35
}