{
  "ts": "2025-11-03T08:36:53.042Z",
  "xauusd": 4015.199951,
  "xagusd": 48.868999,
  "fng": {
    "value": 42,
    "classification": "Fear"
  },
  "usd_thb": 32.41
}