{
  "ts": "2025-09-01T13:49:15.885Z",
  "xauusd": 3477.699951,
  "xagusd": 40.748001,
  "fng": {
    "value": 46,
    "classification": "Fear"
  },
  "usd_thb": 32.3
}