{
  "ts": "2026-03-09T19:07:58.215Z",
  "xauusd": 5119.899902,
  "xagusd": 85.875999,
  "fng": {
    "value": 8,
    "classification": "Extreme Fear"
  },
  "usd_thb": 31.95
}