{
  "ts": "2026-05-05T12:54:30.708Z",
  "xauusd": 4564.799805,
  "xagusd": 73.560997,
  "fng": {
    "value": 50,
    "classification": "Neutral"
  },
  "usd_thb": 32.6
}