{
  "ts": "2025-08-26T19:53:56.733Z",
  "xauusd": 3391.399902,
  "xagusd": 38.625999,
  "fng": {
    "value": 48,
    "classification": "Neutral"
  },
  "usd_thb": 32.43
}