{
  "ts": "2026-06-23T09:29:27.757Z",
  "xauusd": 4114.200195,
  "xagusd": 62.504002,
  "fng": {
    "value": 23,
    "classification": "Extreme Fear"
  },
  "usd_thb": 33.11
}