{
  "ts": "2026-02-17T21:00:53.707Z",
  "xauusd": 4879.200195,
  "xagusd": 73.420998,
  "fng": {
    "value": 10,
    "classification": "Extreme Fear"
  },
  "usd_thb": 31.22
}