{
  "ts": "2026-01-06T14:56:52.104Z",
  "xauusd": 4488.799805,
  "xagusd": 80.161003,
  "fng": {
    "value": 44,
    "classification": "Fear"
  },
  "usd_thb": 31.25
}