{
  "ts": "2026-07-13T17:31:48.661Z",
  "xauusd": 4000.699951,
  "xagusd": 57.737999,
  "fng": {
    "value": 28,
    "classification": "Fear"
  },
  "usd_thb": 33.45
}