{
  "ts": "2025-12-03T04:43:55.103Z",
  "xauusd": 4225.399902,
  "xagusd": 58.962002,
  "fng": {
    "value": 28,
    "classification": "Fear"
  },
  "usd_thb": 31.88
}