{
  "ts": "2025-12-05T17:59:42.210Z",
  "xauusd": 4217.700195,
  "xagusd": 58.720001,
  "fng": {
    "value": 28,
    "classification": "Fear"
  },
  "usd_thb": 31.87
}