{
  "ts": "2025-10-23T22:32:05.245Z",
  "xauusd": 4123.600098,
  "xagusd": 48.875999,
  "fng": {
    "value": 27,
    "classification": "Fear"
  },
  "usd_thb": 32.78
}