{
  "ts": "2025-09-11T15:58:19.075Z",
  "xauusd": 3633.600098,
  "xagusd": 41.563999,
  "fng": {
    "value": 54,
    "classification": "Neutral"
  },
  "usd_thb": 31.75
}