{
  "ts": "2025-08-27T22:52:57.377Z",
  "xauusd": 3397.399902,
  "xagusd": 38.641998,
  "fng": {
    "value": 51,
    "classification": "Neutral"
  },
  "usd_thb": 32.41
}