{
  "ts": "2026-03-12T22:29:16.063Z",
  "xauusd": 5091.700195,
  "xagusd": 84.225998,
  "fng": {
    "value": 18,
    "classification": "Extreme Fear"
  },
  "usd_thb": 32.15
}