{
  "ts": "2025-09-09T12:52:52.112Z",
  "xauusd": 3648.600098,
  "xagusd": 41.116501,
  "fng": {
    "value": 48,
    "classification": "Neutral"
  },
  "usd_thb": 31.72
}