{
  "ts": "2025-11-19T13:39:22.368Z",
  "xauusd": 4113.700195,
  "xagusd": 52.018002,
  "fng": {
    "value": 15,
    "classification": "Extreme Fear"
  },
  "usd_thb": 32.45
}