{
  "ts": "2025-09-19T19:55:51.335Z",
  "xauusd": 3685.699951,
  "xagusd": 43.033001,
  "fng": {
    "value": 53,
    "classification": "Neutral"
  },
  "usd_thb": 31.81
}