{
  "ts": "2025-09-10T07:58:11.285Z",
  "xauusd": 3646.699951,
  "xagusd": 41.227001,
  "fng": {
    "value": 49,
    "classification": "Neutral"
  },
  "usd_thb": 31.78
}