{
  "ts": "2025-09-10T10:32:59.722Z",
  "xauusd": 3655.199951,
  "xagusd": 41.247002,
  "fng": {
    "value": 49,
    "classification": "Neutral"
  },
  "usd_thb": 31.79
}