{
  "ts": "2025-08-14T02:53:13.315Z",
  "xauusd": 3367.199951,
  "xagusd": 38.759998,
  "fng": {
    "value": 75,
    "classification": "Greed"
  },
  "usd_thb": 32.29
}