{
  "ts": "2025-10-02T19:23:07.028Z",
  "xauusd": 3860.100098,
  "xagusd": 46.957001,
  "fng": {
    "value": 64,
    "classification": "Greed"
  },
  "usd_thb": 32.44
}