{
  "ts": "2025-12-04T19:43:39.196Z",
  "xauusd": 4210.100098,
  "xagusd": 57.002998,
  "fng": {
    "value": 26,
    "classification": "Fear"
  },
  "usd_thb": 32
}