{
  "ts": "2025-10-06T08:50:15.411Z",
  "xauusd": 3941.600098,
  "xagusd": 48.703999,
  "fng": {
    "value": 71,
    "classification": "Greed"
  },
  "usd_thb": 32.41
}