{
  "ts": "2025-08-29T09:58:19.070Z",
  "xauusd": 3408.899902,
  "xagusd": 38.924999,
  "fng": {
    "value": 50,
    "classification": "Neutral"
  },
  "usd_thb": 32.39
}