{
  "ts": "2025-08-22T08:18:17.598Z",
  "xauusd": 3329.100098,
  "xagusd": 38.099998,
  "fng": {
    "value": 50,
    "classification": "Neutral"
  },
  "usd_thb": 32.61
}