{
  "ts": "2025-12-15T05:16:10.122Z",
  "xauusd": 4327.700195,
  "xagusd": 62.624001,
  "fng": {
    "value": 16,
    "classification": "Extreme Fear"
  },
  "usd_thb": 31.47
}