{
  "ts": "2025-11-27T09:45:18.894Z",
  "xauusd": 4158.299805,
  "xagusd": 53.551998,
  "fng": {
    "value": 22,
    "classification": "Extreme Fear"
  },
  "usd_thb": 32.22
}