{
  "ts": "2025-09-29T22:39:42.170Z",
  "xauusd": 3829.100098,
  "xagusd": 46.811001,
  "fng": {
    "value": 50,
    "classification": "Neutral"
  },
  "usd_thb": 32.22
}