{
  "ts": "2025-12-30T15:45:35.538Z",
  "xauusd": 4362.399902,
  "xagusd": 76.000999,
  "fng": {
    "value": 23,
    "classification": "Extreme Fear"
  },
  "usd_thb": 31.4
}