{
  "ts": "2025-08-22T20:14:48.551Z",
  "xauusd": 3372.300049,
  "xagusd": 38.952999,
  "fng": {
    "value": 50,
    "classification": "Neutral"
  },
  "usd_thb": 32.41
}