{
  "ts": "2025-12-23T21:12:50.148Z",
  "xauusd": 4493.399902,
  "xagusd": 71.532997,
  "fng": {
    "value": 24,
    "classification": "Extreme Fear"
  },
  "usd_thb": 31.09
}