{
  "ts": "2025-08-21T20:57:45.085Z",
  "xauusd": 3338.800049,
  "xagusd": 38.172001,
  "fng": {
    "value": 50,
    "classification": "Neutral"
  },
  "usd_thb": 32.61
}