{
  "ts": "2026-06-03T22:35:17.607Z",
  "xauusd": 4440.700195,
  "xagusd": 73.068001,
  "fng": {
    "value": 11,
    "classification": "Extreme Fear"
  },
  "usd_thb": 32.71
}