{
  "ts": "2026-02-13T17:25:37.441Z",
  "xauusd": 5015.200195,
  "xagusd": 77.758003,
  "fng": {
    "value": 9,
    "classification": "Extreme Fear"
  },
  "usd_thb": 31.06
}