{
  "ts": "2025-08-20T09:55:47.444Z",
  "xauusd": 3326.699951,
  "xagusd": 37.143002,
  "fng": {
    "value": 44,
    "classification": "Fear"
  },
  "usd_thb": 32.54
}