{
  "ts": "2025-11-07T19:40:19.781Z",
  "xauusd": 4004.199951,
  "xagusd": 48.431999,
  "fng": {
    "value": 24,
    "classification": "Extreme Fear"
  },
  "usd_thb": 32.42
}