{
  "ts": "2025-10-08T12:48:19.871Z",
  "xauusd": 4035.699951,
  "xagusd": 48.939999,
  "fng": {
    "value": 60,
    "classification": "Greed"
  },
  "usd_thb": 32.51
}