{
  "ts": "2025-12-17T22:28:01.362Z",
  "xauusd": 4339.299805,
  "xagusd": 66.265999,
  "fng": {
    "value": 16,
    "classification": "Extreme Fear"
  },
  "usd_thb": 31.47
}