{
  "ts": "2026-01-29T11:43:53.799Z",
  "xauusd": 5515.100098,
  "xagusd": 117.690002,
  "fng": {
    "value": 26,
    "classification": "Fear"
  },
  "usd_thb": 31.21
}