{
  "ts": "2025-12-02T16:58:57.340Z",
  "xauusd": 4183.399902,
  "xagusd": 57.710999,
  "fng": {
    "value": 23,
    "classification": "Extreme Fear"
  },
  "usd_thb": 32.07
}