{
  "ts": "2025-09-05T04:34:44.072Z",
  "xauusd": 3558.199951,
  "xagusd": 40.889999,
  "fng": {
    "value": 48,
    "classification": "Neutral"
  },
  "usd_thb": 32.22
}