{
  "ts": "2026-05-19T01:31:17.838Z",
  "xauusd": 4558.200195,
  "xagusd": 77.133003,
  "fng": {
    "value": 25,
    "classification": "Extreme Fear"
  },
  "usd_thb": 32.55
}