{
  "ts": "2026-04-09T11:39:07.359Z",
  "xauusd": 4746.399902,
  "xagusd": 74.419998,
  "fng": {
    "value": 14,
    "classification": "Extreme Fear"
  },
  "usd_thb": 32.07
}