{
  "ts": "2026-05-05T08:24:40.649Z",
  "xauusd": 4553.700195,
  "xagusd": 73.550003,
  "fng": {
    "value": 50,
    "classification": "Neutral"
  },
  "usd_thb": 32.7
}