{
  "ts": "2026-02-24T21:20:56.508Z",
  "xauusd": 5159.399902,
  "xagusd": 87.401001,
  "fng": {
    "value": 8,
    "classification": "Extreme Fear"
  },
  "usd_thb": 31.02
}