{
  "ts": "2026-04-27T16:54:26.595Z",
  "xauusd": 4676.799805,
  "xagusd": 75.309998,
  "fng": {
    "value": 47,
    "classification": "Neutral"
  },
  "usd_thb": 32.34
}