{
  "ts": "2026-01-02T12:56:29.188Z",
  "xauusd": 4391.100098,
  "xagusd": 73.929001,
  "fng": {
    "value": 28,
    "classification": "Fear"
  },
  "usd_thb": 31.4
}