{
  "ts": "2025-09-11T10:32:05.663Z",
  "xauusd": 3621.800049,
  "xagusd": 41.084999,
  "fng": {
    "value": 54,
    "classification": "Neutral"
  },
  "usd_thb": 31.85
}