{
  "ts": "2026-01-14T21:24:56.335Z",
  "xauusd": 4626.399902,
  "xagusd": 92.705002,
  "fng": {
    "value": 48,
    "classification": "Neutral"
  },
  "usd_thb": 31.31
}