{
  "ts": "2026-03-02T07:33:57.564Z",
  "xauusd": 5409.700195,
  "xagusd": 96.040001,
  "fng": {
    "value": 10,
    "classification": "Extreme Fear"
  },
  "usd_thb": 31.4
}