{
  "ts": "2026-03-06T19:46:19.183Z",
  "xauusd": 5159.600098,
  "xagusd": 84.426003,
  "fng": {
    "value": 18,
    "classification": "Extreme Fear"
  },
  "usd_thb": 31.76
}