{
  "ts": "2025-09-11T07:59:50.201Z",
  "xauusd": 3630.699951,
  "xagusd": 41.154999,
  "fng": {
    "value": 54,
    "classification": "Neutral"
  },
  "usd_thb": 31.82
}