{
  "ts": "2026-04-17T23:27:22.616Z",
  "xauusd": 4831.399902,
  "xagusd": 80.950996,
  "fng": {
    "value": 21,
    "classification": "Extreme Fear"
  },
  "usd_thb": 31.89
}