{
  "ts": "2025-08-19T11:55:28.848Z",
  "xauusd": 3340.199951,
  "xagusd": 38.150002,
  "fng": {
    "value": 56,
    "classification": "Greed"
  },
  "usd_thb": 32.48
}