{
  "ts": "2026-02-24T23:40:22.972Z",
  "xauusd": 5136.799805,
  "xagusd": 87.036003,
  "fng": {
    "value": 8,
    "classification": "Extreme Fear"
  },
  "usd_thb": 31.03
}