{
  "ts": "2026-02-16T17:37:50.577Z",
  "xauusd": 4993.200195,
  "xagusd": 76.733002,
  "fng": {
    "value": 12,
    "classification": "Extreme Fear"
  },
  "usd_thb": 31.09
}