{
  "ts": "2026-03-26T22:45:17.386Z",
  "xauusd": 4408.700195,
  "xagusd": 69.057999,
  "fng": {
    "value": 10,
    "classification": "Extreme Fear"
  },
  "usd_thb": 32.63
}