{
  "ts": "2026-01-13T09:52:34.794Z",
  "xauusd": 4589.100098,
  "xagusd": 85.700996,
  "fng": {
    "value": 26,
    "classification": "Fear"
  },
  "usd_thb": 31.43
}