{
  "ts": "2025-11-14T10:36:02.430Z",
  "xauusd": 4162.299805,
  "xagusd": 52.630001,
  "fng": {
    "value": 16,
    "classification": "Extreme Fear"
  },
  "usd_thb": 32.43
}