{
  "ts": "2025-09-22T04:21:36.352Z",
  "xauusd": 3692.16748,
  "xagusd": 43.538601,
  "fng": {
    "value": 45,
    "classification": "Fear"
  },
  "usd_thb": 31.83
}