{
  "ts": "2026-07-10T07:50:21.632Z",
  "xauusd": 4107.100098,
  "xagusd": 59.992001,
  "fng": {
    "value": 23,
    "classification": "Extreme Fear"
  },
  "usd_thb": 33.32
}