{
  "ts": "2026-02-23T19:42:19.641Z",
  "xauusd": 5214.100098,
  "xagusd": 87.865997,
  "fng": {
    "value": 5,
    "classification": "Extreme Fear"
  },
  "usd_thb": 30.99
}