{
  "ts": "2025-10-13T22:30:23.907Z",
  "xauusd": 4110.799805,
  "xagusd": 52.497002,
  "fng": {
    "value": 38,
    "classification": "Fear"
  },
  "usd_thb": 32.59
}