{
  "ts": "2025-11-14T16:16:09.101Z",
  "xauusd": 4084.399902,
  "xagusd": 51.228001,
  "fng": {
    "value": 16,
    "classification": "Extreme Fear"
  },
  "usd_thb": 32.4
}