{
  "ts": "2025-12-03T07:51:21.897Z",
  "xauusd": 4207.299805,
  "xagusd": 58.073002,
  "fng": {
    "value": 28,
    "classification": "Fear"
  },
  "usd_thb": 31.91
}