{
  "ts": "2026-01-09T19:39:17.648Z",
  "xauusd": 4499.799805,
  "xagusd": 79.975998,
  "fng": {
    "value": 27,
    "classification": "Fear"
  },
  "usd_thb": 31.4
}