{
  "ts": "2026-07-10T04:09:45.289Z",
  "xauusd": 4119.399902,
  "xagusd": 60.575001,
  "fng": {
    "value": 23,
    "classification": "Extreme Fear"
  },
  "usd_thb": 33.32
}