{
  "ts": "2025-09-15T16:52:18.920Z",
  "xauusd": 3679.600098,
  "xagusd": 42.588001,
  "fng": {
    "value": 53,
    "classification": "Neutral"
  },
  "usd_thb": 31.81
}