{
  "ts": "2026-02-17T08:58:19.389Z",
  "xauusd": 4923.299805,
  "xagusd": 75.161003,
  "fng": {
    "value": 10,
    "classification": "Extreme Fear"
  },
  "usd_thb": 31.2
}