{
  "ts": "2025-11-10T09:51:46.046Z",
  "xauusd": 4082.699951,
  "xagusd": 49.897999,
  "fng": {
    "value": 29,
    "classification": "Fear"
  },
  "usd_thb": 32.37
}