{
  "ts": "2025-09-01T14:37:59.186Z",
  "xauusd": 3477.600098,
  "xagusd": 40.700001,
  "fng": {
    "value": 46,
    "classification": "Fear"
  },
  "usd_thb": 32.3
}