{
  "ts": "2026-01-07T21:58:25.007Z",
  "xauusd": 4456.200195,
  "xagusd": 78.230003,
  "fng": {
    "value": 42,
    "classification": "Fear"
  },
  "usd_thb": 31.31
}