{
  "ts": "2026-01-11T23:57:58.790Z",
  "xauusd": 4540.399902,
  "xagusd": 81.616997,
  "fng": {
    "value": 29,
    "classification": "Fear"
  },
  "usd_thb": 31.43
}