{
  "ts": "2026-04-16T22:51:26.385Z",
  "xauusd": 4796.600098,
  "xagusd": 78.956001,
  "fng": {
    "value": 23,
    "classification": "Extreme Fear"
  },
  "usd_thb": 31.95
}