{
  "ts": "2025-12-04T23:13:04.498Z",
  "xauusd": 4209.399902,
  "xagusd": 57.112999,
  "fng": {
    "value": 26,
    "classification": "Fear"
  },
  "usd_thb": 32.05
}