{
  "ts": "2025-12-10T15:47:06.323Z",
  "xauusd": 4195.299805,
  "xagusd": 60.612999,
  "fng": {
    "value": 26,
    "classification": "Fear"
  },
  "usd_thb": 31.84
}