{
  "ts": "2025-10-15T17:59:51.771Z",
  "xauusd": 4197.100098,
  "xagusd": 52.734001,
  "fng": {
    "value": 34,
    "classification": "Fear"
  },
  "usd_thb": 32.58
}