{
  "ts": "2025-08-21T09:41:37.705Z",
  "xauusd": 3339.699951,
  "xagusd": 37.808998,
  "fng": {
    "value": 50,
    "classification": "Neutral"
  },
  "usd_thb": 32.61
}