{
  "ts": "2026-04-01T08:53:07.538Z",
  "xauusd": 4732.200195,
  "xagusd": 74.684998,
  "fng": {
    "value": 8,
    "classification": "Extreme Fear"
  },
  "usd_thb": 32.53
}