{
  "ts": "2025-12-01T21:13:14.380Z",
  "xauusd": 4237.899902,
  "xagusd": 57.955002,
  "fng": {
    "value": 24,
    "classification": "Extreme Fear"
  },
  "usd_thb": 32.02
}