{
  "ts": "2025-09-12T06:54:00.220Z",
  "xauusd": 3649.300049,
  "xagusd": 42.067001,
  "fng": {
    "value": 57,
    "classification": "Greed"
  },
  "usd_thb": 31.67
}