{
  "ts": "2026-04-17T07:16:29.699Z",
  "xauusd": 4788.200195,
  "xagusd": 78.845001,
  "fng": {
    "value": 21,
    "classification": "Extreme Fear"
  },
  "usd_thb": 32.12
}