{
  "ts": "2026-04-20T17:04:40.602Z",
  "xauusd": 4808.799805,
  "xagusd": 80.123001,
  "fng": {
    "value": 29,
    "classification": "Fear"
  },
  "usd_thb": 31.98
}