{
  "ts": "2025-09-09T23:44:43.243Z",
  "xauusd": 3637.399902,
  "xagusd": 40.956001,
  "fng": {
    "value": 48,
    "classification": "Neutral"
  },
  "usd_thb": 31.76
}