{
  "ts": "2026-04-07T09:36:10.063Z",
  "xauusd": 4684.200195,
  "xagusd": 73.096001,
  "fng": {
    "value": 11,
    "classification": "Extreme Fear"
  },
  "usd_thb": 32.46
}