{
  "ts": "2025-10-01T09:56:22.745Z",
  "xauusd": 3892.199951,
  "xagusd": 47.370998,
  "fng": {
    "value": 49,
    "classification": "Neutral"
  },
  "usd_thb": 32.34
}