{
  "ts": "2026-03-09T23:13:58.275Z",
  "xauusd": 5150.899902,
  "xagusd": 88.053001,
  "fng": {
    "value": 8,
    "classification": "Extreme Fear"
  },
  "usd_thb": 31.61
}