{
  "ts": "2025-11-13T21:58:37.291Z",
  "xauusd": 4172.600098,
  "xagusd": 52.338001,
  "fng": {
    "value": 15,
    "classification": "Extreme Fear"
  },
  "usd_thb": 32.36
}