{
  "ts": "2026-07-23T23:33:56.716Z",
  "xauusd": 4050.800049,
  "xagusd": 57.726002,
  "fng": {
    "value": 31,
    "classification": "Fear"
  },
  "usd_thb": 33.81
}