{
  "ts": "2026-03-06T17:48:37.026Z",
  "xauusd": 5138.700195,
  "xagusd": 84.135002,
  "fng": {
    "value": 18,
    "classification": "Extreme Fear"
  },
  "usd_thb": 31.83
}