{
  "ts": "2025-08-20T11:22:55.984Z",
  "xauusd": 3329.800049,
  "xagusd": 37.188999,
  "fng": {
    "value": 44,
    "classification": "Fear"
  },
  "usd_thb": 32.55
}