{
  "ts": "2025-10-17T10:58:49.901Z",
  "xauusd": 4329.100098,
  "xagusd": 53.884998,
  "fng": {
    "value": 22,
    "classification": "Extreme Fear"
  },
  "usd_thb": 32.71
}