{
  "ts": "2025-10-02T03:49:28.899Z",
  "xauusd": 3866.300049,
  "xagusd": 47.278999,
  "fng": {
    "value": 64,
    "classification": "Greed"
  },
  "usd_thb": 32.42
}