{
  "ts": "2026-03-11T22:43:32.502Z",
  "xauusd": 5161.600098,
  "xagusd": 85.217003,
  "fng": {
    "value": 15,
    "classification": "Extreme Fear"
  },
  "usd_thb": 31.88
}