{
  "ts": "2025-10-15T16:52:33.802Z",
  "xauusd": 4197.600098,
  "xagusd": 52.474998,
  "fng": {
    "value": 34,
    "classification": "Fear"
  },
  "usd_thb": 32.56
}