{
  "ts": "2025-09-11T06:29:57.212Z",
  "xauusd": 3632.699951,
  "xagusd": 41.103001,
  "fng": {
    "value": 54,
    "classification": "Neutral"
  },
  "usd_thb": 31.79
}