{
  "ts": "2025-11-25T06:16:40.032Z",
  "xauusd": 4149.399902,
  "xagusd": 51.661999,
  "fng": {
    "value": 20,
    "classification": "Extreme Fear"
  },
  "usd_thb": 32.33
}