{
  "ts": "2026-01-15T00:55:30.064Z",
  "xauusd": 4615.100098,
  "xagusd": 92.175003,
  "fng": {
    "value": 61,
    "classification": "Greed"
  },
  "usd_thb": 31.4
}