{
  "ts": "2026-02-27T03:35:53.912Z",
  "xauusd": 5188.600098,
  "xagusd": 89.848999,
  "fng": {
    "value": 13,
    "classification": "Extreme Fear"
  },
  "usd_thb": 30.99
}