{
  "ts": "2025-12-26T09:16:30.558Z",
  "xauusd": 4517.100098,
  "xagusd": 74.919998,
  "fng": {
    "value": 20,
    "classification": "Extreme Fear"
  },
  "usd_thb": 30.71
}