{
  "ts": "2026-01-15T05:15:56.550Z",
  "xauusd": 4590.200195,
  "xagusd": 88.019997,
  "fng": {
    "value": 61,
    "classification": "Greed"
  },
  "usd_thb": 31.45
}