{
  "ts": "2026-03-02T16:37:35.187Z",
  "xauusd": 5287.700195,
  "xagusd": 87.399002,
  "fng": {
    "value": 10,
    "classification": "Extreme Fear"
  },
  "usd_thb": 31.48
}