{
  "ts": "2025-08-17T13:15:01.061Z",
  "xauusd": 3336.899902,
  "xagusd": 38.049999,
  "fng": {
    "value": 64,
    "classification": "Greed"
  },
  "usd_thb": 32.33
}