{
  "ts": "2025-09-19T20:17:49.508Z",
  "xauusd": 3682.100098,
  "xagusd": 42.987999,
  "fng": {
    "value": 53,
    "classification": "Neutral"
  },
  "usd_thb": 31.81
}