{
  "ts": "2025-11-27T05:39:47.963Z",
  "xauusd": 4152.700195,
  "xagusd": 52.949001,
  "fng": {
    "value": 22,
    "classification": "Extreme Fear"
  },
  "usd_thb": 32.19
}