{
  "ts": "2025-11-25T18:36:30.213Z",
  "xauusd": 4145.299805,
  "xagusd": 51.370998,
  "fng": {
    "value": 20,
    "classification": "Extreme Fear"
  },
  "usd_thb": 32.25
}