{
  "ts": "2025-11-21T18:53:21.577Z",
  "xauusd": 4086.600098,
  "xagusd": 50.442001,
  "fng": {
    "value": 14,
    "classification": "Extreme Fear"
  },
  "usd_thb": 32.4
}