{
  "ts": "2025-12-29T16:43:36.469Z",
  "xauusd": 4335.299805,
  "xagusd": 71.844002,
  "fng": {
    "value": 24,
    "classification": "Extreme Fear"
  },
  "usd_thb": 31.61
}