{
  "ts": "2025-10-21T22:41:32.828Z",
  "xauusd": 4124.600098,
  "xagusd": 48.669998,
  "fng": {
    "value": 34,
    "classification": "Fear"
  },
  "usd_thb": 32.84
}