{
  "ts": "2026-01-22T22:57:06.205Z",
  "xauusd": 4936.799805,
  "xagusd": 96.309998,
  "fng": {
    "value": 20,
    "classification": "Extreme Fear"
  },
  "usd_thb": 31.05
}