{
  "ts": "2025-11-05T22:59:24.690Z",
  "xauusd": 3980.199951,
  "xagusd": 48.060001,
  "fng": {
    "value": 23,
    "classification": "Extreme Fear"
  },
  "usd_thb": 32.48
}