{
  "ts": "2025-08-22T21:58:36.350Z",
  "xauusd": 3373.300049,
  "xagusd": 38.949001,
  "fng": {
    "value": 50,
    "classification": "Neutral"
  },
  "usd_thb": 32.3
}