{
  "ts": "2026-01-09T18:37:02.357Z",
  "xauusd": 4502.799805,
  "xagusd": 79.878998,
  "fng": {
    "value": 27,
    "classification": "Fear"
  },
  "usd_thb": 31.36
}