{
  "ts": "2026-03-29T22:52:08.586Z",
  "xauusd": 4489.399902,
  "xagusd": 68.765999,
  "fng": {
    "value": 9,
    "classification": "Extreme Fear"
  },
  "usd_thb": 32.9
}