{
  "ts": "2025-08-21T10:28:01.986Z",
  "xauusd": 3340.300049,
  "xagusd": 37.757999,
  "fng": {
    "value": 50,
    "classification": "Neutral"
  },
  "usd_thb": 32.62
}