{
  "ts": "2025-12-09T15:36:04.284Z",
  "xauusd": 4205.600098,
  "xagusd": 59.792999,
  "fng": {
    "value": 22,
    "classification": "Extreme Fear"
  },
  "usd_thb": 31.83
}