{
  "ts": "2025-11-06T11:47:31.850Z",
  "xauusd": 4016.199951,
  "xagusd": 48.740002,
  "fng": {
    "value": 27,
    "classification": "Fear"
  },
  "usd_thb": 32.34
}