{
  "ts": "2025-12-30T11:46:52.033Z",
  "xauusd": 4385.899902,
  "xagusd": 74.889999,
  "fng": {
    "value": 23,
    "classification": "Extreme Fear"
  },
  "usd_thb": 31.37
}