{
  "ts": "2026-06-05T11:44:49.987Z",
  "xauusd": 4466.399902,
  "xagusd": 72.808998,
  "fng": {
    "value": 12,
    "classification": "Extreme Fear"
  },
  "usd_thb": 32.59
}