{
  "ts": "2025-12-23T19:39:28.425Z",
  "xauusd": 4493.399902,
  "xagusd": 71.427002,
  "fng": {
    "value": 24,
    "classification": "Extreme Fear"
  },
  "usd_thb": 31.12
}