{
  "ts": "2026-05-28T10:03:19.365Z",
  "xauusd": 4393.299805,
  "xagusd": 73.622002,
  "fng": {
    "value": 22,
    "classification": "Extreme Fear"
  },
  "usd_thb": 32.68
}