{
  "ts": "2025-09-03T16:40:12.535Z",
  "xauusd": 3568.199951,
  "xagusd": 41.308998,
  "fng": {
    "value": 55,
    "classification": "Greed"
  },
  "usd_thb": 32.26
}