{
  "ts": "2025-10-06T15:26:31.748Z",
  "xauusd": 3950.800049,
  "xagusd": 48.639999,
  "fng": {
    "value": 71,
    "classification": "Greed"
  },
  "usd_thb": 32.47
}