{
  "ts": "2026-06-29T06:52:58.584Z",
  "xauusd": 4064.899902,
  "xagusd": 58.946999,
  "fng": {
    "value": 12,
    "classification": "Extreme Fear"
  },
  "usd_thb": 33.27
}