{
  "ts": "2026-01-09T16:58:20.663Z",
  "xauusd": 4507.700195,
  "xagusd": 80.468002,
  "fng": {
    "value": 27,
    "classification": "Fear"
  },
  "usd_thb": 31.34
}