{
  "ts": "2025-09-22T15:54:18.401Z",
  "xauusd": 3736.399902,
  "xagusd": 43.893002,
  "fng": {
    "value": 45,
    "classification": "Fear"
  },
  "usd_thb": 31.79
}