{
  "ts": "2025-11-13T11:58:54.322Z",
  "xauusd": 4231.399902,
  "xagusd": 53.790001,
  "fng": {
    "value": 15,
    "classification": "Extreme Fear"
  },
  "usd_thb": 32.32
}