{
  "ts": "2025-09-04T11:12:28.913Z",
  "xauusd": 3540.399902,
  "xagusd": 40.993999,
  "fng": {
    "value": 51,
    "classification": "Neutral"
  },
  "usd_thb": 32.3
}