{
  "ts": "2025-12-01T15:56:30.921Z",
  "xauusd": 4232.100098,
  "xagusd": 57.665001,
  "fng": {
    "value": 24,
    "classification": "Extreme Fear"
  },
  "usd_thb": 31.99
}