{
  "ts": "2025-10-28T22:45:13.745Z",
  "xauusd": 3943.600098,
  "xagusd": 47.030998,
  "fng": {
    "value": 50,
    "classification": "Neutral"
  },
  "usd_thb": 32.37
}