{
  "ts": "2026-04-09T00:02:41.656Z",
  "xauusd": 4714.399902,
  "xagusd": 73.718002,
  "fng": {
    "value": 14,
    "classification": "Extreme Fear"
  },
  "usd_thb": 32.04
}