{
  "ts": "2025-12-19T03:53:24.765Z",
  "xauusd": 4320.600098,
  "xagusd": 65.226997,
  "fng": {
    "value": 16,
    "classification": "Extreme Fear"
  },
  "usd_thb": 31.39
}