{
  "ts": "2025-10-06T16:28:57.605Z",
  "xauusd": 3952.800049,
  "xagusd": 48.674999,
  "fng": {
    "value": 71,
    "classification": "Greed"
  },
  "usd_thb": 32.39
}