{
  "ts": "2026-04-26T23:52:02.402Z",
  "xauusd": 4682.100098,
  "xagusd": 74.948997,
  "fng": {
    "value": 33,
    "classification": "Fear"
  },
  "usd_thb": 32.41
}