{
  "ts": "2025-11-12T10:55:24.641Z",
  "xauusd": 4126.799805,
  "xagusd": 51.786999,
  "fng": {
    "value": 24,
    "classification": "Extreme Fear"
  },
  "usd_thb": 32.47
}