{
  "ts": "2026-04-30T12:55:49.666Z",
  "xauusd": 4633.899902,
  "xagusd": 73.613998,
  "fng": {
    "value": 29,
    "classification": "Fear"
  },
  "usd_thb": 32.54
}