{
  "ts": "2025-11-26T19:48:50.793Z",
  "xauusd": 4166.200195,
  "xagusd": 53.379002,
  "fng": {
    "value": 15,
    "classification": "Extreme Fear"
  },
  "usd_thb": 32.23
}