{
  "ts": "2025-10-02T16:37:32.427Z",
  "xauusd": 3837.899902,
  "xagusd": 46.320999,
  "fng": {
    "value": 64,
    "classification": "Greed"
  },
  "usd_thb": 32.47
}