{
  "ts": "2025-10-03T06:45:00.106Z",
  "xauusd": 3859.300049,
  "xagusd": 47.308998,
  "fng": {
    "value": 63,
    "classification": "Greed"
  },
  "usd_thb": 32.4
}