{
  "ts": "2025-08-29T06:58:17.452Z",
  "xauusd": 3410.899902,
  "xagusd": 38.875999,
  "fng": {
    "value": 50,
    "classification": "Neutral"
  },
  "usd_thb": 32.37
}