{
  "ts": "2025-08-19T21:50:49.964Z",
  "xauusd": 3316.600098,
  "xagusd": 37.415001,
  "fng": {
    "value": 56,
    "classification": "Greed"
  },
  "usd_thb": 32.57
}