{
  "ts": "2026-01-28T06:00:46.955Z",
  "xauusd": 5261.700195,
  "xagusd": 115.464996,
  "fng": {
    "value": 29,
    "classification": "Fear"
  },
  "usd_thb": 30.94
}