{
  "ts": "2026-02-04T05:16:38.834Z",
  "xauusd": 5084.299805,
  "xagusd": 88.247002,
  "fng": {
    "value": 14,
    "classification": "Extreme Fear"
  },
  "usd_thb": 31.54
}