{
  "ts": "2025-12-10T23:46:17.256Z",
  "xauusd": 4231.100098,
  "xagusd": 61.868999,
  "fng": {
    "value": 26,
    "classification": "Fear"
  },
  "usd_thb": 31.73
}