{
  "ts": "2025-09-08T06:50:38.291Z",
  "xauusd": 3596.600098,
  "xagusd": 41.001999,
  "fng": {
    "value": 51,
    "classification": "Neutral"
  },
  "usd_thb": 31.95
}