{
  "ts": "2025-12-05T04:39:17.007Z",
  "xauusd": 4215.600098,
  "xagusd": 57.768002,
  "fng": {
    "value": 28,
    "classification": "Fear"
  },
  "usd_thb": 31.9
}