{
  "ts": "2026-02-01T18:20:26.360Z",
  "xauusd": 4891.399902,
  "xagusd": 85.400002,
  "fng": {
    "value": 14,
    "classification": "Extreme Fear"
  },
  "usd_thb": 31.49
}