{
  "ts": "2026-01-05T05:49:42.422Z",
  "xauusd": 4406.799805,
  "xagusd": 75.282997,
  "fng": {
    "value": 26,
    "classification": "Fear"
  },
  "usd_thb": 31.35
}