{
  "ts": "2025-11-07T20:55:36.042Z",
  "xauusd": 4001.399902,
  "xagusd": 48.363998,
  "fng": {
    "value": 24,
    "classification": "Extreme Fear"
  },
  "usd_thb": 32.43
}