{
  "ts": "2025-11-07T17:32:57.356Z",
  "xauusd": 3997.987549,
  "xagusd": 48.086899,
  "fng": {
    "value": 24,
    "classification": "Extreme Fear"
  },
  "usd_thb": 32.4
}