{
  "ts": "2026-01-02T19:08:55.651Z",
  "xauusd": 4321.600098,
  "xagusd": 72.233002,
  "fng": {
    "value": 28,
    "classification": "Fear"
  },
  "usd_thb": 31.41
}