{
  "ts": "2025-08-15T07:51:30.687Z",
  "xauusd": 3344.899902,
  "xagusd": 38.066002,
  "fng": {
    "value": 60,
    "classification": "Greed"
  },
  "usd_thb": 32.42
}