{
  "ts": "2025-10-02T11:27:40.142Z",
  "xauusd": 3885.100098,
  "xagusd": 47.551998,
  "fng": {
    "value": 64,
    "classification": "Greed"
  },
  "usd_thb": 32.36
}