{
  "ts": "2026-03-20T21:48:04.488Z",
  "xauusd": 4492.200195,
  "xagusd": 67.938004,
  "fng": {
    "value": 11,
    "classification": "Extreme Fear"
  },
  "usd_thb": 32.77
}