{
  "ts": "2025-08-28T17:42:03.935Z",
  "xauusd": 3415.899902,
  "xagusd": 39.129002,
  "fng": {
    "value": 48,
    "classification": "Neutral"
  },
  "usd_thb": 32.26
}