{
  "ts": "2026-03-13T04:25:59.809Z",
  "xauusd": 5108.100098,
  "xagusd": 84.483002,
  "fng": {
    "value": 15,
    "classification": "Extreme Fear"
  },
  "usd_thb": 32.17
}