{
  "ts": "2025-11-27T06:57:46.395Z",
  "xauusd": 4159.200195,
  "xagusd": 53.500999,
  "fng": {
    "value": 22,
    "classification": "Extreme Fear"
  },
  "usd_thb": 32.22
}