{
  "ts": "2025-09-05T06:42:43.704Z",
  "xauusd": 3554.199951,
  "xagusd": 40.912998,
  "fng": {
    "value": 48,
    "classification": "Neutral"
  },
  "usd_thb": 32.21
}