{
  "ts": "2025-12-15T23:32:41.367Z",
  "xauusd": 4308.799805,
  "xagusd": 64.165001,
  "fng": {
    "value": 16,
    "classification": "Extreme Fear"
  },
  "usd_thb": 31.44
}