{
  "ts": "2026-05-28T23:05:19.032Z",
  "xauusd": 4494.799805,
  "xagusd": 75.823997,
  "fng": {
    "value": 22,
    "classification": "Extreme Fear"
  },
  "usd_thb": 32.53
}