{
  "ts": "2026-01-29T10:32:40.925Z",
  "xauusd": 5504.600098,
  "xagusd": 117.459999,
  "fng": {
    "value": 26,
    "classification": "Fear"
  },
  "usd_thb": 31.221
}