{
  "ts": "2025-08-22T14:08:07.920Z",
  "xauusd": 3355.600098,
  "xagusd": 38.380001,
  "fng": {
    "value": 50,
    "classification": "Neutral"
  },
  "usd_thb": 32.51
}