{
  "ts": "2025-09-06T17:25:06.933Z",
  "xauusd": 3587.300049,
  "xagusd": 41.049999,
  "fng": {
    "value": 48,
    "classification": "Neutral"
  },
  "usd_thb": 32.05
}