{
  "ts": "2025-08-26T09:23:04.830Z",
  "xauusd": 3377.800049,
  "xagusd": 38.720001,
  "fng": {
    "value": 48,
    "classification": "Neutral"
  },
  "usd_thb": 32.45
}