{
  "ts": "2026-04-17T18:29:58.091Z",
  "xauusd": 4864.100098,
  "xagusd": 81.946999,
  "fng": {
    "value": 21,
    "classification": "Extreme Fear"
  },
  "usd_thb": 31.84
}