{
  "ts": "2025-11-07T21:46:10.383Z",
  "xauusd": 4001.199951,
  "xagusd": 48.377998,
  "fng": {
    "value": 24,
    "classification": "Extreme Fear"
  },
  "usd_thb": 32.41
}