{
  "ts": "2026-02-19T06:15:00.215Z",
  "xauusd": 4999.299805,
  "xagusd": 78.144997,
  "fng": {
    "value": 9,
    "classification": "Extreme Fear"
  },
  "usd_thb": 31.16
}