{
  "ts": "2026-02-05T20:34:52.941Z",
  "xauusd": 4818.100098,
  "xagusd": 74.070999,
  "fng": {
    "value": 12,
    "classification": "Extreme Fear"
  },
  "usd_thb": 31.72
}