{
  "ts": "2025-08-29T11:58:06.706Z",
  "xauusd": 3410.600098,
  "xagusd": 38.914001,
  "fng": {
    "value": 50,
    "classification": "Neutral"
  },
  "usd_thb": 32.39
}