{
  "ts": "2025-09-19T05:47:10.211Z",
  "xauusd": 3656.699951,
  "xagusd": 42.268002,
  "fng": {
    "value": 53,
    "classification": "Neutral"
  },
  "usd_thb": 31.87
}