{
  "ts": "2025-08-19T17:21:14.836Z",
  "xauusd": 3319.199951,
  "xagusd": 37.380001,
  "fng": {
    "value": 56,
    "classification": "Greed"
  },
  "usd_thb": 32.57
}