{
  "ts": "2025-12-30T07:59:19.005Z",
  "xauusd": 4373.600098,
  "xagusd": 74.911003,
  "fng": {
    "value": 23,
    "classification": "Extreme Fear"
  },
  "usd_thb": 31.45
}