{
  "ts": "2026-07-17T16:53:43.790Z",
  "xauusd": 4018.300049,
  "xagusd": 56.199001,
  "fng": {
    "value": 27,
    "classification": "Fear"
  },
  "usd_thb": 33.61
}