{
  "ts": "2025-09-22T17:51:36.959Z",
  "xauusd": 3746.699951,
  "xagusd": 44.066002,
  "fng": {
    "value": 45,
    "classification": "Fear"
  },
  "usd_thb": 31.75
}