{
  "ts": "2025-11-14T17:18:43.306Z",
  "xauusd": 4104.200195,
  "xagusd": 51.307999,
  "fng": {
    "value": 16,
    "classification": "Extreme Fear"
  },
  "usd_thb": 32.43
}