{
  "ts": "2026-01-12T15:44:57.263Z",
  "xauusd": 4626.399902,
  "xagusd": 85.552002,
  "fng": {
    "value": 27,
    "classification": "Fear"
  },
  "usd_thb": 31.14
}