{
  "ts": "2025-12-19T09:01:03.995Z",
  "xauusd": 4327.100098,
  "xagusd": 65.887001,
  "fng": {
    "value": 16,
    "classification": "Extreme Fear"
  },
  "usd_thb": 31.47
}