{
  "ts": "2026-04-23T22:05:33.701Z",
  "xauusd": 4698.700195,
  "xagusd": 75.841003,
  "fng": {
    "value": 46,
    "classification": "Fear"
  },
  "usd_thb": 32.43
}