{
  "ts": "2025-08-26T07:31:27.240Z",
  "xauusd": 3370.800049,
  "xagusd": 38.669998,
  "fng": {
    "value": 48,
    "classification": "Neutral"
  },
  "usd_thb": 32.45
}