{
  "ts": "2025-12-30T12:40:22.964Z",
  "xauusd": 4399.200195,
  "xagusd": 75.836998,
  "fng": {
    "value": 23,
    "classification": "Extreme Fear"
  },
  "usd_thb": 31.34
}