{
  "ts": "2026-06-12T23:49:13.260Z",
  "xauusd": 4220.299805,
  "xagusd": 68.156998,
  "fng": {
    "value": 12,
    "classification": "Extreme Fear"
  },
  "usd_thb": 32.68
}