{
  "ts": "2025-09-23T23:30:56.485Z",
  "xauusd": 3770.300049,
  "xagusd": 44.077999,
  "fng": {
    "value": 43,
    "classification": "Fear"
  },
  "usd_thb": 31.86
}