{
  "ts": "2026-03-13T05:31:45.111Z",
  "xauusd": 5106.899902,
  "xagusd": 84.343002,
  "fng": {
    "value": 15,
    "classification": "Extreme Fear"
  },
  "usd_thb": 32.19
}