{
  "ts": "2026-02-13T18:02:11.442Z",
  "xauusd": 5023.200195,
  "xagusd": 77.994003,
  "fng": {
    "value": 9,
    "classification": "Extreme Fear"
  },
  "usd_thb": 31.05
}