{
  "ts": "2025-10-17T16:20:56.818Z",
  "xauusd": 4233.299805,
  "xagusd": 51.901001,
  "fng": {
    "value": 22,
    "classification": "Extreme Fear"
  },
  "usd_thb": 32.77
}