{
  "ts": "2025-10-03T09:59:09.681Z",
  "xauusd": 3864.899902,
  "xagusd": 47.422001,
  "fng": {
    "value": 63,
    "classification": "Greed"
  },
  "usd_thb": 32.38
}