{
  "ts": "2025-12-24T10:31:12.072Z",
  "xauusd": 4495.200195,
  "xagusd": 72.132004,
  "fng": {
    "value": 24,
    "classification": "Extreme Fear"
  },
  "usd_thb": 30.98
}