{
  "ts": "2025-09-24T17:43:15.978Z",
  "xauusd": 3735.300049,
  "xagusd": 43.938999,
  "fng": {
    "value": 44,
    "classification": "Fear"
  },
  "usd_thb": 32.1
}