{
  "ts": "2025-11-13T14:49:37.717Z",
  "xauusd": 4185.799805,
  "xagusd": 52.990002,
  "fng": {
    "value": 15,
    "classification": "Extreme Fear"
  },
  "usd_thb": 32.37
}