{
  "ts": "2026-01-14T01:16:38.126Z",
  "xauusd": 4617.600098,
  "xagusd": 89.094002,
  "fng": {
    "value": 48,
    "classification": "Neutral"
  },
  "usd_thb": 31.42
}