{
  "ts": "2026-03-06T21:57:17.179Z",
  "xauusd": 5173.100098,
  "xagusd": 84.588997,
  "fng": {
    "value": 18,
    "classification": "Extreme Fear"
  },
  "usd_thb": 31.75
}