{
  "ts": "2025-09-17T03:04:59.154Z",
  "xauusd": 3683.100098,
  "xagusd": 42.029999,
  "fng": {
    "value": 53,
    "classification": "Neutral"
  },
  "usd_thb": 31.71
}