{
  "ts": "2026-07-22T12:57:22.772Z",
  "xauusd": 4111.399902,
  "xagusd": 59.113998,
  "fng": {
    "value": 33,
    "classification": "Fear"
  },
  "usd_thb": 33.81
}