{
  "ts": "2025-12-31T13:53:44.381Z",
  "xauusd": 4342.200195,
  "xagusd": 72.214996,
  "fng": {
    "value": 21,
    "classification": "Extreme Fear"
  },
  "usd_thb": 31.57
}