{
  "ts": "2026-03-19T22:49:08.253Z",
  "xauusd": 4650.600098,
  "xagusd": 72.691002,
  "fng": {
    "value": 23,
    "classification": "Extreme Fear"
  },
  "usd_thb": 32.42
}