{
  "ts": "2025-10-01T18:50:55.405Z",
  "xauusd": 3863.699951,
  "xagusd": 47.507999,
  "fng": {
    "value": 49,
    "classification": "Neutral"
  },
  "usd_thb": 32.42
}