{
  "ts": "2025-09-03T15:34:24.587Z",
  "xauusd": 3564.399902,
  "xagusd": 41.240002,
  "fng": {
    "value": 55,
    "classification": "Greed"
  },
  "usd_thb": 32.27
}