{
  "ts": "2025-11-11T19:58:28.394Z",
  "xauusd": 4125.899902,
  "xagusd": 51.139999,
  "fng": {
    "value": 26,
    "classification": "Fear"
  },
  "usd_thb": 32.43
}