{
  "ts": "2025-08-19T17:55:38.328Z",
  "xauusd": 3320.100098,
  "xagusd": 37.419998,
  "fng": {
    "value": 56,
    "classification": "Greed"
  },
  "usd_thb": 32.58
}