{
  "ts": "2025-11-12T03:09:19.547Z",
  "xauusd": 4121.200195,
  "xagusd": 51.202999,
  "fng": {
    "value": 24,
    "classification": "Extreme Fear"
  },
  "usd_thb": 32.46
}