{
  "ts": "2026-01-20T09:24:47.889Z",
  "xauusd": 4729.299805,
  "xagusd": 95.140999,
  "fng": {
    "value": 32,
    "classification": "Fear"
  },
  "usd_thb": 31.076
}