{
  "ts": "2025-10-06T06:45:31.197Z",
  "xauusd": 3927.199951,
  "xagusd": 48.504002,
  "fng": {
    "value": 71,
    "classification": "Greed"
  },
  "usd_thb": 32.4
}