{
  "ts": "2026-03-20T18:29:40.403Z",
  "xauusd": 4556.100098,
  "xagusd": 69.300003,
  "fng": {
    "value": 11,
    "classification": "Extreme Fear"
  },
  "usd_thb": 32.85
}