{
  "ts": "2026-01-26T07:55:35.647Z",
  "xauusd": 5091.100098,
  "xagusd": 108.320999,
  "fng": {
    "value": 20,
    "classification": "Extreme Fear"
  },
  "usd_thb": 31.07
}