{
  "ts": "2026-02-10T21:11:59.473Z",
  "xauusd": 5028.100098,
  "xagusd": 81.053001,
  "fng": {
    "value": 9,
    "classification": "Extreme Fear"
  },
  "usd_thb": 31.23
}