{
  "ts": "2025-09-19T06:26:11.257Z",
  "xauusd": 3650.600098,
  "xagusd": 42.252998,
  "fng": {
    "value": 53,
    "classification": "Neutral"
  },
  "usd_thb": 31.88
}