{
  "ts": "2026-04-07T16:38:58.470Z",
  "xauusd": 4661.200195,
  "xagusd": 71.804001,
  "fng": {
    "value": 11,
    "classification": "Extreme Fear"
  },
  "usd_thb": 32.58
}