{
  "ts": "2025-11-07T04:31:16.391Z",
  "xauusd": 3997.399902,
  "xagusd": 48.446999,
  "fng": {
    "value": 24,
    "classification": "Extreme Fear"
  },
  "usd_thb": 32.42
}