{
  "ts": "2025-12-22T22:49:13.976Z",
  "xauusd": 4444.600098,
  "xagusd": 69.101997,
  "fng": {
    "value": 25,
    "classification": "Extreme Fear"
  },
  "usd_thb": 31.15
}