{
  "ts": "2026-02-17T07:15:14.800Z",
  "xauusd": 4911.399902,
  "xagusd": 74.688004,
  "fng": {
    "value": 10,
    "classification": "Extreme Fear"
  },
  "usd_thb": 31.23
}