{
  "ts": "2026-03-26T20:48:15.210Z",
  "xauusd": 4408.799805,
  "xagusd": 68.667999,
  "fng": {
    "value": 10,
    "classification": "Extreme Fear"
  },
  "usd_thb": 32.79
}