{
  "ts": "2025-08-28T14:43:57.482Z",
  "xauusd": 3412.100098,
  "xagusd": 39.001999,
  "fng": {
    "value": 48,
    "classification": "Neutral"
  },
  "usd_thb": 32.33
}