{
  "ts": "2025-12-04T23:31:10.181Z",
  "xauusd": 4209.299805,
  "xagusd": 57.105999,
  "fng": {
    "value": 26,
    "classification": "Fear"
  },
  "usd_thb": 32.05
}