{
  "ts": "2025-08-27T09:38:29.765Z",
  "xauusd": 3383.600098,
  "xagusd": 38.394001,
  "fng": {
    "value": 51,
    "classification": "Neutral"
  },
  "usd_thb": 32.45
}