{
  "ts": "2025-10-20T04:33:42.534Z",
  "xauusd": 4267.200195,
  "xagusd": 52.186001,
  "fng": {
    "value": 29,
    "classification": "Fear"
  },
  "usd_thb": 32.73
}