{
  "ts": "2026-01-19T14:18:10.251Z",
  "xauusd": 4665.299805,
  "xagusd": 93.473999,
  "fng": {
    "value": 44,
    "classification": "Fear"
  },
  "usd_thb": 31.257
}