{
  "ts": "2025-10-14T11:58:33.591Z",
  "xauusd": 4130.399902,
  "xagusd": 51.481998,
  "fng": {
    "value": 38,
    "classification": "Fear"
  },
  "usd_thb": 32.8
}