{
  "ts": "2025-11-24T16:31:37.067Z",
  "xauusd": 4095.399902,
  "xagusd": 50.512001,
  "fng": {
    "value": 19,
    "classification": "Extreme Fear"
  },
  "usd_thb": 32.41
}