{
  "ts": "2026-02-26T15:32:34.565Z",
  "xauusd": 5147.200195,
  "xagusd": 85.949997,
  "fng": {
    "value": 11,
    "classification": "Extreme Fear"
  },
  "usd_thb": 31.14
}