{
  "ts": "2025-08-29T18:59:07.616Z",
  "xauusd": 3444.699951,
  "xagusd": 39.776001,
  "fng": {
    "value": 50,
    "classification": "Neutral"
  },
  "usd_thb": 32.3
}