{
  "ts": "2025-09-23T23:40:32.772Z",
  "xauusd": 3764.399902,
  "xagusd": 44.005001,
  "fng": {
    "value": 43,
    "classification": "Fear"
  },
  "usd_thb": 31.87
}