{
  "ts": "2025-12-08T19:51:54.472Z",
  "xauusd": 4187.399902,
  "xagusd": 58.039001,
  "fng": {
    "value": 20,
    "classification": "Extreme Fear"
  },
  "usd_thb": 31.88
}