{
  "ts": "2025-09-04T03:41:47.682Z",
  "xauusd": 3528.199951,
  "xagusd": 40.765999,
  "fng": {
    "value": 51,
    "classification": "Neutral"
  },
  "usd_thb": 32.29
}