{
  "ts": "2025-10-02T02:21:02.631Z",
  "xauusd": 3867.100098,
  "xagusd": 47.425999,
  "fng": {
    "value": 64,
    "classification": "Greed"
  },
  "usd_thb": 32.37
}