{
  "ts": "2026-02-11T11:04:41.115Z",
  "xauusd": 5059.299805,
  "xagusd": 83.856003,
  "fng": {
    "value": 11,
    "classification": "Extreme Fear"
  },
  "usd_thb": 31.01
}