{
  "ts": "2025-09-16T19:37:46.226Z",
  "xauusd": 3689.399902,
  "xagusd": 42.596001,
  "fng": {
    "value": 52,
    "classification": "Neutral"
  },
  "usd_thb": 31.68
}