{
  "ts": "2025-10-22T03:57:38.197Z",
  "xauusd": 4136.100098,
  "xagusd": 48.991001,
  "fng": {
    "value": 25,
    "classification": "Extreme Fear"
  },
  "usd_thb": 32.77
}