{
  "ts": "2026-03-25T23:53:27.759Z",
  "xauusd": 4496.600098,
  "xagusd": 70.779999,
  "fng": {
    "value": 14,
    "classification": "Extreme Fear"
  },
  "usd_thb": 32.76
}