{
  "ts": "2025-09-11T09:20:49.936Z",
  "xauusd": 3617.300049,
  "xagusd": 40.948002,
  "fng": {
    "value": 54,
    "classification": "Neutral"
  },
  "usd_thb": 31.84
}