{
  "ts": "2025-09-15T02:59:01.156Z",
  "xauusd": 3642.100098,
  "xagusd": 42.224998,
  "fng": {
    "value": 53,
    "classification": "Neutral"
  },
  "usd_thb": 31.78
}