{
  "ts": "2026-05-15T08:14:57.981Z",
  "xauusd": 4566.299805,
  "xagusd": 78.702003,
  "fng": {
    "value": 43,
    "classification": "Fear"
  },
  "usd_thb": 32.57
}