{
  "ts": "2026-01-09T17:57:47.185Z",
  "xauusd": 4488.399902,
  "xagusd": 79.574997,
  "fng": {
    "value": 27,
    "classification": "Fear"
  },
  "usd_thb": 31.38
}