{
  "ts": "2025-12-09T14:00:00.855Z",
  "xauusd": 4203.399902,
  "xagusd": 58.921001,
  "fng": {
    "value": 22,
    "classification": "Extreme Fear"
  },
  "usd_thb": 31.9
}