{
  "ts": "2026-06-30T01:35:04.665Z",
  "xauusd": 3977.899902,
  "xagusd": 57.724998,
  "fng": {
    "value": 15,
    "classification": "Extreme Fear"
  },
  "usd_thb": 33.22
}