{
  "ts": "2025-12-22T18:53:31.738Z",
  "xauusd": 4434.399902,
  "xagusd": 68.473999,
  "fng": {
    "value": 25,
    "classification": "Extreme Fear"
  },
  "usd_thb": 31.14
}