{
  "ts": "2025-11-28T06:32:45.515Z",
  "xauusd": 4186.200195,
  "xagusd": 54.146999,
  "fng": {
    "value": 25,
    "classification": "Extreme Fear"
  },
  "usd_thb": 32.16
}