{
  "ts": "2025-11-13T08:16:45.991Z",
  "xauusd": 4230.899902,
  "xagusd": 54.265999,
  "fng": {
    "value": 15,
    "classification": "Extreme Fear"
  },
  "usd_thb": 32.26
}