{
  "ts": "2025-09-26T02:53:02.945Z",
  "xauusd": 3740.199951,
  "xagusd": 44.762001,
  "fng": {
    "value": 28,
    "classification": "Fear"
  },
  "usd_thb": 32.22
}