{
  "ts": "2026-03-02T18:03:47.160Z",
  "xauusd": 5300.600098,
  "xagusd": 87.893997,
  "fng": {
    "value": 10,
    "classification": "Extreme Fear"
  },
  "usd_thb": 31.37
}