{
  "ts": "2025-09-18T19:53:17.513Z",
  "xauusd": 3644.399902,
  "xagusd": 41.860001,
  "fng": {
    "value": 52,
    "classification": "Neutral"
  },
  "usd_thb": 31.87
}