{
  "ts": "2025-11-02T23:42:48.113Z",
  "xauusd": 3985.699951,
  "xagusd": 48.662998,
  "fng": {
    "value": 37,
    "classification": "Fear"
  },
  "usd_thb": 32.41
}