{
  "ts": "2025-11-12T17:53:32.790Z",
  "xauusd": 4200.799805,
  "xagusd": 53.490002,
  "fng": {
    "value": 24,
    "classification": "Extreme Fear"
  },
  "usd_thb": 32.35
}