{
  "ts": "2026-04-21T10:40:01.643Z",
  "xauusd": 4788.899902,
  "xagusd": 79.124001,
  "fng": {
    "value": 33,
    "classification": "Fear"
  },
  "usd_thb": 32.02
}