{
  "ts": "2025-10-08T05:53:13.086Z",
  "xauusd": 4032.300049,
  "xagusd": 48.769001,
  "fng": {
    "value": 60,
    "classification": "Greed"
  },
  "usd_thb": 32.51
}