{
  "ts": "2025-10-24T07:30:52.325Z",
  "xauusd": 4090.600098,
  "xagusd": 48.433998,
  "fng": {
    "value": 30,
    "classification": "Fear"
  },
  "usd_thb": 32.77
}