{
  "ts": "2025-10-29T07:32:26.330Z",
  "xauusd": 3995.899902,
  "xagusd": 48.050999,
  "fng": {
    "value": 51,
    "classification": "Neutral"
  },
  "usd_thb": 32.24
}