{
  "ts": "2026-02-04T23:53:47.127Z",
  "xauusd": 5020.899902,
  "xagusd": 90.311996,
  "fng": {
    "value": 14,
    "classification": "Extreme Fear"
  },
  "usd_thb": 31.68
}