{
  "ts": "2025-08-29T17:17:04.838Z",
  "xauusd": 3448.100098,
  "xagusd": 39.943001,
  "fng": {
    "value": 50,
    "classification": "Neutral"
  },
  "usd_thb": 32.3
}