{
  "ts": "2025-12-05T06:58:17.829Z",
  "xauusd": 4226.200195,
  "xagusd": 58.324001,
  "fng": {
    "value": 28,
    "classification": "Fear"
  },
  "usd_thb": 31.87
}