{
  "ts": "2025-10-01T16:21:00.927Z",
  "xauusd": 3869.199951,
  "xagusd": 47.539001,
  "fng": {
    "value": 49,
    "classification": "Neutral"
  },
  "usd_thb": 32.43
}