{
  "ts": "2026-02-08T23:47:54.626Z",
  "xauusd": 5035.899902,
  "xagusd": 79.976997,
  "fng": {
    "value": 7,
    "classification": "Extreme Fear"
  },
  "usd_thb": 31.46
}