{
  "ts": "2026-03-20T08:02:51.293Z",
  "xauusd": 4704.299805,
  "xagusd": 72.933998,
  "fng": {
    "value": 11,
    "classification": "Extreme Fear"
  },
  "usd_thb": 32.61
}