{
  "ts": "2025-12-01T11:33:56.737Z",
  "xauusd": 4254.299805,
  "xagusd": 57.492001,
  "fng": {
    "value": 24,
    "classification": "Extreme Fear"
  },
  "usd_thb": 31.97
}