{
  "ts": "2026-04-22T20:46:27.312Z",
  "xauusd": 4738.299805,
  "xagusd": 77.779999,
  "fng": {
    "value": 32,
    "classification": "Fear"
  },
  "usd_thb": 32.21
}