{
  "ts": "2025-10-29T15:51:44.205Z",
  "xauusd": 3998.699951,
  "xagusd": 48.262001,
  "fng": {
    "value": 51,
    "classification": "Neutral"
  },
  "usd_thb": 32.29
}