{
  "ts": "2026-01-06T18:55:15.672Z",
  "xauusd": 4488.799805,
  "xagusd": 80.955002,
  "fng": {
    "value": 44,
    "classification": "Fear"
  },
  "usd_thb": 31.22
}