{
  "ts": "2025-09-10T11:09:18.438Z",
  "xauusd": 3652.600098,
  "xagusd": 41.254002,
  "fng": {
    "value": 49,
    "classification": "Neutral"
  },
  "usd_thb": 31.78
}