{
  "ts": "2025-11-17T23:51:51.648Z",
  "xauusd": 4038.399902,
  "xagusd": 49.886002,
  "fng": {
    "value": 14,
    "classification": "Extreme Fear"
  },
  "usd_thb": 32.47
}