{
  "ts": "2025-09-08T19:07:17.816Z",
  "xauusd": 3636.699951,
  "xagusd": 41.379002,
  "fng": {
    "value": 51,
    "classification": "Neutral"
  },
  "usd_thb": 31.68
}