{
  "ts": "2025-11-21T20:15:59.246Z",
  "xauusd": 4082.199951,
  "xagusd": 50.276001,
  "fng": {
    "value": 14,
    "classification": "Extreme Fear"
  },
  "usd_thb": 32.4
}