{
  "ts": "2025-10-09T15:36:48.225Z",
  "xauusd": 4012.800049,
  "xagusd": 50.598999,
  "fng": {
    "value": 70,
    "classification": "Greed"
  },
  "usd_thb": 32.69
}