{
  "ts": "2026-02-17T05:12:53.674Z",
  "xauusd": 4943.399902,
  "xagusd": 74.967003,
  "fng": {
    "value": 10,
    "classification": "Extreme Fear"
  },
  "usd_thb": 31.2
}