{
  "ts": "2026-07-09T11:33:46.939Z",
  "xauusd": 4103.600098,
  "xagusd": 58.992001,
  "fng": {
    "value": 22,
    "classification": "Extreme Fear"
  },
  "usd_thb": 33.44
}