{
  "ts": "2025-10-29T20:47:06.167Z",
  "xauusd": 3940.699951,
  "xagusd": 47.824001,
  "fng": {
    "value": 51,
    "classification": "Neutral"
  },
  "usd_thb": 32.4
}