{
  "ts": "2026-01-16T05:56:10.108Z",
  "xauusd": 4612.899902,
  "xagusd": 91.764999,
  "fng": {
    "value": 49,
    "classification": "Neutral"
  },
  "usd_thb": 31.31
}