{
  "ts": "2025-12-22T19:57:05.772Z",
  "xauusd": 4433.899902,
  "xagusd": 68.601997,
  "fng": {
    "value": 25,
    "classification": "Extreme Fear"
  },
  "usd_thb": 31.14
}