{
  "ts": "2025-12-23T11:36:16.498Z",
  "xauusd": 4484.899902,
  "xagusd": 69.641998,
  "fng": {
    "value": 24,
    "classification": "Extreme Fear"
  },
  "usd_thb": 31.06
}