{
  "ts": "2025-10-07T14:10:10.222Z",
  "xauusd": 3973.699951,
  "xagusd": 48.178001,
  "fng": {
    "value": 70,
    "classification": "Greed"
  },
  "usd_thb": 32.47
}