{
  "ts": "2025-12-11T05:49:01.197Z",
  "xauusd": 4207.600098,
  "xagusd": 61.585999,
  "fng": {
    "value": 29,
    "classification": "Fear"
  },
  "usd_thb": 31.77
}