{
  "ts": "2025-10-20T15:42:42.024Z",
  "xauusd": 4349.299805,
  "xagusd": 52.514999,
  "fng": {
    "value": 29,
    "classification": "Fear"
  },
  "usd_thb": 32.56
}