{
  "ts": "2025-10-24T17:42:50.729Z",
  "xauusd": 4118.100098,
  "xagusd": 48.714001,
  "fng": {
    "value": 30,
    "classification": "Fear"
  },
  "usd_thb": 32.67
}