{
  "ts": "2025-10-22T11:08:22.147Z",
  "xauusd": 4037.699951,
  "xagusd": 47.987999,
  "fng": {
    "value": 25,
    "classification": "Extreme Fear"
  },
  "usd_thb": 32.71
}