{
  "ts": "2025-11-19T12:17:37.743Z",
  "xauusd": 4115.799805,
  "xagusd": 52.266998,
  "fng": {
    "value": 15,
    "classification": "Extreme Fear"
  },
  "usd_thb": 32.39
}