{
  "ts": "2025-08-20T19:17:57.817Z",
  "xauusd": 3349.300049,
  "xagusd": 37.943001,
  "fng": {
    "value": 44,
    "classification": "Fear"
  },
  "usd_thb": 32.54
}