{
  "ts": "2026-06-02T06:20:40.973Z",
  "xauusd": 4483.200195,
  "xagusd": 76.581001,
  "fng": {
    "value": 23,
    "classification": "Extreme Fear"
  },
  "usd_thb": 32.5
}