{
  "ts": "2025-08-26T16:47:43.329Z",
  "xauusd": 3383.699951,
  "xagusd": 38.580002,
  "fng": {
    "value": 48,
    "classification": "Neutral"
  },
  "usd_thb": 32.43
}