{
  "ts": "2026-01-08T20:13:19.170Z",
  "xauusd": 4458.899902,
  "xagusd": 76.123001,
  "fng": {
    "value": 28,
    "classification": "Fear"
  },
  "usd_thb": 31.47
}