{
  "ts": "2026-02-09T18:04:31.636Z",
  "xauusd": 5053.399902,
  "xagusd": 82.890999,
  "fng": {
    "value": 14,
    "classification": "Extreme Fear"
  },
  "usd_thb": 31.07
}