{
  "ts": "2025-12-04T15:49:23.865Z",
  "xauusd": 4204.399902,
  "xagusd": 56.880001,
  "fng": {
    "value": 26,
    "classification": "Fear"
  },
  "usd_thb": 32
}