{
  "ts": "2025-10-26T22:12:25.513Z",
  "xauusd": 4102.200195,
  "xagusd": 48.657001,
  "fng": {
    "value": 40,
    "classification": "Fear"
  },
  "usd_thb": 32.65
}