{
  "ts": "2025-11-09T23:09:43.235Z",
  "xauusd": 4009.300049,
  "xagusd": 48.582001,
  "fng": {
    "value": 22,
    "classification": "Extreme Fear"
  },
  "usd_thb": 32.17
}