{
  "ts": "2025-10-15T19:43:31.804Z",
  "xauusd": 4207.299805,
  "xagusd": 53.051998,
  "fng": {
    "value": 34,
    "classification": "Fear"
  },
  "usd_thb": 32.58
}