{
  "ts": "2026-03-17T17:44:15.648Z",
  "xauusd": 4999.299805,
  "xagusd": 79.594002,
  "fng": {
    "value": 28,
    "classification": "Fear"
  },
  "usd_thb": 32.29
}