{
  "ts": "2025-10-09T09:49:43.052Z",
  "xauusd": 4037.199951,
  "xagusd": 49.705002,
  "fng": {
    "value": 70,
    "classification": "Greed"
  },
  "usd_thb": 32.61
}