{
  "ts": "2025-11-21T08:57:48.284Z",
  "xauusd": 4044.300049,
  "xagusd": 49.418999,
  "fng": {
    "value": 14,
    "classification": "Extreme Fear"
  },
  "usd_thb": 32.47
}