{
  "ts": "2025-09-29T20:59:42.508Z",
  "xauusd": 3834.800049,
  "xagusd": 46.969002,
  "fng": {
    "value": 50,
    "classification": "Neutral"
  },
  "usd_thb": 32.2
}