{
  "ts": "2026-01-06T18:33:00.372Z",
  "xauusd": 4485.299805,
  "xagusd": 80.648003,
  "fng": {
    "value": 44,
    "classification": "Fear"
  },
  "usd_thb": 31.21
}