{
  "ts": "2025-10-01T10:58:36.624Z",
  "xauusd": 3887.600098,
  "xagusd": 47.294998,
  "fng": {
    "value": 49,
    "classification": "Neutral"
  },
  "usd_thb": 32.36
}