{
  "ts": "2026-07-16T10:26:07.517Z",
  "xauusd": 4035.600098,
  "xagusd": 56.880001,
  "fng": {
    "value": 25,
    "classification": "Extreme Fear"
  },
  "usd_thb": 33.54
}