{
  "ts": "2025-10-13T14:58:15.609Z",
  "xauusd": 4100.399902,
  "xagusd": 52.012001,
  "fng": {
    "value": 38,
    "classification": "Fear"
  },
  "usd_thb": 32.49
}