{
  "ts": "2026-02-27T09:09:09.606Z",
  "xauusd": 5179.100098,
  "xagusd": 89.717003,
  "fng": {
    "value": 13,
    "classification": "Extreme Fear"
  },
  "usd_thb": 31.05
}