{
  "ts": "2026-04-02T20:03:09.437Z",
  "xauusd": 4677.100098,
  "xagusd": 72.872002,
  "fng": {
    "value": 12,
    "classification": "Extreme Fear"
  },
  "usd_thb": 32.61
}