{
  "ts": "2025-09-16T16:56:42.856Z",
  "xauusd": 3690.800049,
  "xagusd": 42.594002,
  "fng": {
    "value": 52,
    "classification": "Neutral"
  },
  "usd_thb": 31.68
}