{
  "ts": "2025-10-14T14:51:42.526Z",
  "xauusd": 4128.600098,
  "xagusd": 51.637001,
  "fng": {
    "value": 38,
    "classification": "Fear"
  },
  "usd_thb": 32.72
}