{
  "ts": "2025-09-10T10:12:21.366Z",
  "xauusd": 3655.100098,
  "xagusd": 41.280998,
  "fng": {
    "value": 49,
    "classification": "Neutral"
  },
  "usd_thb": 31.79
}