{
  "ts": "2026-04-15T08:54:56.107Z",
  "xauusd": 4815.200195,
  "xagusd": 79.294998,
  "fng": {
    "value": 23,
    "classification": "Extreme Fear"
  },
  "usd_thb": 32.03
}