{
  "ts": "2025-10-21T20:43:10.617Z",
  "xauusd": 4130.100098,
  "xagusd": 48.709999,
  "fng": {
    "value": 34,
    "classification": "Fear"
  },
  "usd_thb": 32.84
}