{
  "ts": "2025-09-17T14:54:57.530Z",
  "xauusd": 3684.600098,
  "xagusd": 42.040001,
  "fng": {
    "value": 53,
    "classification": "Neutral"
  },
  "usd_thb": 31.66
}