{
  "ts": "2025-08-14T04:05:27.664Z",
  "xauusd": 3361.399902,
  "xagusd": 38.618999,
  "fng": {
    "value": 75,
    "classification": "Greed"
  },
  "usd_thb": 32.31
}