{
  "ts": "2026-02-24T11:43:30.385Z",
  "xauusd": 5177.299805,
  "xagusd": 88.266998,
  "fng": {
    "value": 8,
    "classification": "Extreme Fear"
  },
  "usd_thb": 31.03
}