{
  "ts": "2026-03-26T17:31:37.274Z",
  "xauusd": 4385.200195,
  "xagusd": 67.839996,
  "fng": {
    "value": 10,
    "classification": "Extreme Fear"
  },
  "usd_thb": 32.91
}