{
  "ts": "2025-11-20T16:59:45.728Z",
  "xauusd": 4050.300049,
  "xagusd": 50.424999,
  "fng": {
    "value": 11,
    "classification": "Extreme Fear"
  },
  "usd_thb": 32.43
}