{
  "ts": "2025-10-23T13:50:14.171Z",
  "xauusd": 4147.200195,
  "xagusd": 49.381001,
  "fng": {
    "value": 27,
    "classification": "Fear"
  },
  "usd_thb": 32.73
}