{
  "ts": "2025-09-26T17:31:25.914Z",
  "xauusd": 3781.600098,
  "xagusd": 46.484001,
  "fng": {
    "value": 28,
    "classification": "Fear"
  },
  "usd_thb": 32.21
}