{
  "ts": "2025-12-30T20:56:20.319Z",
  "xauusd": 4344.100098,
  "xagusd": 76.024002,
  "fng": {
    "value": 23,
    "classification": "Extreme Fear"
  },
  "usd_thb": 31.4
}