{
  "ts": "2025-09-11T11:22:53.884Z",
  "xauusd": 3621.699951,
  "xagusd": 41.141998,
  "fng": {
    "value": 54,
    "classification": "Neutral"
  },
  "usd_thb": 31.83
}