{
  "ts": "2025-09-23T10:59:30.002Z",
  "xauusd": 3783.800049,
  "xagusd": 44.356998,
  "fng": {
    "value": 43,
    "classification": "Fear"
  },
  "usd_thb": 31.84
}