{
  "ts": "2026-03-03T20:17:07.747Z",
  "xauusd": 5118.799805,
  "xagusd": 82.966003,
  "fng": {
    "value": 14,
    "classification": "Extreme Fear"
  },
  "usd_thb": 31.48
}