{
  "ts": "2025-09-22T01:46:24.504Z",
  "xauusd": 3689.067383,
  "xagusd": 43.138599,
  "fng": {
    "value": 45,
    "classification": "Fear"
  },
  "usd_thb": 31.85
}