{
  "ts": "2025-10-26T22:43:10.407Z",
  "xauusd": 4095.800049,
  "xagusd": 48.651001,
  "fng": {
    "value": 40,
    "classification": "Fear"
  },
  "usd_thb": 32.63
}