{
  "ts": "2025-08-19T15:50:19.285Z",
  "xauusd": 3322.600098,
  "xagusd": 37.459999,
  "fng": {
    "value": 56,
    "classification": "Greed"
  },
  "usd_thb": 32.56
}