{
  "ts": "2025-12-01T06:18:10.320Z",
  "xauusd": 4233.899902,
  "xagusd": 57.018002,
  "fng": {
    "value": 24,
    "classification": "Extreme Fear"
  },
  "usd_thb": 32.05
}