{
  "ts": "2026-01-13T19:49:40.205Z",
  "xauusd": 4592.600098,
  "xagusd": 87.450996,
  "fng": {
    "value": 26,
    "classification": "Fear"
  },
  "usd_thb": 31.49
}