{
  "ts": "2025-08-14T05:23:08.641Z",
  "xauusd": 3362.399902,
  "xagusd": 38.648998,
  "fng": {
    "value": 75,
    "classification": "Greed"
  },
  "usd_thb": 32.28
}