{
  "ts": "2026-01-24T23:56:58.495Z",
  "xauusd": 4985.100098,
  "xagusd": 103.327003,
  "fng": {
    "value": 25,
    "classification": "Extreme Fear"
  },
  "usd_thb": 30.95
}