{
  "ts": "2025-12-05T05:59:04.970Z",
  "xauusd": 4221.100098,
  "xagusd": 58.148998,
  "fng": {
    "value": 28,
    "classification": "Fear"
  },
  "usd_thb": 31.88
}