{
  "ts": "2025-08-20T22:13:28.501Z",
  "xauusd": 3352.300049,
  "xagusd": 37.984001,
  "fng": {
    "value": 44,
    "classification": "Fear"
  },
  "usd_thb": 32.55
}