{
  "ts": "2026-03-04T19:50:34.406Z",
  "xauusd": 5135.399902,
  "xagusd": 83.741997,
  "fng": {
    "value": 10,
    "classification": "Extreme Fear"
  },
  "usd_thb": 31.52
}