{
  "ts": "2025-09-26T14:33:10.511Z",
  "xauusd": 3780.800049,
  "xagusd": 45.738998,
  "fng": {
    "value": 28,
    "classification": "Fear"
  },
  "usd_thb": 32.2
}