{
  "ts": "2025-11-13T08:57:59.583Z",
  "xauusd": 4237.799805,
  "xagusd": 54.317001,
  "fng": {
    "value": 15,
    "classification": "Extreme Fear"
  },
  "usd_thb": 32.25
}