{
  "ts": "2025-10-30T19:53:45.658Z",
  "xauusd": 4026.300049,
  "xagusd": 48.978001,
  "fng": {
    "value": 34,
    "classification": "Fear"
  },
  "usd_thb": 32.34
}