{
  "ts": "2025-10-14T20:57:32.986Z",
  "xauusd": 4144.700195,
  "xagusd": 51.502998,
  "fng": {
    "value": 38,
    "classification": "Fear"
  },
  "usd_thb": 32.67
}