{
  "ts": "2025-11-10T18:46:27.902Z",
  "xauusd": 4109.899902,
  "xagusd": 50.463001,
  "fng": {
    "value": 29,
    "classification": "Fear"
  },
  "usd_thb": 32.31
}