{
  "ts": "2025-11-14T08:48:38.315Z",
  "xauusd": 4181.799805,
  "xagusd": 53.025002,
  "fng": {
    "value": 16,
    "classification": "Extreme Fear"
  },
  "usd_thb": 32.35
}