{
  "ts": "2025-12-17T04:39:28.390Z",
  "xauusd": 4326.799805,
  "xagusd": 66.005997,
  "fng": {
    "value": 16,
    "classification": "Extreme Fear"
  },
  "usd_thb": 31.48
}