{
  "ts": "2025-10-23T17:30:59.778Z",
  "xauusd": 4130.399902,
  "xagusd": 49.007999,
  "fng": {
    "value": 27,
    "classification": "Fear"
  },
  "usd_thb": 32.8
}