{
  "ts": "2025-10-03T11:45:51.085Z",
  "xauusd": 3861.199951,
  "xagusd": 47.502998,
  "fng": {
    "value": 63,
    "classification": "Greed"
  },
  "usd_thb": 32.37
}