{
  "ts": "2026-02-11T11:53:42.887Z",
  "xauusd": 5116.799805,
  "xagusd": 83.856003,
  "fng": {
    "value": 11,
    "classification": "Extreme Fear"
  },
  "usd_thb": 30.98
}