{
  "ts": "2025-10-30T05:26:19.254Z",
  "xauusd": 3960.899902,
  "xagusd": 47.591999,
  "fng": {
    "value": 34,
    "classification": "Fear"
  },
  "usd_thb": 32.45
}