{
  "ts": "2025-08-18T05:53:39.730Z",
  "xauusd": 3348.300049,
  "xagusd": 38.124001,
  "fng": {
    "value": 60,
    "classification": "Greed"
  },
  "usd_thb": 32.43
}