{
  "ts": "2026-05-12T23:04:52.476Z",
  "xauusd": 4718.899902,
  "xagusd": 86.876999,
  "fng": {
    "value": 49,
    "classification": "Neutral"
  },
  "usd_thb": 32.33
}