{
  "ts": "2026-01-12T20:57:04.002Z",
  "xauusd": 4597.600098,
  "xagusd": 85.119003,
  "fng": {
    "value": 27,
    "classification": "Fear"
  },
  "usd_thb": 31.19
}