{
  "ts": "2025-10-15T20:33:19.031Z",
  "xauusd": 4209.200195,
  "xagusd": 53.009998,
  "fng": {
    "value": 34,
    "classification": "Fear"
  },
  "usd_thb": 32.57
}