{
  "ts": "2026-01-07T19:30:56.858Z",
  "xauusd": 4451.700195,
  "xagusd": 78.037003,
  "fng": {
    "value": 42,
    "classification": "Fear"
  },
  "usd_thb": 31.32
}