{
  "ts": "2026-02-16T22:24:55.617Z",
  "xauusd": 4993.899902,
  "xagusd": 76.734001,
  "fng": {
    "value": 12,
    "classification": "Extreme Fear"
  },
  "usd_thb": 31.09
}