{
  "ts": "2025-10-24T16:15:33.631Z",
  "xauusd": 4132.399902,
  "xagusd": 48.851002,
  "fng": {
    "value": 30,
    "classification": "Fear"
  },
  "usd_thb": 32.65
}