{
  "ts": "2025-09-22T14:00:38.643Z",
  "xauusd": 3722.199951,
  "xagusd": 43.568001,
  "fng": {
    "value": 45,
    "classification": "Fear"
  },
  "usd_thb": 31.78
}