{
  "ts": "2026-02-04T21:17:14.453Z",
  "xauusd": 4953.700195,
  "xagusd": 87.627998,
  "fng": {
    "value": 14,
    "classification": "Extreme Fear"
  },
  "usd_thb": 31.7
}