{
  "ts": "2025-10-09T23:41:17.594Z",
  "xauusd": 3988.399902,
  "xagusd": 49.243999,
  "fng": {
    "value": 70,
    "classification": "Greed"
  },
  "usd_thb": 32.79
}