{
  "ts": "2025-08-31T22:19:12.811Z",
  "xauusd": 3447.800049,
  "xagusd": 39.691002,
  "fng": {
    "value": 48,
    "classification": "Neutral"
  },
  "usd_thb": 32.34
}