{
  "ts": "2025-08-14T17:58:44.858Z",
  "xauusd": 3338.300049,
  "xagusd": 38.046001,
  "fng": {
    "value": 75,
    "classification": "Greed"
  },
  "usd_thb": 32.47
}