{
  "ts": "2025-09-18T13:02:50.121Z",
  "xauusd": 3664.300049,
  "xagusd": 41.900002,
  "fng": {
    "value": 52,
    "classification": "Neutral"
  },
  "usd_thb": 31.87
}