{
  "ts": "2025-09-19T13:34:55.798Z",
  "xauusd": 3656.300049,
  "xagusd": 42.185001,
  "fng": {
    "value": 53,
    "classification": "Neutral"
  },
  "usd_thb": 31.87
}