{
  "ts": "2025-09-19T20:51:13.206Z",
  "xauusd": 3685.800049,
  "xagusd": 43.102001,
  "fng": {
    "value": 53,
    "classification": "Neutral"
  },
  "usd_thb": 31.84
}