{
  "ts": "2026-04-13T17:43:25.863Z",
  "xauusd": 4744.399902,
  "xagusd": 75.502998,
  "fng": {
    "value": 12,
    "classification": "Extreme Fear"
  },
  "usd_thb": 32.02
}