{
  "ts": "2025-09-15T06:53:42.188Z",
  "xauusd": 3640.199951,
  "xagusd": 42.224998,
  "fng": {
    "value": 53,
    "classification": "Neutral"
  },
  "usd_thb": 31.88
}