{
  "ts": "2026-02-25T02:53:49.324Z",
  "xauusd": 5178.100098,
  "xagusd": 89.456001,
  "fng": {
    "value": 11,
    "classification": "Extreme Fear"
  },
  "usd_thb": 31.03
}