{
  "ts": "2026-04-07T18:34:25.774Z",
  "xauusd": 4686.700195,
  "xagusd": 72.233002,
  "fng": {
    "value": 11,
    "classification": "Extreme Fear"
  },
  "usd_thb": 32.49
}