{
  "ts": "2026-01-15T08:56:33.402Z",
  "xauusd": 4603.700195,
  "xagusd": 89.745003,
  "fng": {
    "value": 61,
    "classification": "Greed"
  },
  "usd_thb": 31.36
}