{
  "ts": "2025-12-10T16:34:15.610Z",
  "xauusd": 4201.100098,
  "xagusd": 60.873001,
  "fng": {
    "value": 26,
    "classification": "Fear"
  },
  "usd_thb": 31.82
}