{
  "ts": "2025-12-17T11:47:23.332Z",
  "xauusd": 4316.899902,
  "xagusd": 65.783997,
  "fng": {
    "value": 16,
    "classification": "Extreme Fear"
  },
  "usd_thb": 31.51
}