{
  "ts": "2025-08-27T07:29:51.813Z",
  "xauusd": 3376.699951,
  "xagusd": 38.441002,
  "fng": {
    "value": 51,
    "classification": "Neutral"
  },
  "usd_thb": 32.49
}