{
  "ts": "2025-10-21T15:47:55.032Z",
  "xauusd": 4144.700195,
  "xagusd": 49.030998,
  "fng": {
    "value": 34,
    "classification": "Fear"
  },
  "usd_thb": 32.8
}