{
  "ts": "2025-10-10T01:48:49.580Z",
  "xauusd": 3981.199951,
  "xagusd": 49.726002,
  "fng": {
    "value": 64,
    "classification": "Greed"
  },
  "usd_thb": 32.74
}