{
  "ts": "2025-11-17T14:54:21.224Z",
  "xauusd": 4079.100098,
  "xagusd": 50.889999,
  "fng": {
    "value": 14,
    "classification": "Extreme Fear"
  },
  "usd_thb": 32.44
}