{
  "ts": "2025-09-19T06:47:42.682Z",
  "xauusd": 3648.399902,
  "xagusd": 42.150002,
  "fng": {
    "value": 53,
    "classification": "Neutral"
  },
  "usd_thb": 31.87
}