{
  "ts": "2025-12-07T23:58:10.767Z",
  "xauusd": 4202.700195,
  "xagusd": 58.498001,
  "fng": {
    "value": 20,
    "classification": "Extreme Fear"
  },
  "usd_thb": 31.83
}