{
  "ts": "2025-12-11T23:45:56.601Z",
  "xauusd": 4276.700195,
  "xagusd": 63.226002,
  "fng": {
    "value": 29,
    "classification": "Fear"
  },
  "usd_thb": 31.63
}