{
  "ts": "2025-09-26T14:44:05.071Z",
  "xauusd": 3779.399902,
  "xagusd": 45.758999,
  "fng": {
    "value": 28,
    "classification": "Fear"
  },
  "usd_thb": 32.19
}