{
  "ts": "2025-12-12T10:56:46.185Z",
  "xauusd": 4330.700195,
  "xagusd": 64.337997,
  "fng": {
    "value": 29,
    "classification": "Fear"
  },
  "usd_thb": 31.54
}