{
  "ts": "2026-04-14T08:53:23.663Z",
  "xauusd": 4783.399902,
  "xagusd": 78.051003,
  "fng": {
    "value": 21,
    "classification": "Extreme Fear"
  },
  "usd_thb": 32.02
}