{
  "ts": "2025-12-31T15:27:14.358Z",
  "xauusd": 4335.600098,
  "xagusd": 72.710999,
  "fng": {
    "value": 21,
    "classification": "Extreme Fear"
  },
  "usd_thb": 31.48
}