{
  "ts": "2026-01-08T12:39:24.995Z",
  "xauusd": 4427.100098,
  "xagusd": 74.908997,
  "fng": {
    "value": 28,
    "classification": "Fear"
  },
  "usd_thb": 31.52
}