{
  "ts": "2025-12-01T10:26:50.087Z",
  "xauusd": 4255.299805,
  "xagusd": 57.633999,
  "fng": {
    "value": 24,
    "classification": "Extreme Fear"
  },
  "usd_thb": 31.97
}