{
  "ts": "2025-11-19T04:48:05.073Z",
  "xauusd": 4075.199951,
  "xagusd": 50.956001,
  "fng": {
    "value": 15,
    "classification": "Extreme Fear"
  },
  "usd_thb": 32.43
}