{
  "ts": "2025-10-01T20:38:05.813Z",
  "xauusd": 3865.399902,
  "xagusd": 47.300999,
  "fng": {
    "value": 49,
    "classification": "Neutral"
  },
  "usd_thb": 32.45
}