{
  "ts": "2025-08-24T20:33:30.974Z",
  "xauusd": 3373.300049,
  "xagusd": 38.949001,
  "fng": {
    "value": 53,
    "classification": "Neutral"
  },
  "usd_thb": 32.28
}