{
  "ts": "2025-08-29T05:38:52.030Z",
  "xauusd": 3409.100098,
  "xagusd": 38.889999,
  "fng": {
    "value": 50,
    "classification": "Neutral"
  },
  "usd_thb": 32.37
}