{
  "ts": "2026-03-06T15:49:21.797Z",
  "xauusd": 5152.899902,
  "xagusd": 84.434998,
  "fng": {
    "value": 18,
    "classification": "Extreme Fear"
  },
  "usd_thb": 31.83
}