{
  "ts": "2026-03-23T08:37:15.755Z",
  "xauusd": 4253.299805,
  "xagusd": 64.608002,
  "fng": {
    "value": 8,
    "classification": "Extreme Fear"
  },
  "usd_thb": 32.93
}