{
  "ts": "2025-08-26T06:54:38.727Z",
  "xauusd": 3377.199951,
  "xagusd": 38.810001,
  "fng": {
    "value": 48,
    "classification": "Neutral"
  },
  "usd_thb": 32.44
}