{
  "ts": "2026-01-16T13:59:17.727Z",
  "xauusd": 4602.299805,
  "xagusd": 88.921997,
  "fng": {
    "value": 49,
    "classification": "Neutral"
  },
  "usd_thb": 31.41
}