{
  "ts": "2025-12-29T19:16:37.245Z",
  "xauusd": 4336.600098,
  "xagusd": 71.830002,
  "fng": {
    "value": 24,
    "classification": "Extreme Fear"
  },
  "usd_thb": 31.61
}