{
  "ts": "2025-09-15T22:59:29.045Z",
  "xauusd": 3678.800049,
  "xagusd": 42.650002,
  "fng": {
    "value": 53,
    "classification": "Neutral"
  },
  "usd_thb": 31.79
}