{
  "ts": "2025-09-17T16:38:33.013Z",
  "xauusd": 3687.600098,
  "xagusd": 42.054001,
  "fng": {
    "value": 53,
    "classification": "Neutral"
  },
  "usd_thb": 31.69
}