{
  "ts": "2025-08-29T19:27:14.856Z",
  "xauusd": 3445.399902,
  "xagusd": 39.808998,
  "fng": {
    "value": 50,
    "classification": "Neutral"
  },
  "usd_thb": 32.3
}