{
  "ts": "2025-10-07T11:17:21.827Z",
  "xauusd": 3962.399902,
  "xagusd": 48.507999,
  "fng": {
    "value": 70,
    "classification": "Greed"
  },
  "usd_thb": 32.52
}