{
  "ts": "2025-09-24T23:49:08.063Z",
  "xauusd": 3745.100098,
  "xagusd": 43.988998,
  "fng": {
    "value": 44,
    "classification": "Fear"
  },
  "usd_thb": 32.09
}