{
  "ts": "2025-12-10T23:24:36.057Z",
  "xauusd": 4227.600098,
  "xagusd": 61.904999,
  "fng": {
    "value": 26,
    "classification": "Fear"
  },
  "usd_thb": 31.75
}