{
  "ts": "2025-10-28T09:22:46.798Z",
  "xauusd": 3904.100098,
  "xagusd": 45.907001,
  "fng": {
    "value": 50,
    "classification": "Neutral"
  },
  "usd_thb": 32.47
}