{
  "ts": "2025-09-03T04:43:45.101Z",
  "xauusd": 3536.199951,
  "xagusd": 40.813999,
  "fng": {
    "value": 55,
    "classification": "Greed"
  },
  "usd_thb": 32.41
}