{
  "ts": "2025-10-07T05:19:30.688Z",
  "xauusd": 3966.800049,
  "xagusd": 48.605999,
  "fng": {
    "value": 70,
    "classification": "Greed"
  },
  "usd_thb": 32.47
}