{
  "ts": "2025-11-21T05:19:19.173Z",
  "xauusd": 4056.399902,
  "xagusd": 49.910999,
  "fng": {
    "value": 14,
    "classification": "Extreme Fear"
  },
  "usd_thb": 32.47
}