{
  "ts": "2026-04-09T20:28:46.195Z",
  "xauusd": 4772.200195,
  "xagusd": 75.796997,
  "fng": {
    "value": 14,
    "classification": "Extreme Fear"
  },
  "usd_thb": 31.99
}