{
  "ts": "2025-08-22T20:33:47.394Z",
  "xauusd": 3371.600098,
  "xagusd": 38.973999,
  "fng": {
    "value": 50,
    "classification": "Neutral"
  },
  "usd_thb": 32.4
}