{
  "ts": "2026-03-19T07:12:28.789Z",
  "xauusd": 4780.399902,
  "xagusd": 72.765999,
  "fng": {
    "value": 23,
    "classification": "Extreme Fear"
  },
  "usd_thb": 32.79
}