{
  "ts": "2026-01-12T14:53:27.190Z",
  "xauusd": 4606.600098,
  "xagusd": 84.891998,
  "fng": {
    "value": 27,
    "classification": "Fear"
  },
  "usd_thb": 31.18
}