{
  "ts": "2025-10-30T05:00:09.161Z",
  "xauusd": 3974.800049,
  "xagusd": 47.872002,
  "fng": {
    "value": 34,
    "classification": "Fear"
  },
  "usd_thb": 32.42
}