{
  "ts": "2025-08-19T15:39:53.581Z",
  "xauusd": 3326.800049,
  "xagusd": 37.542999,
  "fng": {
    "value": 56,
    "classification": "Greed"
  },
  "usd_thb": 32.56
}