{
  "ts": "2025-09-22T22:11:19.811Z",
  "xauusd": 3748.300049,
  "xagusd": 44.113998,
  "fng": {
    "value": 45,
    "classification": "Fear"
  },
  "usd_thb": 31.78
}