{
  "ts": "2025-11-24T05:55:24.610Z",
  "xauusd": 4043.800049,
  "xagusd": 49.912998,
  "fng": {
    "value": 19,
    "classification": "Extreme Fear"
  },
  "usd_thb": 32.48
}