{
  "ts": "2025-10-28T06:14:06.978Z",
  "xauusd": 3956.399902,
  "xagusd": 46.625999,
  "fng": {
    "value": 50,
    "classification": "Neutral"
  },
  "usd_thb": 32.57
}