{
  "ts": "2025-12-12T19:59:15.423Z",
  "xauusd": 4297.700195,
  "xagusd": 61.890999,
  "fng": {
    "value": 29,
    "classification": "Fear"
  },
  "usd_thb": 31.57
}