{
  "ts": "2025-12-24T09:59:42.850Z",
  "xauusd": 4496.799805,
  "xagusd": 72.220001,
  "fng": {
    "value": 24,
    "classification": "Extreme Fear"
  },
  "usd_thb": 30.98
}