{
  "ts": "2025-10-15T22:32:15.646Z",
  "xauusd": 4212.200195,
  "xagusd": 53.115002,
  "fng": {
    "value": 34,
    "classification": "Fear"
  },
  "usd_thb": 32.53
}