{
  "ts": "2026-02-11T07:30:48.657Z",
  "xauusd": 5059.399902,
  "xagusd": 83.856003,
  "fng": {
    "value": 11,
    "classification": "Extreme Fear"
  },
  "usd_thb": 31.05
}