{
  "ts": "2025-10-27T09:24:40.951Z",
  "xauusd": 4040.699951,
  "xagusd": 47.932999,
  "fng": {
    "value": 51,
    "classification": "Neutral"
  },
  "usd_thb": 32.7
}