{
  "ts": "2025-11-17T07:44:54.642Z",
  "xauusd": 4083.100098,
  "xagusd": 51.137001,
  "fng": {
    "value": 14,
    "classification": "Extreme Fear"
  },
  "usd_thb": 32.41
}