{
  "ts": "2025-11-06T06:58:58.835Z",
  "xauusd": 3991.899902,
  "xagusd": 48.381001,
  "fng": {
    "value": 27,
    "classification": "Fear"
  },
  "usd_thb": 32.45
}