{
  "ts": "2026-07-09T01:10:53.616Z",
  "xauusd": 4074.800049,
  "xagusd": 58.318001,
  "fng": {
    "value": 22,
    "classification": "Extreme Fear"
  },
  "usd_thb": 33.44
}