{
  "ts": "2025-11-24T07:42:36.581Z",
  "xauusd": 4062.800049,
  "xagusd": 50.050999,
  "fng": {
    "value": 19,
    "classification": "Extreme Fear"
  },
  "usd_thb": 32.5
}