{
  "ts": "2026-03-12T21:57:36.978Z",
  "xauusd": 5080.399902,
  "xagusd": 83.987999,
  "fng": {
    "value": 18,
    "classification": "Extreme Fear"
  },
  "usd_thb": 32.14
}