{
  "ts": "2025-08-18T08:54:36.481Z",
  "xauusd": 3348.699951,
  "xagusd": 38.155998,
  "fng": {
    "value": 60,
    "classification": "Greed"
  },
  "usd_thb": 32.45
}