{
  "ts": "2025-09-30T04:48:27.216Z",
  "xauusd": 3865.600098,
  "xagusd": 47.126999,
  "fng": {
    "value": 50,
    "classification": "Neutral"
  },
  "usd_thb": 32.34
}