{
  "ts": "2025-09-24T05:35:34.148Z",
  "xauusd": 3774.800049,
  "xagusd": 44.212002,
  "fng": {
    "value": 44,
    "classification": "Fear"
  },
  "usd_thb": 31.95
}