{
  "ts": "2025-09-10T18:50:27.497Z",
  "xauusd": 3646.600098,
  "xagusd": 41.200001,
  "fng": {
    "value": 49,
    "classification": "Neutral"
  },
  "usd_thb": 31.75
}