{
  "ts": "2025-12-24T06:46:13.401Z",
  "xauusd": 4495.799805,
  "xagusd": 72.434998,
  "fng": {
    "value": 24,
    "classification": "Extreme Fear"
  },
  "usd_thb": 31.02
}