{
  "ts": "2025-12-17T23:15:29.236Z",
  "xauusd": 4337.399902,
  "xagusd": 66.165001,
  "fng": {
    "value": 16,
    "classification": "Extreme Fear"
  },
  "usd_thb": 31.47
}