{
  "ts": "2026-01-29T19:01:38.784Z",
  "xauusd": 5340.399902,
  "xagusd": 114.741997,
  "fng": {
    "value": 26,
    "classification": "Fear"
  },
  "usd_thb": 31.327
}