{
  "ts": "2026-03-03T14:59:17.362Z",
  "xauusd": 5059.700195,
  "xagusd": 79.978996,
  "fng": {
    "value": 14,
    "classification": "Extreme Fear"
  },
  "usd_thb": 31.82
}