{
  "ts": "2025-10-16T09:38:21.988Z",
  "xauusd": 4226.700195,
  "xagusd": 52.897999,
  "fng": {
    "value": 28,
    "classification": "Fear"
  },
  "usd_thb": 32.56
}