{
  "ts": "2026-05-20T01:27:45.867Z",
  "xauusd": 4482.100098,
  "xagusd": 73.995003,
  "fng": {
    "value": 27,
    "classification": "Fear"
  },
  "usd_thb": 32.72
}