{
  "ts": "2026-01-12T17:46:01.183Z",
  "xauusd": 4614.399902,
  "xagusd": 85.850998,
  "fng": {
    "value": 27,
    "classification": "Fear"
  },
  "usd_thb": 31.16
}