{
  "ts": "2025-09-10T09:19:58.427Z",
  "xauusd": 3646.600098,
  "xagusd": 41.134998,
  "fng": {
    "value": 49,
    "classification": "Neutral"
  },
  "usd_thb": 31.79
}