{
  "ts": "2026-04-07T21:55:35.757Z",
  "xauusd": 4707.200195,
  "xagusd": 73.116997,
  "fng": {
    "value": 11,
    "classification": "Extreme Fear"
  },
  "usd_thb": 32.45
}