{
  "ts": "2025-12-05T13:53:31.384Z",
  "xauusd": 4234.700195,
  "xagusd": 58.226002,
  "fng": {
    "value": 28,
    "classification": "Fear"
  },
  "usd_thb": 31.83
}