{
  "ts": "2025-10-27T19:13:50.997Z",
  "xauusd": 4002.699951,
  "xagusd": 46.919998,
  "fng": {
    "value": 51,
    "classification": "Neutral"
  },
  "usd_thb": 32.68
}