{
  "ts": "2025-08-28T10:59:06.097Z",
  "xauusd": 3397.699951,
  "xagusd": 38.995998,
  "fng": {
    "value": 48,
    "classification": "Neutral"
  },
  "usd_thb": 32.35
}