{
  "ts": "2026-01-28T04:11:12.567Z",
  "xauusd": 5237.600098,
  "xagusd": 115.221001,
  "fng": {
    "value": 29,
    "classification": "Fear"
  },
  "usd_thb": 30.97
}