{
  "ts": "2026-07-24T04:23:05.756Z",
  "xauusd": 4030.100098,
  "xagusd": 57.438999,
  "fng": {
    "value": 28,
    "classification": "Fear"
  },
  "usd_thb": 33.77
}