{
  "ts": "2025-09-17T07:30:59.171Z",
  "xauusd": 3671.100098,
  "xagusd": 41.866001,
  "fng": {
    "value": 53,
    "classification": "Neutral"
  },
  "usd_thb": 31.77
}