{
  "ts": "2026-01-12T10:23:58.671Z",
  "xauusd": 4590.299805,
  "xagusd": 84.140999,
  "fng": {
    "value": 27,
    "classification": "Fear"
  },
  "usd_thb": 31.21
}