{
  "ts": "2025-11-05T07:30:41.509Z",
  "xauusd": 3967.100098,
  "xagusd": 47.707001,
  "fng": {
    "value": 23,
    "classification": "Extreme Fear"
  },
  "usd_thb": 32.56
}