{
  "ts": "2026-05-05T22:38:39.376Z",
  "xauusd": 4551.200195,
  "xagusd": 72.900002,
  "fng": {
    "value": 50,
    "classification": "Neutral"
  },
  "usd_thb": 32.55
}