{
  "ts": "2026-04-06T19:58:08.908Z",
  "xauusd": 4656.600098,
  "xagusd": 73.158997,
  "fng": {
    "value": 13,
    "classification": "Extreme Fear"
  },
  "usd_thb": 32.54
}