{
  "ts": "2025-08-25T19:17:06.374Z",
  "xauusd": 3369.300049,
  "xagusd": 38.693001,
  "fng": {
    "value": 47,
    "classification": "Neutral"
  },
  "usd_thb": 32.49
}