{
  "ts": "2026-02-12T06:44:44.567Z",
  "xauusd": 5057.100098,
  "xagusd": 83.685997,
  "fng": {
    "value": 5,
    "classification": "Extreme Fear"
  },
  "usd_thb": 31.06
}