{
  "ts": "2025-12-29T23:50:53.777Z",
  "xauusd": 4339.799805,
  "xagusd": 72.327003,
  "fng": {
    "value": 24,
    "classification": "Extreme Fear"
  },
  "usd_thb": 31.61
}