{
  "ts": "2025-11-27T04:56:18.539Z",
  "xauusd": 4151.100098,
  "xagusd": 52.898998,
  "fng": {
    "value": 22,
    "classification": "Extreme Fear"
  },
  "usd_thb": 32.18
}