{
  "ts": "2026-01-14T05:49:01.000Z",
  "xauusd": 4636.200195,
  "xagusd": 91.205002,
  "fng": {
    "value": 48,
    "classification": "Neutral"
  },
  "usd_thb": 31.32
}