{
  "ts": "2025-10-12T13:46:41.408Z",
  "xauusd": 4018.399902,
  "xagusd": 50.008999,
  "fng": {
    "value": 24,
    "classification": "Extreme Fear"
  },
  "usd_thb": 32.55
}