{
  "ts": "2025-10-03T14:10:39.558Z",
  "xauusd": 3876.399902,
  "xagusd": 47.669998,
  "fng": {
    "value": 63,
    "classification": "Greed"
  },
  "usd_thb": 32.31
}