{
  "ts": "2026-01-15T09:27:39.693Z",
  "xauusd": 4604.700195,
  "xagusd": 89.934998,
  "fng": {
    "value": 61,
    "classification": "Greed"
  },
  "usd_thb": 31.35
}