{
  "ts": "2026-02-17T13:23:24.384Z",
  "xauusd": 4921.600098,
  "xagusd": 74.524002,
  "fng": {
    "value": 10,
    "classification": "Extreme Fear"
  },
  "usd_thb": 31.29
}