{
  "ts": "2025-11-11T19:29:54.399Z",
  "xauusd": 4117.600098,
  "xagusd": 51.084999,
  "fng": {
    "value": 26,
    "classification": "Fear"
  },
  "usd_thb": 32.42
}