{
  "ts": "2025-11-25T22:51:51.593Z",
  "xauusd": 4131.899902,
  "xagusd": 51.530998,
  "fng": {
    "value": 20,
    "classification": "Extreme Fear"
  },
  "usd_thb": 32.27
}