{
  "ts": "2026-04-27T01:22:42.800Z",
  "xauusd": 4697.700195,
  "xagusd": 75.693001,
  "fng": {
    "value": 47,
    "classification": "Neutral"
  },
  "usd_thb": 32.33
}