{
  "ts": "2025-09-05T15:40:41.406Z",
  "xauusd": 3593.100098,
  "xagusd": 41.084999,
  "fng": {
    "value": 48,
    "classification": "Neutral"
  },
  "usd_thb": 32.04
}