{
  "ts": "2025-11-12T14:59:47.494Z",
  "xauusd": 4137.299805,
  "xagusd": 52.380001,
  "fng": {
    "value": 24,
    "classification": "Extreme Fear"
  },
  "usd_thb": 32.44
}