{
  "ts": "2025-11-10T04:16:13.718Z",
  "xauusd": 4057.399902,
  "xagusd": 49.228001,
  "fng": {
    "value": 29,
    "classification": "Fear"
  },
  "usd_thb": 32.35
}