{
  "ts": "2025-11-17T09:32:52.502Z",
  "xauusd": 4083.800049,
  "xagusd": 51.099998,
  "fng": {
    "value": 14,
    "classification": "Extreme Fear"
  },
  "usd_thb": 32.42
}