{
  "ts": "2025-12-26T14:36:52.931Z",
  "xauusd": 4530.399902,
  "xagusd": 74.890999,
  "fng": {
    "value": 20,
    "classification": "Extreme Fear"
  },
  "usd_thb": 30.97
}