{
  "ts": "2025-09-16T13:36:45.321Z",
  "xauusd": 3693.899902,
  "xagusd": 42.959999,
  "fng": {
    "value": 52,
    "classification": "Neutral"
  },
  "usd_thb": 31.67
}