{
  "ts": "2025-09-17T23:47:01.865Z",
  "xauusd": 3670.199951,
  "xagusd": 41.860001,
  "fng": {
    "value": 53,
    "classification": "Neutral"
  },
  "usd_thb": 31.77
}