{
  "ts": "2025-09-03T13:53:19.404Z",
  "xauusd": 3552.800049,
  "xagusd": 41.102001,
  "fng": {
    "value": 55,
    "classification": "Greed"
  },
  "usd_thb": 32.38
}