{
  "ts": "2025-12-17T16:51:48.420Z",
  "xauusd": 4337.100098,
  "xagusd": 66.332001,
  "fng": {
    "value": 16,
    "classification": "Extreme Fear"
  },
  "usd_thb": 31.45
}