{
  "ts": "2025-09-02T14:12:25.565Z",
  "xauusd": 3495.600098,
  "xagusd": 40.594002,
  "fng": {
    "value": 49,
    "classification": "Neutral"
  },
  "usd_thb": 32.35
}