{
  "ts": "2025-11-26T11:51:50.807Z",
  "xauusd": 4168.100098,
  "xagusd": 52.516998,
  "fng": {
    "value": 15,
    "classification": "Extreme Fear"
  },
  "usd_thb": 32.2
}