{
  "ts": "2025-11-17T07:34:25.571Z",
  "xauusd": 4080.399902,
  "xagusd": 51.033001,
  "fng": {
    "value": 14,
    "classification": "Extreme Fear"
  },
  "usd_thb": 32.41
}