{
  "ts": "2025-11-17T16:37:15.417Z",
  "xauusd": 4072.100098,
  "xagusd": 50.949001,
  "fng": {
    "value": 14,
    "classification": "Extreme Fear"
  },
  "usd_thb": 32.4
}