{
  "ts": "2025-08-26T08:14:33.658Z",
  "xauusd": 3377.800049,
  "xagusd": 38.724998,
  "fng": {
    "value": 48,
    "classification": "Neutral"
  },
  "usd_thb": 32.45
}