{
  "ts": "2026-01-22T17:16:29.264Z",
  "xauusd": 4882.299805,
  "xagusd": 95.829002,
  "fng": {
    "value": 20,
    "classification": "Extreme Fear"
  },
  "usd_thb": 31.143
}