{
  "ts": "2025-12-04T14:31:08.232Z",
  "xauusd": 4209.100098,
  "xagusd": 57.740002,
  "fng": {
    "value": 26,
    "classification": "Fear"
  },
  "usd_thb": 32.01
}