{
  "ts": "2026-07-02T14:37:45.694Z",
  "xauusd": 4118.799805,
  "xagusd": 61.339001,
  "fng": {
    "value": 19,
    "classification": "Extreme Fear"
  },
  "usd_thb": 33.16
}