{
  "ts": "2025-12-09T11:35:43.500Z",
  "xauusd": 4205.299805,
  "xagusd": 58.632999,
  "fng": {
    "value": 22,
    "classification": "Extreme Fear"
  },
  "usd_thb": 31.82
}