{
  "ts": "2025-10-16T09:21:39.638Z",
  "xauusd": 4231.600098,
  "xagusd": 52.938999,
  "fng": {
    "value": 28,
    "classification": "Fear"
  },
  "usd_thb": 32.56
}