{
  "ts": "2025-11-26T18:50:41.509Z",
  "xauusd": 4160.200195,
  "xagusd": 53.129002,
  "fng": {
    "value": 15,
    "classification": "Extreme Fear"
  },
  "usd_thb": 32.21
}