{
  "ts": "2026-03-30T16:37:31.027Z",
  "xauusd": 4541.200195,
  "xagusd": 70.953003,
  "fng": {
    "value": 8,
    "classification": "Extreme Fear"
  },
  "usd_thb": 32.82
}