{
  "ts": "2025-08-29T09:00:07.236Z",
  "xauusd": 3412.199951,
  "xagusd": 39.018002,
  "fng": {
    "value": 50,
    "classification": "Neutral"
  },
  "usd_thb": 32.35
}