{
  "ts": "2026-06-17T20:54:42.966Z",
  "xauusd": 4259.899902,
  "xagusd": 68.087997,
  "fng": {
    "value": 22,
    "classification": "Extreme Fear"
  },
  "usd_thb": 32.68
}