{
  "ts": "2026-03-06T11:34:02.103Z",
  "xauusd": 5094.399902,
  "xagusd": 83.258003,
  "fng": {
    "value": 18,
    "classification": "Extreme Fear"
  },
  "usd_thb": 31.92
}