{
  "ts": "2025-11-05T23:24:15.281Z",
  "xauusd": 3972.699951,
  "xagusd": 48.000999,
  "fng": {
    "value": 23,
    "classification": "Extreme Fear"
  },
  "usd_thb": 32.49
}