{
  "ts": "2025-10-17T18:30:59.917Z",
  "xauusd": 4244.399902,
  "xagusd": 51.794998,
  "fng": {
    "value": 22,
    "classification": "Extreme Fear"
  },
  "usd_thb": 32.75
}