{
  "ts": "2025-12-19T18:48:19.636Z",
  "xauusd": 4346.100098,
  "xagusd": 67.040001,
  "fng": {
    "value": 16,
    "classification": "Extreme Fear"
  },
  "usd_thb": 31.41
}