{
  "ts": "2026-01-22T15:42:43.686Z",
  "xauusd": 4863.700195,
  "xagusd": 95.211998,
  "fng": {
    "value": 20,
    "classification": "Extreme Fear"
  },
  "usd_thb": 31.17
}