{
  "ts": "2025-12-05T17:50:56.342Z",
  "xauusd": 4215.299805,
  "xagusd": 58.529999,
  "fng": {
    "value": 28,
    "classification": "Fear"
  },
  "usd_thb": 31.89
}