{
  "ts": "2026-07-02T12:26:04.502Z",
  "xauusd": 4068.399902,
  "xagusd": 59.953999,
  "fng": {
    "value": 19,
    "classification": "Extreme Fear"
  },
  "usd_thb": 33.28
}