{
  "ts": "2025-12-05T19:56:06.034Z",
  "xauusd": 4207.600098,
  "xagusd": 58.386002,
  "fng": {
    "value": 28,
    "classification": "Fear"
  },
  "usd_thb": 31.87
}