{
  "ts": "2026-04-01T17:08:07.906Z",
  "xauusd": 4793.200195,
  "xagusd": 76.117996,
  "fng": {
    "value": 8,
    "classification": "Extreme Fear"
  },
  "usd_thb": 32.51
}