{
  "ts": "2025-09-24T11:23:16.807Z",
  "xauusd": 3765.100098,
  "xagusd": 43.980999,
  "fng": {
    "value": 44,
    "classification": "Fear"
  },
  "usd_thb": 32.02
}