{
  "ts": "2025-09-11T14:33:15.395Z",
  "xauusd": 3636.199951,
  "xagusd": 41.470001,
  "fng": {
    "value": 54,
    "classification": "Neutral"
  },
  "usd_thb": 31.71
}