{
  "ts": "2026-02-12T14:41:29.398Z",
  "xauusd": 5061.100098,
  "xagusd": 83.238998,
  "fng": {
    "value": 5,
    "classification": "Extreme Fear"
  },
  "usd_thb": 30.92
}