{
  "ts": "2026-01-12T17:55:23.639Z",
  "xauusd": 4619.299805,
  "xagusd": 86.186996,
  "fng": {
    "value": 27,
    "classification": "Fear"
  },
  "usd_thb": 31.16
}