{
  "ts": "2025-10-21T07:22:32.648Z",
  "xauusd": 4333.899902,
  "xagusd": 51.625999,
  "fng": {
    "value": 34,
    "classification": "Fear"
  },
  "usd_thb": 32.61
}