{
  "ts": "2025-11-10T20:52:42.291Z",
  "xauusd": 4112.899902,
  "xagusd": 50.578999,
  "fng": {
    "value": 29,
    "classification": "Fear"
  },
  "usd_thb": 32.32
}