{
  "ts": "2025-10-08T03:53:10.254Z",
  "xauusd": 4014.399902,
  "xagusd": 48.387001,
  "fng": {
    "value": 60,
    "classification": "Greed"
  },
  "usd_thb": 32.45
}