{
  "ts": "2026-03-06T09:48:40.532Z",
  "xauusd": 5093.799805,
  "xagusd": 82.816002,
  "fng": {
    "value": 18,
    "classification": "Extreme Fear"
  },
  "usd_thb": 31.9
}