{
  "ts": "2025-12-22T10:41:41.043Z",
  "xauusd": 4411.600098,
  "xagusd": 69.082001,
  "fng": {
    "value": 25,
    "classification": "Extreme Fear"
  },
  "usd_thb": 31.18
}