{
  "ts": "2025-10-10T04:40:50.807Z",
  "xauusd": 3962.899902,
  "xagusd": 49.324001,
  "fng": {
    "value": 64,
    "classification": "Greed"
  },
  "usd_thb": 32.75
}