{
  "ts": "2025-09-10T02:19:04.564Z",
  "xauusd": 3634.600098,
  "xagusd": 41.049999,
  "fng": {
    "value": 49,
    "classification": "Neutral"
  },
  "usd_thb": 31.74
}