{
  "ts": "2026-06-17T16:25:43.750Z",
  "xauusd": 4366.299805,
  "xagusd": 70.859001,
  "fng": {
    "value": 22,
    "classification": "Extreme Fear"
  },
  "usd_thb": 32.52
}