{
  "ts": "2025-12-29T20:57:26.215Z",
  "xauusd": 4333.600098,
  "xagusd": 72.936996,
  "fng": {
    "value": 24,
    "classification": "Extreme Fear"
  },
  "usd_thb": 31.65
}