{
  "ts": "2026-03-06T19:07:53.953Z",
  "xauusd": 5164.899902,
  "xagusd": 84.563004,
  "fng": {
    "value": 18,
    "classification": "Extreme Fear"
  },
  "usd_thb": 31.81
}