{
  "ts": "2025-12-15T14:37:33.535Z",
  "xauusd": 4328.399902,
  "xagusd": 63.650002,
  "fng": {
    "value": 16,
    "classification": "Extreme Fear"
  },
  "usd_thb": 31.44
}