{
  "ts": "2025-11-06T17:46:21.822Z",
  "xauusd": 3982.800049,
  "xagusd": 48.043999,
  "fng": {
    "value": 27,
    "classification": "Fear"
  },
  "usd_thb": 32.4
}