{
  "ts": "2025-09-03T20:52:10.736Z",
  "xauusd": 3562.300049,
  "xagusd": 41.240002,
  "fng": {
    "value": 55,
    "classification": "Greed"
  },
  "usd_thb": 32.27
}