{
  "ts": "2026-07-13T00:05:39.961Z",
  "xauusd": 4085.199951,
  "xagusd": 59.191002,
  "fng": {
    "value": 28,
    "classification": "Fear"
  },
  "usd_thb": 33.32
}