{
  "ts": "2025-10-18T09:58:09.782Z",
  "xauusd": 4252.799805,
  "xagusd": 51.980999,
  "fng": {
    "value": 23,
    "classification": "Extreme Fear"
  },
  "usd_thb": 32.69
}