{
  "ts": "2025-12-06T13:56:20.288Z",
  "xauusd": 4199.299805,
  "xagusd": 58.393002,
  "fng": {
    "value": 23,
    "classification": "Extreme Fear"
  },
  "usd_thb": 31.8
}