{
  "ts": "2026-01-19T18:58:16.284Z",
  "xauusd": 4677.600098,
  "xagusd": 94.579002,
  "fng": {
    "value": 44,
    "classification": "Fear"
  },
  "usd_thb": 31.22
}