{
  "ts": "2025-10-19T22:18:28.984Z",
  "xauusd": 4257.200195,
  "xagusd": 51.997002,
  "fng": {
    "value": 29,
    "classification": "Fear"
  },
  "usd_thb": 32.82
}