{
  "ts": "2025-10-27T05:22:08.076Z",
  "xauusd": 4077.300049,
  "xagusd": 48.179001,
  "fng": {
    "value": 51,
    "classification": "Neutral"
  },
  "usd_thb": 32.69
}