{
  "ts": "2026-01-29T05:15:20.961Z",
  "xauusd": 5558.100098,
  "xagusd": 118.385002,
  "fng": {
    "value": 26,
    "classification": "Fear"
  },
  "usd_thb": 31
}