{
  "ts": "2026-01-05T16:23:30.668Z",
  "xauusd": 4446.100098,
  "xagusd": 77.019997,
  "fng": {
    "value": 26,
    "classification": "Fear"
  },
  "usd_thb": 31.28
}