{
  "ts": "2025-08-20T13:37:37.122Z",
  "xauusd": 3343.300049,
  "xagusd": 37.825001,
  "fng": {
    "value": 44,
    "classification": "Fear"
  },
  "usd_thb": 32.5
}