{
  "ts": "2025-08-22T19:26:01.554Z",
  "xauusd": 3370.699951,
  "xagusd": 39.008999,
  "fng": {
    "value": 50,
    "classification": "Neutral"
  },
  "usd_thb": 32.41
}