{
  "ts": "2025-09-16T03:51:48.575Z",
  "xauusd": 3682.800049,
  "xagusd": 42.622002,
  "fng": {
    "value": 52,
    "classification": "Neutral"
  },
  "usd_thb": 31.71
}