{
  "ts": "2025-09-03T14:55:25.102Z",
  "xauusd": 3561.899902,
  "xagusd": 41.198002,
  "fng": {
    "value": 55,
    "classification": "Greed"
  },
  "usd_thb": 32.28
}