{
  "ts": "2026-07-08T04:15:55.026Z",
  "xauusd": 4125.399902,
  "xagusd": 60.476002,
  "fng": {
    "value": 20,
    "classification": "Extreme Fear"
  },
  "usd_thb": 33.37
}