{
  "ts": "2025-12-16T10:21:42.187Z",
  "xauusd": 4280.700195,
  "xagusd": 63.073002,
  "fng": {
    "value": 11,
    "classification": "Extreme Fear"
  },
  "usd_thb": 31.49
}