{
  "ts": "2025-12-29T21:35:57.571Z",
  "xauusd": 4332.899902,
  "xagusd": 72.253998,
  "fng": {
    "value": 24,
    "classification": "Extreme Fear"
  },
  "usd_thb": 31.63
}