{
  "ts": "2026-04-15T18:43:53.401Z",
  "xauusd": 4796.600098,
  "xagusd": 79.267998,
  "fng": {
    "value": 23,
    "classification": "Extreme Fear"
  },
  "usd_thb": 31.99
}