{
  "ts": "2026-01-02T21:18:40.084Z",
  "xauusd": 4329.700195,
  "xagusd": 72.543999,
  "fng": {
    "value": 28,
    "classification": "Fear"
  },
  "usd_thb": 31.43
}