{
  "ts": "2025-09-01T15:19:34.866Z",
  "xauusd": 3479.800049,
  "xagusd": 40.712002,
  "fng": {
    "value": 46,
    "classification": "Fear"
  },
  "usd_thb": 32.35
}