{
  "ts": "2025-11-14T19:18:39.699Z",
  "xauusd": 4093.899902,
  "xagusd": 50.917999,
  "fng": {
    "value": 16,
    "classification": "Extreme Fear"
  },
  "usd_thb": 32.44
}