{
  "ts": "2025-12-15T11:59:31.631Z",
  "xauusd": 4344.100098,
  "xagusd": 63.912998,
  "fng": {
    "value": 16,
    "classification": "Extreme Fear"
  },
  "usd_thb": 31.42
}