{
  "ts": "2026-02-16T23:53:00.543Z",
  "xauusd": 4993.600098,
  "xagusd": 76.720001,
  "fng": {
    "value": 12,
    "classification": "Extreme Fear"
  },
  "usd_thb": 31.08
}