{
  "ts": "2025-10-20T03:39:48.043Z",
  "xauusd": 4252.100098,
  "xagusd": 52.078999,
  "fng": {
    "value": 29,
    "classification": "Fear"
  },
  "usd_thb": 32.74
}