{
  "ts": "2026-04-02T19:30:28.162Z",
  "xauusd": 4665.899902,
  "xagusd": 72.600998,
  "fng": {
    "value": 12,
    "classification": "Extreme Fear"
  },
  "usd_thb": 32.6
}