{
  "ts": "2025-12-09T23:56:15.995Z",
  "xauusd": 4211.299805,
  "xagusd": 60.858002,
  "fng": {
    "value": 22,
    "classification": "Extreme Fear"
  },
  "usd_thb": 31.81
}