{
  "ts": "2025-09-12T13:02:40.311Z",
  "xauusd": 3645.100098,
  "xagusd": 41.990002,
  "fng": {
    "value": 57,
    "classification": "Greed"
  },
  "usd_thb": 31.74
}