{
  "ts": "2026-01-22T05:59:54.464Z",
  "xauusd": 4817.799805,
  "xagusd": 93.946999,
  "fng": {
    "value": 20,
    "classification": "Extreme Fear"
  },
  "usd_thb": 31.35
}