{
  "ts": "2025-08-28T01:00:41.832Z",
  "xauusd": 3392.699951,
  "xagusd": 38.686001,
  "fng": {
    "value": 48,
    "classification": "Neutral"
  },
  "usd_thb": 32.37
}