{
  "ts": "2026-07-03T12:20:05.777Z",
  "xauusd": 4176.899902,
  "xagusd": 62.310001,
  "fng": {
    "value": 21,
    "classification": "Extreme Fear"
  },
  "usd_thb": 33.11
}