{
  "ts": "2025-10-21T04:57:59.154Z",
  "xauusd": 4343.299805,
  "xagusd": 51.942001,
  "fng": {
    "value": 34,
    "classification": "Fear"
  },
  "usd_thb": 32.61
}