{
  "ts": "2025-10-27T15:28:19.713Z",
  "xauusd": 3983.300049,
  "xagusd": 46.456001,
  "fng": {
    "value": 51,
    "classification": "Neutral"
  },
  "usd_thb": 32.73
}