{
  "ts": "2025-10-01T02:46:54.225Z",
  "xauusd": 3866.899902,
  "xagusd": 47.506001,
  "fng": {
    "value": 49,
    "classification": "Neutral"
  },
  "usd_thb": 32.49
}