{
  "ts": "2025-10-09T19:44:51.629Z",
  "xauusd": 3979.100098,
  "xagusd": 49.189999,
  "fng": {
    "value": 70,
    "classification": "Greed"
  },
  "usd_thb": 32.76
}