{
  "ts": "2025-11-07T07:56:25.458Z",
  "xauusd": 4006.699951,
  "xagusd": 48.662998,
  "fng": {
    "value": 24,
    "classification": "Extreme Fear"
  },
  "usd_thb": 32.35
}