{
  "ts": "2025-11-14T15:32:10.472Z",
  "xauusd": 4077.699951,
  "xagusd": 51.077999,
  "fng": {
    "value": 16,
    "classification": "Extreme Fear"
  },
  "usd_thb": 32.43
}