{
  "ts": "2025-10-31T20:43:55.947Z",
  "xauusd": 4007.600098,
  "xagusd": 48.727001,
  "fng": {
    "value": 29,
    "classification": "Fear"
  },
  "usd_thb": 32.38
}