{
  "ts": "2026-01-10T14:35:54.793Z",
  "xauusd": 4510.799805,
  "xagusd": 79.960999,
  "fng": {
    "value": 25,
    "classification": "Extreme Fear"
  },
  "usd_thb": 31.49
}