{
  "ts": "2025-12-01T00:57:23.005Z",
  "xauusd": 4234.100098,
  "xagusd": 57.502998,
  "fng": {
    "value": 24,
    "classification": "Extreme Fear"
  },
  "usd_thb": 32
}