{
  "ts": "2025-10-09T02:21:13.580Z",
  "xauusd": 4012.100098,
  "xagusd": 48.789001,
  "fng": {
    "value": 70,
    "classification": "Greed"
  },
  "usd_thb": 32.6
}