{
  "ts": "2025-10-15T09:38:45.985Z",
  "xauusd": 4190.799805,
  "xagusd": 52.787998,
  "fng": {
    "value": 34,
    "classification": "Fear"
  },
  "usd_thb": 32.53
}