{
  "ts": "2026-01-12T15:17:27.866Z",
  "xauusd": 4617.299805,
  "xagusd": 85.425003,
  "fng": {
    "value": 27,
    "classification": "Fear"
  },
  "usd_thb": 31.14
}