{
  "ts": "2025-09-10T14:10:06.895Z",
  "xauusd": 3653.899902,
  "xagusd": 41.279999,
  "fng": {
    "value": 49,
    "classification": "Neutral"
  },
  "usd_thb": 31.75
}