{
  "ts": "2026-04-27T21:39:22.658Z",
  "xauusd": 4683.200195,
  "xagusd": 75.637001,
  "fng": {
    "value": 47,
    "classification": "Neutral"
  },
  "usd_thb": 32.31
}