{
  "ts": "2026-03-05T08:30:39.145Z",
  "xauusd": 5144.200195,
  "xagusd": 83.002998,
  "fng": {
    "value": 22,
    "classification": "Extreme Fear"
  },
  "usd_thb": 31.67
}