{
  "ts": "2026-01-29T14:07:30.684Z",
  "xauusd": 5514.700195,
  "xagusd": 120.174004,
  "fng": {
    "value": 26,
    "classification": "Fear"
  },
  "usd_thb": 31.23
}