{
  "ts": "2026-03-20T19:51:39.985Z",
  "xauusd": 4509.399902,
  "xagusd": 67.968002,
  "fng": {
    "value": 11,
    "classification": "Extreme Fear"
  },
  "usd_thb": 32.85
}