{
  "ts": "2025-10-15T23:50:09.028Z",
  "xauusd": 4209.700195,
  "xagusd": 53.073002,
  "fng": {
    "value": 34,
    "classification": "Fear"
  },
  "usd_thb": 32.51
}