{
  "ts": "2025-09-15T05:26:21.895Z",
  "xauusd": 3646.100098,
  "xagusd": 42.299999,
  "fng": {
    "value": 53,
    "classification": "Neutral"
  },
  "usd_thb": 31.75
}