{
  "ts": "2025-12-24T07:02:16.040Z",
  "xauusd": 4493.299805,
  "xagusd": 72.245003,
  "fng": {
    "value": 24,
    "classification": "Extreme Fear"
  },
  "usd_thb": 31.02
}