{
  "ts": "2025-08-19T10:40:05.726Z",
  "xauusd": 3344.300049,
  "xagusd": 38.139999,
  "fng": {
    "value": 56,
    "classification": "Greed"
  },
  "usd_thb": 32.47
}