{
  "ts": "2025-12-16T15:36:11.385Z",
  "xauusd": 4327.200195,
  "xagusd": 63.580002,
  "fng": {
    "value": 11,
    "classification": "Extreme Fear"
  },
  "usd_thb": 31.42
}