{
  "ts": "2025-10-21T02:56:33.689Z",
  "xauusd": 4341.899902,
  "xagusd": 51.713001,
  "fng": {
    "value": 34,
    "classification": "Fear"
  },
  "usd_thb": 32.61
}