{
  "ts": "2025-08-26T15:58:37.912Z",
  "xauusd": 3388.699951,
  "xagusd": 38.700001,
  "fng": {
    "value": 48,
    "classification": "Neutral"
  },
  "usd_thb": 32.42
}