{
  "ts": "2025-09-10T07:12:04.011Z",
  "xauusd": 3645.800049,
  "xagusd": 41.179001,
  "fng": {
    "value": 49,
    "classification": "Neutral"
  },
  "usd_thb": 31.81
}