{
  "ts": "2025-11-28T04:13:51.627Z",
  "xauusd": 4187.299805,
  "xagusd": 53.676998,
  "fng": {
    "value": 25,
    "classification": "Extreme Fear"
  },
  "usd_thb": 32.16
}