{
  "ts": "2025-12-19T19:44:16.373Z",
  "xauusd": 4348.299805,
  "xagusd": 67.321999,
  "fng": {
    "value": 16,
    "classification": "Extreme Fear"
  },
  "usd_thb": 31.41
}