{
  "ts": "2025-09-01T09:59:10.304Z",
  "xauusd": 3470.399902,
  "xagusd": 40.585999,
  "fng": {
    "value": 46,
    "classification": "Fear"
  },
  "usd_thb": 32.32
}