{
  "ts": "2025-09-10T07:48:44.455Z",
  "xauusd": 3646.199951,
  "xagusd": 41.206001,
  "fng": {
    "value": 49,
    "classification": "Neutral"
  },
  "usd_thb": 31.8
}