{
  "ts": "2026-04-27T23:30:13.032Z",
  "xauusd": 4691.700195,
  "xagusd": 76.072998,
  "fng": {
    "value": 47,
    "classification": "Neutral"
  },
  "usd_thb": 32.35
}