{
  "ts": "2025-11-19T09:42:05.197Z",
  "xauusd": 4091.100098,
  "xagusd": 51.591999,
  "fng": {
    "value": 15,
    "classification": "Extreme Fear"
  },
  "usd_thb": 32.42
}