{
  "ts": "2025-12-09T18:00:26.924Z",
  "xauusd": 4204.100098,
  "xagusd": 60.251999,
  "fng": {
    "value": 22,
    "classification": "Extreme Fear"
  },
  "usd_thb": 31.86
}