{
  "ts": "2025-12-03T21:31:33.604Z",
  "xauusd": 4208.100098,
  "xagusd": 58.514999,
  "fng": {
    "value": 28,
    "classification": "Fear"
  },
  "usd_thb": 31.91
}