{
  "ts": "2026-01-14T03:15:36.905Z",
  "xauusd": 4620.399902,
  "xagusd": 89.865997,
  "fng": {
    "value": 48,
    "classification": "Neutral"
  },
  "usd_thb": 31.39
}