{
  "ts": "2026-01-05T10:36:48.331Z",
  "xauusd": 4438.200195,
  "xagusd": 76.345001,
  "fng": {
    "value": 26,
    "classification": "Fear"
  },
  "usd_thb": 31.29
}