{
  "ts": "2025-08-28T22:44:49.437Z",
  "xauusd": 3417.399902,
  "xagusd": 39.124001,
  "fng": {
    "value": 48,
    "classification": "Neutral"
  },
  "usd_thb": 32.28
}