{
  "ts": "2025-12-31T17:56:06.673Z",
  "xauusd": 4325.899902,
  "xagusd": 71.382004,
  "fng": {
    "value": 21,
    "classification": "Extreme Fear"
  },
  "usd_thb": 31.45
}