{
  "ts": "2025-09-18T05:14:30.400Z",
  "xauusd": 3653.100098,
  "xagusd": 41.473999,
  "fng": {
    "value": 52,
    "classification": "Neutral"
  },
  "usd_thb": 31.87
}