{
  "ts": "2025-10-13T09:53:00.654Z",
  "xauusd": 4076.100098,
  "xagusd": 51.375999,
  "fng": {
    "value": 38,
    "classification": "Fear"
  },
  "usd_thb": 32.53
}