{
  "ts": "2025-09-18T05:51:39.645Z",
  "xauusd": 3654.800049,
  "xagusd": 41.470001,
  "fng": {
    "value": 52,
    "classification": "Neutral"
  },
  "usd_thb": 31.87
}