{
  "ts": "2025-12-29T07:33:32.959Z",
  "xauusd": 4473.299805,
  "xagusd": 76.019997,
  "fng": {
    "value": 24,
    "classification": "Extreme Fear"
  },
  "usd_thb": 29.43
}