{
  "ts": "2025-10-13T17:28:34.228Z",
  "xauusd": 4113.700195,
  "xagusd": 51.901001,
  "fng": {
    "value": 38,
    "classification": "Fear"
  },
  "usd_thb": 32.53
}