{
  "ts": "2026-01-06T14:11:42.266Z",
  "xauusd": 4472.299805,
  "xagusd": 79.272003,
  "fng": {
    "value": 44,
    "classification": "Fear"
  },
  "usd_thb": 31.25
}