{
  "ts": "2025-09-16T16:30:10.248Z",
  "xauusd": 3689.699951,
  "xagusd": 42.581001,
  "fng": {
    "value": 52,
    "classification": "Neutral"
  },
  "usd_thb": 31.69
}