{
  "ts": "2026-01-02T04:29:34.166Z",
  "xauusd": 4376.399902,
  "xagusd": 73.473999,
  "fng": {
    "value": 28,
    "classification": "Fear"
  },
  "usd_thb": 31.41
}