{
  "ts": "2026-06-01T07:16:42.166Z",
  "xauusd": 4508.799805,
  "xagusd": 75.971001,
  "fng": {
    "value": 29,
    "classification": "Fear"
  },
  "usd_thb": 32.53
}