{
  "ts": "2025-10-10T05:56:06.022Z",
  "xauusd": 3975.199951,
  "xagusd": 49.882999,
  "fng": {
    "value": 64,
    "classification": "Greed"
  },
  "usd_thb": 32.75
}