{
  "ts": "2025-08-21T05:35:24.653Z",
  "xauusd": 3339.800049,
  "xagusd": 37.950001,
  "fng": {
    "value": 50,
    "classification": "Neutral"
  },
  "usd_thb": 32.58
}