{
  "ts": "2025-09-11T11:42:10.023Z",
  "xauusd": 3620.800049,
  "xagusd": 41.110001,
  "fng": {
    "value": 54,
    "classification": "Neutral"
  },
  "usd_thb": 31.84
}