{
  "ts": "2025-10-13T14:49:30.312Z",
  "xauusd": 4100.600098,
  "xagusd": 52.021999,
  "fng": {
    "value": 38,
    "classification": "Fear"
  },
  "usd_thb": 32.53
}