{
  "ts": "2025-09-26T03:55:54.512Z",
  "xauusd": 3745.899902,
  "xagusd": 44.830002,
  "fng": {
    "value": 28,
    "classification": "Fear"
  },
  "usd_thb": 32.23
}