{
  "ts": "2025-08-19T02:03:09.983Z",
  "xauusd": 3331.899902,
  "xagusd": 37.849998,
  "fng": {
    "value": 56,
    "classification": "Greed"
  },
  "usd_thb": 32.53
}