{
  "ts": "2026-03-04T23:19:43.887Z",
  "xauusd": 5151.799805,
  "xagusd": 83.682999,
  "fng": {
    "value": 10,
    "classification": "Extreme Fear"
  },
  "usd_thb": 31.49
}