{
  "ts": "2025-09-09T19:12:22.608Z",
  "xauusd": 3639.304932,
  "xagusd": 40.997002,
  "fng": {
    "value": 48,
    "classification": "Neutral"
  },
  "usd_thb": 31.76
}