{
  "ts": "2025-12-02T09:02:24.248Z",
  "xauusd": 4211.600098,
  "xagusd": 57.133999,
  "fng": {
    "value": 23,
    "classification": "Extreme Fear"
  },
  "usd_thb": 31.99
}