{
  "ts": "2026-06-07T23:44:06.435Z",
  "xauusd": 4340.100098,
  "xagusd": 68.030998,
  "fng": {
    "value": 12,
    "classification": "Extreme Fear"
  },
  "usd_thb": 32.81
}