{
  "ts": "2025-09-19T03:29:18.199Z",
  "xauusd": 3654.199951,
  "xagusd": 42.165001,
  "fng": {
    "value": 53,
    "classification": "Neutral"
  },
  "usd_thb": 31.87
}