{
  "ts": "2025-12-08T19:42:49.221Z",
  "xauusd": 4188.200195,
  "xagusd": 58.030998,
  "fng": {
    "value": 20,
    "classification": "Extreme Fear"
  },
  "usd_thb": 31.87
}