{
  "ts": "2025-08-27T23:26:25.765Z",
  "xauusd": 3399.100098,
  "xagusd": 38.640999,
  "fng": {
    "value": 51,
    "classification": "Neutral"
  },
  "usd_thb": 32.41
}