{
  "ts": "2025-10-22T06:21:00.310Z",
  "xauusd": 4138.799805,
  "xagusd": 49.154999,
  "fng": {
    "value": 25,
    "classification": "Extreme Fear"
  },
  "usd_thb": 32.8
}