{
  "ts": "2025-12-19T08:46:24.061Z",
  "xauusd": 4329.100098,
  "xagusd": 65.927002,
  "fng": {
    "value": 16,
    "classification": "Extreme Fear"
  },
  "usd_thb": 31.46
}