{
  "ts": "2025-10-27T09:42:06.285Z",
  "xauusd": 4044.199951,
  "xagusd": 47.872002,
  "fng": {
    "value": 51,
    "classification": "Neutral"
  },
  "usd_thb": 32.69
}