{
  "ts": "2026-04-15T22:22:57.934Z",
  "xauusd": 4800.100098,
  "xagusd": 79.382004,
  "fng": {
    "value": 23,
    "classification": "Extreme Fear"
  },
  "usd_thb": 32.03
}