{
  "ts": "2025-09-30T16:56:59.693Z",
  "xauusd": 3847.300049,
  "xagusd": 46.537998,
  "fng": {
    "value": 50,
    "classification": "Neutral"
  },
  "usd_thb": 32.46
}