{
  "ts": "2025-09-19T17:17:45.672Z",
  "xauusd": 3671.600098,
  "xagusd": 42.733002,
  "fng": {
    "value": 53,
    "classification": "Neutral"
  },
  "usd_thb": 31.81
}