{
  "ts": "2026-01-15T09:59:07.149Z",
  "xauusd": 4613.100098,
  "xagusd": 90.678001,
  "fng": {
    "value": 61,
    "classification": "Greed"
  },
  "usd_thb": 31.33
}