{
  "ts": "2025-08-15T14:37:44.559Z",
  "xauusd": 3342.600098,
  "xagusd": 37.900002,
  "fng": {
    "value": 60,
    "classification": "Greed"
  },
  "usd_thb": 32.46
}