{
  "ts": "2025-10-31T03:08:03.625Z",
  "xauusd": 4005.699951,
  "xagusd": 48.785999,
  "fng": {
    "value": 29,
    "classification": "Fear"
  },
  "usd_thb": 32.31
}