{
  "ts": "2026-05-10T09:56:02.066Z",
  "xauusd": 4715.700195,
  "xagusd": 80.468002,
  "fng": {
    "value": 47,
    "classification": "Neutral"
  },
  "usd_thb": 32.15
}