{
  "ts": "2026-04-13T18:50:28.844Z",
  "xauusd": 4736.100098,
  "xagusd": 75.585999,
  "fng": {
    "value": 12,
    "classification": "Extreme Fear"
  },
  "usd_thb": 32.01
}