{
  "ts": "2026-01-07T12:53:18.472Z",
  "xauusd": 4454.100098,
  "xagusd": 79.161003,
  "fng": {
    "value": 42,
    "classification": "Fear"
  },
  "usd_thb": 31.28
}