{
  "ts": "2025-09-19T08:30:03.576Z",
  "xauusd": 3653.300049,
  "xagusd": 42.198002,
  "fng": {
    "value": 53,
    "classification": "Neutral"
  },
  "usd_thb": 31.83
}