{
  "ts": "2026-04-17T17:30:41.830Z",
  "xauusd": 4859.700195,
  "xagusd": 81.623001,
  "fng": {
    "value": 21,
    "classification": "Extreme Fear"
  },
  "usd_thb": 31.83
}