{
  "ts": "2025-11-05T06:35:23.499Z",
  "xauusd": 3971.300049,
  "xagusd": 47.832001,
  "fng": {
    "value": 23,
    "classification": "Extreme Fear"
  },
  "usd_thb": 32.54
}