{
  "ts": "2025-11-04T22:54:09.362Z",
  "xauusd": 3933.100098,
  "xagusd": 47.203999,
  "fng": {
    "value": 21,
    "classification": "Extreme Fear"
  },
  "usd_thb": 32.57
}