{
  "ts": "2026-06-04T23:01:03.263Z",
  "xauusd": 4470.600098,
  "xagusd": 74.035004,
  "fng": {
    "value": 12,
    "classification": "Extreme Fear"
  },
  "usd_thb": 32.65
}