{
  "ts": "2025-10-27T05:59:12.692Z",
  "xauusd": 4081.399902,
  "xagusd": 48.349998,
  "fng": {
    "value": 51,
    "classification": "Neutral"
  },
  "usd_thb": 32.67
}