{
  "ts": "2026-03-16T06:53:26.587Z",
  "xauusd": 5009.700195,
  "xagusd": 79.827003,
  "fng": {
    "value": 23,
    "classification": "Extreme Fear"
  },
  "usd_thb": 32.51
}