{
  "ts": "2025-09-24T09:41:32.177Z",
  "xauusd": 3767.399902,
  "xagusd": 44.164001,
  "fng": {
    "value": 44,
    "classification": "Fear"
  },
  "usd_thb": 32.02
}