{
  "ts": "2025-10-16T06:45:26.604Z",
  "xauusd": 4221.600098,
  "xagusd": 53.025002,
  "fng": {
    "value": 28,
    "classification": "Fear"
  },
  "usd_thb": 32.59
}