{
  "ts": "2025-11-13T20:48:45.497Z",
  "xauusd": 4166.299805,
  "xagusd": 52.431999,
  "fng": {
    "value": 15,
    "classification": "Extreme Fear"
  },
  "usd_thb": 32.34
}