{
  "ts": "2025-10-23T10:59:27.218Z",
  "xauusd": 4107.399902,
  "xagusd": 49.091999,
  "fng": {
    "value": 27,
    "classification": "Fear"
  },
  "usd_thb": 32.81
}