{
  "ts": "2025-09-09T03:25:09.037Z",
  "xauusd": 3647.862549,
  "xagusd": 41.301998,
  "fng": {
    "value": 48,
    "classification": "Neutral"
  },
  "usd_thb": 31.65
}