{
  "ts": "2025-11-10T14:39:40.477Z",
  "xauusd": 4081.600098,
  "xagusd": 49.758999,
  "fng": {
    "value": 29,
    "classification": "Fear"
  },
  "usd_thb": 32.35
}