{
  "ts": "2025-11-06T21:58:22.301Z",
  "xauusd": 3978.300049,
  "xagusd": 48.068001,
  "fng": {
    "value": 27,
    "classification": "Fear"
  },
  "usd_thb": 32.4
}