{
  "ts": "2025-10-21T08:21:16.283Z",
  "xauusd": 4263.700195,
  "xagusd": 49.682999,
  "fng": {
    "value": 34,
    "classification": "Fear"
  },
  "usd_thb": 32.75
}