{
  "ts": "2025-12-26T08:33:02.917Z",
  "xauusd": 4517.399902,
  "xagusd": 74.910004,
  "fng": {
    "value": 20,
    "classification": "Extreme Fear"
  },
  "usd_thb": 30.98
}