{
  "ts": "2025-08-26T23:47:06.201Z",
  "xauusd": 3391.199951,
  "xagusd": 38.717999,
  "fng": {
    "value": 48,
    "classification": "Neutral"
  },
  "usd_thb": 32.45
}