{
  "ts": "2025-12-25T23:36:23.487Z",
  "xauusd": 4493.100098,
  "xagusd": 72.947998,
  "fng": {
    "value": 23,
    "classification": "Extreme Fear"
  },
  "usd_thb": 31
}