{
  "ts": "2026-02-05T19:56:56.677Z",
  "xauusd": 4831.100098,
  "xagusd": 74.815002,
  "fng": {
    "value": 12,
    "classification": "Extreme Fear"
  },
  "usd_thb": 31.73
}