{
  "ts": "2025-11-13T04:00:33.139Z",
  "xauusd": 4212.399902,
  "xagusd": 54.049999,
  "fng": {
    "value": 15,
    "classification": "Extreme Fear"
  },
  "usd_thb": 32.33
}