{
  "ts": "2025-11-09T09:58:56.891Z",
  "xauusd": 4001.600098,
  "xagusd": 48.345001,
  "fng": {
    "value": 22,
    "classification": "Extreme Fear"
  },
  "usd_thb": 32.12
}