{
  "ts": "2025-12-18T10:58:03.701Z",
  "xauusd": 4325.700195,
  "xagusd": 66.112999,
  "fng": {
    "value": 17,
    "classification": "Extreme Fear"
  },
  "usd_thb": 31.44
}