{
  "ts": "2025-12-05T00:52:17.118Z",
  "xauusd": 4205.399902,
  "xagusd": 57.088001,
  "fng": {
    "value": 28,
    "classification": "Fear"
  },
  "usd_thb": 32
}