{
  "ts": "2026-03-10T02:27:24.943Z",
  "xauusd": 5176.600098,
  "xagusd": 89.502998,
  "fng": {
    "value": 13,
    "classification": "Extreme Fear"
  },
  "usd_thb": 31.66
}