{
  "ts": "2026-02-20T15:50:14.293Z",
  "xauusd": 5052.399902,
  "xagusd": 82.592003,
  "fng": {
    "value": 7,
    "classification": "Extreme Fear"
  },
  "usd_thb": 31.12
}