{
  "ts": "2025-12-22T06:53:59.278Z",
  "xauusd": 4414.200195,
  "xagusd": 69.230003,
  "fng": {
    "value": 25,
    "classification": "Extreme Fear"
  },
  "usd_thb": 31.21
}