{
  "ts": "2026-01-08T11:12:09.408Z",
  "xauusd": 4429.399902,
  "xagusd": 75.681999,
  "fng": {
    "value": 28,
    "classification": "Fear"
  },
  "usd_thb": 31.34
}