{
  "ts": "2025-11-24T13:55:42.647Z",
  "xauusd": 4078.199951,
  "xagusd": 50.230999,
  "fng": {
    "value": 19,
    "classification": "Extreme Fear"
  },
  "usd_thb": 32.42
}