{
  "ts": "2025-08-19T07:41:37.654Z",
  "xauusd": 3339.600098,
  "xagusd": 38.049999,
  "fng": {
    "value": 56,
    "classification": "Greed"
  },
  "usd_thb": 32.51
}