{
  "ts": "2025-10-01T03:56:00.959Z",
  "xauusd": 3862.600098,
  "xagusd": 47.141998,
  "fng": {
    "value": 49,
    "classification": "Neutral"
  },
  "usd_thb": 32.53
}