{
  "ts": "2026-04-07T23:20:45.921Z",
  "xauusd": 4825.700195,
  "xagusd": 76.731003,
  "fng": {
    "value": 11,
    "classification": "Extreme Fear"
  },
  "usd_thb": 32.13
}