{
  "ts": "2025-08-14T13:46:28.590Z",
  "xauusd": 3349.300049,
  "xagusd": 38.303001,
  "fng": {
    "value": 75,
    "classification": "Greed"
  },
  "usd_thb": 32.44
}