{
  "ts": "2025-10-10T18:50:07.800Z",
  "xauusd": 3999.199951,
  "xagusd": 49.983002,
  "fng": {
    "value": 64,
    "classification": "Greed"
  },
  "usd_thb": 32.62
}