{
  "ts": "2025-09-14T22:49:25.222Z",
  "xauusd": 3642.100098,
  "xagusd": 42.178001,
  "fng": {
    "value": 55,
    "classification": "Greed"
  },
  "usd_thb": 31.71
}