{
  "ts": "2026-01-19T07:36:42.914Z",
  "xauusd": 4667.700195,
  "xagusd": 93.578003,
  "fng": {
    "value": 44,
    "classification": "Fear"
  },
  "usd_thb": 31.26
}