{
  "ts": "2025-11-07T16:28:35.732Z",
  "xauusd": 4008.100098,
  "xagusd": 48.523998,
  "fng": {
    "value": 24,
    "classification": "Extreme Fear"
  },
  "usd_thb": 32.39
}