{
  "ts": "2026-01-13T05:31:18.204Z",
  "xauusd": 4602.299805,
  "xagusd": 85.910004,
  "fng": {
    "value": 26,
    "classification": "Fear"
  },
  "usd_thb": 31.26
}