{
  "ts": "2026-03-31T18:05:18.647Z",
  "xauusd": 4655.799805,
  "xagusd": 75.003998,
  "fng": {
    "value": 11,
    "classification": "Extreme Fear"
  },
  "usd_thb": 32.63
}