{
  "ts": "2025-10-13T17:09:25.737Z",
  "xauusd": 4106.200195,
  "xagusd": 51.977001,
  "fng": {
    "value": 38,
    "classification": "Fear"
  },
  "usd_thb": 32.52
}