{
  "ts": "2026-02-04T21:48:58.522Z",
  "xauusd": 4963.299805,
  "xagusd": 88.192001,
  "fng": {
    "value": 14,
    "classification": "Extreme Fear"
  },
  "usd_thb": 31.68
}