{
  "ts": "2025-09-25T04:59:55.940Z",
  "xauusd": 3739.399902,
  "xagusd": 43.999001,
  "fng": {
    "value": 44,
    "classification": "Fear"
  },
  "usd_thb": 32.14
}