{
  "ts": "2026-01-05T17:12:36.124Z",
  "xauusd": 4438.299805,
  "xagusd": 76.660004,
  "fng": {
    "value": 26,
    "classification": "Fear"
  },
  "usd_thb": 31.26
}