{
  "ts": "2026-04-08T15:16:50.301Z",
  "xauusd": 4748.799805,
  "xagusd": 75.258003,
  "fng": {
    "value": 17,
    "classification": "Extreme Fear"
  },
  "usd_thb": 31.99
}