{
  "ts": "2025-11-18T05:46:37.529Z",
  "xauusd": 4023.800049,
  "xagusd": 49.905998,
  "fng": {
    "value": 11,
    "classification": "Extreme Fear"
  },
  "usd_thb": 32.45
}