{
  "ts": "2025-09-12T13:43:29.835Z",
  "xauusd": 3650.800049,
  "xagusd": 42.226002,
  "fng": {
    "value": 57,
    "classification": "Greed"
  },
  "usd_thb": 31.72
}