{
  "ts": "2025-09-10T21:11:41.977Z",
  "xauusd": 3641.199951,
  "xagusd": 41.200001,
  "fng": {
    "value": 49,
    "classification": "Neutral"
  },
  "usd_thb": 31.75
}