{
  "ts": "2025-09-22T14:44:16.520Z",
  "xauusd": 3718.800049,
  "xagusd": 43.627998,
  "fng": {
    "value": 45,
    "classification": "Fear"
  },
  "usd_thb": 31.81
}