{
  "ts": "2025-09-14T23:48:13.629Z",
  "xauusd": 3638.800049,
  "xagusd": 42.134998,
  "fng": {
    "value": 55,
    "classification": "Greed"
  },
  "usd_thb": 31.73
}