{
  "ts": "2026-01-04T23:42:10.815Z",
  "xauusd": 4364.100098,
  "xagusd": 73.278999,
  "fng": {
    "value": 25,
    "classification": "Extreme Fear"
  },
  "usd_thb": 31.57
}