{
  "ts": "2026-07-09T14:07:45.324Z",
  "xauusd": 4131.299805,
  "xagusd": 60.476002,
  "fng": {
    "value": 22,
    "classification": "Extreme Fear"
  },
  "usd_thb": 33.37
}