{
  "ts": "2025-12-02T10:40:32.975Z",
  "xauusd": 4189.399902,
  "xagusd": 57.063999,
  "fng": {
    "value": 23,
    "classification": "Extreme Fear"
  },
  "usd_thb": 32.03
}