{
  "ts": "2026-07-17T11:48:08.614Z",
  "xauusd": 3995.300049,
  "xagusd": 55.574001,
  "fng": {
    "value": 27,
    "classification": "Fear"
  },
  "usd_thb": 33.6
}