{
  "ts": "2025-09-01T22:10:58.406Z",
  "xauusd": 3479.100098,
  "xagusd": 40.726002,
  "fng": {
    "value": 46,
    "classification": "Fear"
  },
  "usd_thb": 32.29
}