{
  "ts": "2026-02-03T15:59:35.286Z",
  "xauusd": 4933.100098,
  "xagusd": 88.433998,
  "fng": {
    "value": 17,
    "classification": "Extreme Fear"
  },
  "usd_thb": 31.6
}