{
  "ts": "2025-10-22T10:41:05.929Z",
  "xauusd": 4066.199951,
  "xagusd": 48.603001,
  "fng": {
    "value": 25,
    "classification": "Extreme Fear"
  },
  "usd_thb": 32.86
}