{
  "ts": "2025-09-16T23:11:44.896Z",
  "xauusd": 3694.899902,
  "xagusd": 42.662998,
  "fng": {
    "value": 52,
    "classification": "Neutral"
  },
  "usd_thb": 31.66
}