{
  "ts": "2025-12-05T10:54:02.005Z",
  "xauusd": 4224.799805,
  "xagusd": 58.240002,
  "fng": {
    "value": 28,
    "classification": "Fear"
  },
  "usd_thb": 31.85
}