{
  "ts": "2026-06-01T21:53:51.148Z",
  "xauusd": 4486.100098,
  "xagusd": 74.990997,
  "fng": {
    "value": 29,
    "classification": "Fear"
  },
  "usd_thb": 32.64
}