{
  "ts": "2025-10-16T19:34:57.061Z",
  "xauusd": 4294.299805,
  "xagusd": 53.765999,
  "fng": {
    "value": 28,
    "classification": "Fear"
  },
  "usd_thb": 32.48
}