{
  "ts": "2025-11-05T08:58:12.710Z",
  "xauusd": 3984.100098,
  "xagusd": 47.980999,
  "fng": {
    "value": 23,
    "classification": "Extreme Fear"
  },
  "usd_thb": 32.55
}