{
  "ts": "2025-10-13T03:46:01.335Z",
  "xauusd": 4056.199951,
  "xagusd": 51.509998,
  "fng": {
    "value": 38,
    "classification": "Fear"
  },
  "usd_thb": 32.57
}