{
  "ts": "2025-08-29T08:11:16.509Z",
  "xauusd": 3412.699951,
  "xagusd": 38.984001,
  "fng": {
    "value": 50,
    "classification": "Neutral"
  },
  "usd_thb": 32.36
}