{
  "ts": "2025-11-12T04:11:59.219Z",
  "xauusd": 4106.200195,
  "xagusd": 50.988998,
  "fng": {
    "value": 24,
    "classification": "Extreme Fear"
  },
  "usd_thb": 32.52
}