{
  "ts": "2025-09-15T05:49:15.731Z",
  "xauusd": 3644.399902,
  "xagusd": 42.248001,
  "fng": {
    "value": 53,
    "classification": "Neutral"
  },
  "usd_thb": 31.75
}