{
  "ts": "2025-08-14T08:37:23.955Z",
  "xauusd": 3349.600098,
  "xagusd": 38.397999,
  "fng": {
    "value": 75,
    "classification": "Greed"
  },
  "usd_thb": 32.36
}