{
  "ts": "2025-10-06T11:09:49.671Z",
  "xauusd": 3940.399902,
  "xagusd": 48.563999,
  "fng": {
    "value": 71,
    "classification": "Greed"
  },
  "usd_thb": 32.46
}