{
  "ts": "2026-05-31T23:44:12.338Z",
  "xauusd": 4543.200195,
  "xagusd": 75.663002,
  "fng": {
    "value": 28,
    "classification": "Fear"
  },
  "usd_thb": 32.52
}