{
  "ts": "2025-10-09T16:17:11.833Z",
  "xauusd": 4016.100098,
  "xagusd": 50.064999,
  "fng": {
    "value": 70,
    "classification": "Greed"
  },
  "usd_thb": 32.71
}