{
  "ts": "2026-03-03T04:28:43.410Z",
  "xauusd": 5374.100098,
  "xagusd": 90.401001,
  "fng": {
    "value": 14,
    "classification": "Extreme Fear"
  },
  "usd_thb": 31.4
}