{
  "ts": "2026-06-25T19:22:27.479Z",
  "xauusd": 4039.899902,
  "xagusd": 58.282001,
  "fng": {
    "value": 12,
    "classification": "Extreme Fear"
  },
  "usd_thb": 33.35
}