{
  "ts": "2025-09-25T05:56:43.805Z",
  "xauusd": 3740.199951,
  "xagusd": 44.025002,
  "fng": {
    "value": 44,
    "classification": "Fear"
  },
  "usd_thb": 32.14
}