{
  "ts": "2026-06-11T04:50:40.163Z",
  "xauusd": 4084.399902,
  "xagusd": 64.101997,
  "fng": {
    "value": 12,
    "classification": "Extreme Fear"
  },
  "usd_thb": 32.9
}