{
  "ts": "2026-01-28T06:50:28.018Z",
  "xauusd": 5260.899902,
  "xagusd": 114.532997,
  "fng": {
    "value": 29,
    "classification": "Fear"
  },
  "usd_thb": 30.89
}