{
  "ts": "2026-03-13T15:07:46.837Z",
  "xauusd": 5056.700195,
  "xagusd": 81.309998,
  "fng": {
    "value": 15,
    "classification": "Extreme Fear"
  },
  "usd_thb": 32.29
}