{
  "ts": "2025-10-15T15:48:14.175Z",
  "xauusd": 4196.100098,
  "xagusd": 52.685001,
  "fng": {
    "value": 34,
    "classification": "Fear"
  },
  "usd_thb": 32.54
}