{
  "ts": "2025-09-08T18:12:47.367Z",
  "xauusd": 3634.300049,
  "xagusd": 41.310001,
  "fng": {
    "value": 51,
    "classification": "Neutral"
  },
  "usd_thb": 31.71
}