{
  "ts": "2025-12-17T19:10:34.512Z",
  "xauusd": 4338.100098,
  "xagusd": 66.447998,
  "fng": {
    "value": 16,
    "classification": "Extreme Fear"
  },
  "usd_thb": 31.46
}