{
  "ts": "2025-10-09T00:55:47.120Z",
  "xauusd": 4025.600098,
  "xagusd": 48.792999,
  "fng": {
    "value": 70,
    "classification": "Greed"
  },
  "usd_thb": 32.55
}