{
  "ts": "2025-08-14T20:39:53.871Z",
  "xauusd": 3335.800049,
  "xagusd": 38.049999,
  "fng": {
    "value": 75,
    "classification": "Greed"
  },
  "usd_thb": 32.46
}