{
  "ts": "2025-12-01T20:54:44.618Z",
  "xauusd": 4239.200195,
  "xagusd": 57.999001,
  "fng": {
    "value": 24,
    "classification": "Extreme Fear"
  },
  "usd_thb": 32.02
}