{
  "ts": "2025-10-27T23:55:29.371Z",
  "xauusd": 4000.899902,
  "xagusd": 47.040001,
  "fng": {
    "value": 51,
    "classification": "Neutral"
  },
  "usd_thb": 32.63
}