{
  "ts": "2025-12-05T18:37:06.692Z",
  "xauusd": 4214.899902,
  "xagusd": 58.630001,
  "fng": {
    "value": 28,
    "classification": "Fear"
  },
  "usd_thb": 31.88
}