{
  "ts": "2025-12-18T17:22:55.601Z",
  "xauusd": 4332.200195,
  "xagusd": 65.192001,
  "fng": {
    "value": 17,
    "classification": "Extreme Fear"
  },
  "usd_thb": 31.39
}