{
  "ts": "2025-10-17T04:58:29.890Z",
  "xauusd": 4372.799805,
  "xagusd": 54.477001,
  "fng": {
    "value": 22,
    "classification": "Extreme Fear"
  },
  "usd_thb": 32.54
}