{
  "ts": "2025-12-10T19:56:41.747Z",
  "xauusd": 4209.799805,
  "xagusd": 60.841999,
  "fng": {
    "value": 26,
    "classification": "Fear"
  },
  "usd_thb": 31.8
}