{
  "ts": "2025-12-31T16:42:56.936Z",
  "xauusd": 4322.899902,
  "xagusd": 71.633003,
  "fng": {
    "value": 21,
    "classification": "Extreme Fear"
  },
  "usd_thb": 31.42
}