{
  "ts": "2026-06-22T17:55:01.718Z",
  "xauusd": 4183.299805,
  "xagusd": 65.379997,
  "fng": {
    "value": 20,
    "classification": "Extreme Fear"
  },
  "usd_thb": 32.92
}