{
  "ts": "2025-09-15T04:24:05.898Z",
  "xauusd": 3646.399902,
  "xagusd": 42.339001,
  "fng": {
    "value": 53,
    "classification": "Neutral"
  },
  "usd_thb": 31.73
}