{
  "ts": "2025-10-09T17:44:08.752Z",
  "xauusd": 3961.199951,
  "xagusd": 48.910999,
  "fng": {
    "value": 70,
    "classification": "Greed"
  },
  "usd_thb": 32.84
}