{
  "ts": "2025-09-30T05:20:08.961Z",
  "xauusd": 3870.100098,
  "xagusd": 47.165001,
  "fng": {
    "value": 50,
    "classification": "Neutral"
  },
  "usd_thb": 32.32
}