{
  "ts": "2025-10-16T23:37:01.729Z",
  "xauusd": 4359.200195,
  "xagusd": 54.256001,
  "fng": {
    "value": 28,
    "classification": "Fear"
  },
  "usd_thb": 32.51
}