{
  "ts": "2026-01-20T17:02:01.265Z",
  "xauusd": 4752.100098,
  "xagusd": 94.148003,
  "fng": {
    "value": 32,
    "classification": "Fear"
  },
  "usd_thb": 31.01
}