{
  "ts": "2025-11-28T08:16:39.733Z",
  "xauusd": 4167.399902,
  "xagusd": 53.765999,
  "fng": {
    "value": 25,
    "classification": "Extreme Fear"
  },
  "usd_thb": 32.16
}