{
  "ts": "2025-10-06T18:51:44.709Z",
  "xauusd": 3961.300049,
  "xagusd": 48.762001,
  "fng": {
    "value": 71,
    "classification": "Greed"
  },
  "usd_thb": 32.38
}