{
  "ts": "2025-11-25T17:58:19.080Z",
  "xauusd": 4148.600098,
  "xagusd": 51.344002,
  "fng": {
    "value": 20,
    "classification": "Extreme Fear"
  },
  "usd_thb": 32.23
}