{
  "ts": "2026-02-05T08:54:46.403Z",
  "xauusd": 4910.700195,
  "xagusd": 79.686996,
  "fng": {
    "value": 12,
    "classification": "Extreme Fear"
  },
  "usd_thb": 31.72
}