{
  "ts": "2025-12-02T08:17:06.306Z",
  "xauusd": 4215.700195,
  "xagusd": 57.362999,
  "fng": {
    "value": 23,
    "classification": "Extreme Fear"
  },
  "usd_thb": 31.98
}