{
  "ts": "2026-04-10T05:38:51.150Z",
  "xauusd": 4769.299805,
  "xagusd": 76.330002,
  "fng": {
    "value": 16,
    "classification": "Extreme Fear"
  },
  "usd_thb": 32.14
}