{
  "ts": "2025-10-15T11:10:44.295Z",
  "xauusd": 4202.600098,
  "xagusd": 52.692001,
  "fng": {
    "value": 34,
    "classification": "Fear"
  },
  "usd_thb": 32.55
}