{
  "ts": "2025-10-02T15:16:09.758Z",
  "xauusd": 3837.899902,
  "xagusd": 46.294998,
  "fng": {
    "value": 64,
    "classification": "Greed"
  },
  "usd_thb": 32.5
}