{
  "ts": "2025-08-27T20:53:10.775Z",
  "xauusd": 3397.399902,
  "xagusd": 38.633999,
  "fng": {
    "value": 51,
    "classification": "Neutral"
  },
  "usd_thb": 32.4
}