{
  "ts": "2025-09-16T11:46:57.113Z",
  "xauusd": 3696.300049,
  "xagusd": 42.867001,
  "fng": {
    "value": 52,
    "classification": "Neutral"
  },
  "usd_thb": 31.69
}