{
  "ts": "2025-08-28T05:48:57.199Z",
  "xauusd": 3389.100098,
  "xagusd": 38.749001,
  "fng": {
    "value": 48,
    "classification": "Neutral"
  },
  "usd_thb": 32.43
}