{
  "ts": "2025-09-25T19:41:42.118Z",
  "xauusd": 3746.699951,
  "xagusd": 45.172001,
  "fng": {
    "value": 44,
    "classification": "Fear"
  },
  "usd_thb": 32.2
}