{
  "ts": "2025-10-03T14:53:49.412Z",
  "xauusd": 3878.699951,
  "xagusd": 47.904999,
  "fng": {
    "value": 63,
    "classification": "Greed"
  },
  "usd_thb": 32.34
}