{
  "ts": "2025-10-28T20:39:16.802Z",
  "xauusd": 3956.199951,
  "xagusd": 47.136002,
  "fng": {
    "value": 50,
    "classification": "Neutral"
  },
  "usd_thb": 32.34
}