{
  "ts": "2026-01-14T17:58:52.320Z",
  "xauusd": 4616.100098,
  "xagusd": 90.674004,
  "fng": {
    "value": 48,
    "classification": "Neutral"
  },
  "usd_thb": 31.35
}