{
  "ts": "2026-01-22T04:40:37.148Z",
  "xauusd": 4797.299805,
  "xagusd": 93.272003,
  "fng": {
    "value": 20,
    "classification": "Extreme Fear"
  },
  "usd_thb": 31.37
}