{
  "ts": "2025-09-30T10:15:43.016Z",
  "xauusd": 3804.100098,
  "xagusd": 46.096001,
  "fng": {
    "value": 50,
    "classification": "Neutral"
  },
  "usd_thb": 32.37
}