{
  "ts": "2026-01-06T04:51:59.548Z",
  "xauusd": 4467.600098,
  "xagusd": 78.678001,
  "fng": {
    "value": 44,
    "classification": "Fear"
  },
  "usd_thb": 31.2
}