{
  "ts": "2025-09-02T11:49:54.931Z",
  "xauusd": 3485.800049,
  "xagusd": 40.634998,
  "fng": {
    "value": 49,
    "classification": "Neutral"
  },
  "usd_thb": 32.38
}