{
  "ts": "2025-11-21T13:40:19.351Z",
  "xauusd": 4069.199951,
  "xagusd": 49.702999,
  "fng": {
    "value": 14,
    "classification": "Extreme Fear"
  },
  "usd_thb": 32.42
}