{
  "ts": "2025-10-22T17:21:57.879Z",
  "xauusd": 4052.800049,
  "xagusd": 48.198002,
  "fng": {
    "value": 25,
    "classification": "Extreme Fear"
  },
  "usd_thb": 32.79
}