{
  "ts": "2025-08-15T13:20:11.112Z",
  "xauusd": 3340.699951,
  "xagusd": 37.867001,
  "fng": {
    "value": 60,
    "classification": "Greed"
  },
  "usd_thb": 32.41
}