{
  "ts": "2025-09-15T08:12:56.951Z",
  "xauusd": 3644.300049,
  "xagusd": 42.275002,
  "fng": {
    "value": 53,
    "classification": "Neutral"
  },
  "usd_thb": 31.92
}