{
  "ts": "2025-11-21T19:25:49.355Z",
  "xauusd": 4090.300049,
  "xagusd": 50.462002,
  "fng": {
    "value": 14,
    "classification": "Extreme Fear"
  },
  "usd_thb": 32.39
}