{
  "ts": "2025-09-05T20:32:02.721Z",
  "xauusd": 3590.800049,
  "xagusd": 40.973999,
  "fng": {
    "value": 48,
    "classification": "Neutral"
  },
  "usd_thb": 32.09
}