{
  "ts": "2025-10-20T09:18:54.551Z",
  "xauusd": 4253.799805,
  "xagusd": 51.997002,
  "fng": {
    "value": 29,
    "classification": "Fear"
  },
  "usd_thb": 32.7
}