{
  "ts": "2025-11-17T05:19:54.949Z",
  "xauusd": 4071.199951,
  "xagusd": 50.752998,
  "fng": {
    "value": 14,
    "classification": "Extreme Fear"
  },
  "usd_thb": 32.41
}