{
  "ts": "2026-03-05T09:09:11.989Z",
  "xauusd": 5175.100098,
  "xagusd": 84.282997,
  "fng": {
    "value": 22,
    "classification": "Extreme Fear"
  },
  "usd_thb": 31.54
}