{
  "ts": "2025-10-17T05:54:59.269Z",
  "xauusd": 4368.799805,
  "xagusd": 54.450001,
  "fng": {
    "value": 22,
    "classification": "Extreme Fear"
  },
  "usd_thb": 32.55
}