{
  "ts": "2025-12-19T11:19:12.017Z",
  "xauusd": 4328.899902,
  "xagusd": 66.021004,
  "fng": {
    "value": 16,
    "classification": "Extreme Fear"
  },
  "usd_thb": 31.46
}