{
  "ts": "2026-01-05T03:06:36.901Z",
  "xauusd": 4412.899902,
  "xagusd": 75.940002,
  "fng": {
    "value": 26,
    "classification": "Fear"
  },
  "usd_thb": 31.39
}