{
  "ts": "2026-07-07T10:40:37.863Z",
  "xauusd": 4137.299805,
  "xagusd": 61.109001,
  "fng": {
    "value": 27,
    "classification": "Fear"
  },
  "usd_thb": 33.27
}