{
  "ts": "2025-09-18T17:54:57.475Z",
  "xauusd": 3644.300049,
  "xagusd": 41.841999,
  "fng": {
    "value": 52,
    "classification": "Neutral"
  },
  "usd_thb": 31.9
}