{
  "ts": "2026-01-02T11:28:17.020Z",
  "xauusd": 4399.100098,
  "xagusd": 74.564003,
  "fng": {
    "value": 28,
    "classification": "Fear"
  },
  "usd_thb": 31.39
}