{
  "ts": "2025-10-14T11:49:17.152Z",
  "xauusd": 4128.799805,
  "xagusd": 51.512001,
  "fng": {
    "value": 38,
    "classification": "Fear"
  },
  "usd_thb": 32.78
}