{
  "ts": "2025-09-30T05:46:02.146Z",
  "xauusd": 3868.699951,
  "xagusd": 47.188999,
  "fng": {
    "value": 50,
    "classification": "Neutral"
  },
  "usd_thb": 32.31
}