{
  "ts": "2026-03-06T10:58:21.085Z",
  "xauusd": 5089.700195,
  "xagusd": 83.047997,
  "fng": {
    "value": 18,
    "classification": "Extreme Fear"
  },
  "usd_thb": 31.89
}