{
  "ts": "2025-10-23T23:35:49.376Z",
  "xauusd": 4107.700195,
  "xagusd": 48.730999,
  "fng": {
    "value": 27,
    "classification": "Fear"
  },
  "usd_thb": 32.85
}