{
  "ts": "2025-12-17T17:14:16.845Z",
  "xauusd": 4335.899902,
  "xagusd": 66.420998,
  "fng": {
    "value": 16,
    "classification": "Extreme Fear"
  },
  "usd_thb": 31.46
}