{
  "ts": "2025-10-07T17:17:01.030Z",
  "xauusd": 3983.699951,
  "xagusd": 47.762001,
  "fng": {
    "value": 70,
    "classification": "Greed"
  },
  "usd_thb": 32.44
}