{
  "ts": "2025-08-23T23:56:39.111Z",
  "xauusd": 3373.300049,
  "xagusd": 38.949001,
  "fng": {
    "value": 60,
    "classification": "Greed"
  },
  "usd_thb": 32.24
}