{
  "ts": "2026-01-14T12:36:37.632Z",
  "xauusd": 4636.100098,
  "xagusd": 91.939003,
  "fng": {
    "value": 48,
    "classification": "Neutral"
  },
  "usd_thb": 31.32
}