{
  "ts": "2026-03-12T11:31:01.069Z",
  "xauusd": 5177.899902,
  "xagusd": 87.011002,
  "fng": {
    "value": 18,
    "classification": "Extreme Fear"
  },
  "usd_thb": 31.79
}