{
  "ts": "2025-09-19T01:51:37.061Z",
  "xauusd": 3637.800049,
  "xagusd": 41.803001,
  "fng": {
    "value": 53,
    "classification": "Neutral"
  },
  "usd_thb": 31.93
}