{
  "ts": "2025-10-24T04:46:59.902Z",
  "xauusd": 4109.899902,
  "xagusd": 48.386002,
  "fng": {
    "value": 30,
    "classification": "Fear"
  },
  "usd_thb": 32.79
}