{
  "ts": "2025-10-22T22:28:25.277Z",
  "xauusd": 4107.299805,
  "xagusd": 48.490002,
  "fng": {
    "value": 25,
    "classification": "Extreme Fear"
  },
  "usd_thb": 32.79
}