{
  "ts": "2025-12-15T05:43:43.893Z",
  "xauusd": 4340.899902,
  "xagusd": 62.889999,
  "fng": {
    "value": 16,
    "classification": "Extreme Fear"
  },
  "usd_thb": 31.45
}