{
  "ts": "2025-11-06T08:44:51.131Z",
  "xauusd": 4013.600098,
  "xagusd": 48.748001,
  "fng": {
    "value": 27,
    "classification": "Fear"
  },
  "usd_thb": 32.37
}