{
  "ts": "2025-12-18T14:57:59.488Z",
  "xauusd": 4327.299805,
  "xagusd": 65.452003,
  "fng": {
    "value": 17,
    "classification": "Extreme Fear"
  },
  "usd_thb": 31.44
}