{
  "ts": "2025-11-05T21:33:25.183Z",
  "xauusd": 3983.399902,
  "xagusd": 48.120998,
  "fng": {
    "value": 23,
    "classification": "Extreme Fear"
  },
  "usd_thb": 32.47
}