{
  "ts": "2025-11-12T16:30:58.468Z",
  "xauusd": 4188.100098,
  "xagusd": 53.140999,
  "fng": {
    "value": 24,
    "classification": "Extreme Fear"
  },
  "usd_thb": 32.36
}