{
  "ts": "2026-01-09T15:29:57.166Z",
  "xauusd": 4509.600098,
  "xagusd": 79.948997,
  "fng": {
    "value": 27,
    "classification": "Fear"
  },
  "usd_thb": 31.37
}