{
  "ts": "2025-10-24T09:43:49.344Z",
  "xauusd": 4070.100098,
  "xagusd": 48.242001,
  "fng": {
    "value": 30,
    "classification": "Fear"
  },
  "usd_thb": 32.72
}