{
  "ts": "2026-01-14T04:18:09.584Z",
  "xauusd": 4630.399902,
  "xagusd": 91.218002,
  "fng": {
    "value": 48,
    "classification": "Neutral"
  },
  "usd_thb": 31.31
}