{
  "ts": "2025-11-07T17:16:23.424Z",
  "xauusd": 4000.485107,
  "xagusd": 48.092499,
  "fng": {
    "value": 24,
    "classification": "Extreme Fear"
  },
  "usd_thb": 32.4
}