{
  "ts": "2025-10-15T07:34:09.733Z",
  "xauusd": 4201.899902,
  "xagusd": 52.678001,
  "fng": {
    "value": 34,
    "classification": "Fear"
  },
  "usd_thb": 32.47
}