{
  "ts": "2026-06-08T20:35:23.185Z",
  "xauusd": 4328.899902,
  "xagusd": 68.220001,
  "fng": {
    "value": 8,
    "classification": "Extreme Fear"
  },
  "usd_thb": 32.83
}