{
  "ts": "2026-01-05T23:35:56.696Z",
  "xauusd": 4442.399902,
  "xagusd": 76.213997,
  "fng": {
    "value": 26,
    "classification": "Fear"
  },
  "usd_thb": 31.28
}