{
  "ts": "2025-11-18T12:00:00.517Z",
  "xauusd": 4039.100098,
  "xagusd": 50.339001,
  "fng": {
    "value": 11,
    "classification": "Extreme Fear"
  },
  "usd_thb": 32.42
}