{
  "ts": "2025-10-20T13:59:17.250Z",
  "xauusd": 4310.899902,
  "xagusd": 52.147999,
  "fng": {
    "value": 29,
    "classification": "Fear"
  },
  "usd_thb": 32.65
}