{
  "ts": "2026-03-09T11:48:13.320Z",
  "xauusd": 5090.299805,
  "xagusd": 83.404999,
  "fng": {
    "value": 8,
    "classification": "Extreme Fear"
  },
  "usd_thb": 32.06
}