{
  "ts": "2026-05-14T10:01:39.759Z",
  "xauusd": 4700.600098,
  "xagusd": 87.334999,
  "fng": {
    "value": 34,
    "classification": "Fear"
  },
  "usd_thb": 32.31
}