{
  "ts": "2025-09-02T23:58:27.209Z",
  "xauusd": 3533.199951,
  "xagusd": 40.929001,
  "fng": {
    "value": 49,
    "classification": "Neutral"
  },
  "usd_thb": 32.34
}