{
  "ts": "2025-11-20T08:51:13.275Z",
  "xauusd": 4057.399902,
  "xagusd": 50.560001,
  "fng": {
    "value": 11,
    "classification": "Extreme Fear"
  },
  "usd_thb": 32.49
}