{
  "ts": "2025-10-10T21:54:07.634Z",
  "xauusd": 4018.399902,
  "xagusd": 50.008999,
  "fng": {
    "value": 64,
    "classification": "Greed"
  },
  "usd_thb": 32.71
}