{
  "ts": "2025-12-28T23:19:20.121Z",
  "xauusd": 4536.799805,
  "xagusd": 83.371002,
  "fng": {
    "value": 24,
    "classification": "Extreme Fear"
  },
  "usd_thb": 31.07
}