{
  "ts": "2025-12-07T23:11:56.994Z",
  "xauusd": 4203.100098,
  "xagusd": 58.429001,
  "fng": {
    "value": 20,
    "classification": "Extreme Fear"
  },
  "usd_thb": 31.79
}