{
  "ts": "2025-12-04T23:43:28.787Z",
  "xauusd": 4206.799805,
  "xagusd": 57.068001,
  "fng": {
    "value": 26,
    "classification": "Fear"
  },
  "usd_thb": 32.04
}