{
  "ts": "2026-01-16T05:44:04.072Z",
  "xauusd": 4607.100098,
  "xagusd": 91.485001,
  "fng": {
    "value": 49,
    "classification": "Neutral"
  },
  "usd_thb": 31.29
}