{
  "ts": "2025-12-11T19:18:37.421Z",
  "xauusd": 4273.700195,
  "xagusd": 63.828999,
  "fng": {
    "value": 29,
    "classification": "Fear"
  },
  "usd_thb": 31.63
}