{
  "ts": "2025-12-31T10:28:11.654Z",
  "xauusd": 4324.799805,
  "xagusd": 72.086998,
  "fng": {
    "value": 21,
    "classification": "Extreme Fear"
  },
  "usd_thb": 31.5
}