{
  "ts": "2026-02-25T14:13:48.061Z",
  "xauusd": 5189.899902,
  "xagusd": 90.879997,
  "fng": {
    "value": 11,
    "classification": "Extreme Fear"
  },
  "usd_thb": 31.08
}