{
  "ts": "2025-11-12T08:30:35.813Z",
  "xauusd": 4129.200195,
  "xagusd": 51.838001,
  "fng": {
    "value": 24,
    "classification": "Extreme Fear"
  },
  "usd_thb": 32.47
}