{
  "ts": "2025-12-05T11:42:51.133Z",
  "xauusd": 4222.700195,
  "xagusd": 58.212002,
  "fng": {
    "value": 28,
    "classification": "Fear"
  },
  "usd_thb": 31.86
}