{
  "ts": "2026-02-26T08:07:26.422Z",
  "xauusd": 5181.899902,
  "xagusd": 88.294998,
  "fng": {
    "value": 11,
    "classification": "Extreme Fear"
  },
  "usd_thb": 31.01
}