{
  "ts": "2025-08-21T11:12:40.062Z",
  "xauusd": 3328.300049,
  "xagusd": 37.619999,
  "fng": {
    "value": 50,
    "classification": "Neutral"
  },
  "usd_thb": 32.65
}