{
  "ts": "2025-12-08T07:53:58.240Z",
  "xauusd": 4208.399902,
  "xagusd": 58.321999,
  "fng": {
    "value": 20,
    "classification": "Extreme Fear"
  },
  "usd_thb": 31.84
}