{
  "ts": "2025-09-05T16:42:51.901Z",
  "xauusd": 3594.800049,
  "xagusd": 41.040001,
  "fng": {
    "value": 48,
    "classification": "Neutral"
  },
  "usd_thb": 32.05
}