{
  "ts": "2025-10-20T19:27:13.783Z",
  "xauusd": 4366.100098,
  "xagusd": 52.436001,
  "fng": {
    "value": 29,
    "classification": "Fear"
  },
  "usd_thb": 32.52
}