{
  "ts": "2025-11-27T14:54:39.011Z",
  "xauusd": 4155.600098,
  "xagusd": 53.139999,
  "fng": {
    "value": 22,
    "classification": "Extreme Fear"
  },
  "usd_thb": 32.23
}