{
  "ts": "2025-11-21T14:51:55.482Z",
  "xauusd": 4069.300049,
  "xagusd": 49.643002,
  "fng": {
    "value": 14,
    "classification": "Extreme Fear"
  },
  "usd_thb": 32.45
}