{
  "ts": "2026-01-19T17:48:15.375Z",
  "xauusd": 4675.700195,
  "xagusd": 94.690002,
  "fng": {
    "value": 44,
    "classification": "Fear"
  },
  "usd_thb": 31.2
}