{
  "ts": "2025-11-28T07:32:54.954Z",
  "xauusd": 4183.799805,
  "xagusd": 54.007999,
  "fng": {
    "value": 25,
    "classification": "Extreme Fear"
  },
  "usd_thb": 32.14
}