{
  "ts": "2025-09-12T04:49:51.255Z",
  "xauusd": 3655.600098,
  "xagusd": 42.124001,
  "fng": {
    "value": 57,
    "classification": "Greed"
  },
  "usd_thb": 31.63
}