{
  "ts": "2025-08-16T08:10:42.579Z",
  "xauusd": 3336.899902,
  "xagusd": 38.049999,
  "fng": {
    "value": 56,
    "classification": "Greed"
  },
  "usd_thb": 32.42
}