{
  "ts": "2025-11-28T14:38:35.330Z",
  "xauusd": 4201.600098,
  "xagusd": 55.134998,
  "fng": {
    "value": 25,
    "classification": "Extreme Fear"
  },
  "usd_thb": 32.18
}