{
  "ts": "2025-09-19T03:58:14.165Z",
  "xauusd": 3654.199951,
  "xagusd": 42.321999,
  "fng": {
    "value": 53,
    "classification": "Neutral"
  },
  "usd_thb": 31.85
}