{
  "ts": "2025-08-22T15:52:30.045Z",
  "xauusd": 3369.699951,
  "xagusd": 38.964001,
  "fng": {
    "value": 50,
    "classification": "Neutral"
  },
  "usd_thb": 32.38
}