{
  "ts": "2025-10-23T11:21:50.404Z",
  "xauusd": 4115.899902,
  "xagusd": 49.228001,
  "fng": {
    "value": 27,
    "classification": "Fear"
  },
  "usd_thb": 32.8
}