{
  "ts": "2025-10-03T15:59:43.587Z",
  "xauusd": 3890.699951,
  "xagusd": 48.366001,
  "fng": {
    "value": 63,
    "classification": "Greed"
  },
  "usd_thb": 32.31
}