{
  "ts": "2025-11-07T15:41:01.092Z",
  "xauusd": 3991.399902,
  "xagusd": 48.294998,
  "fng": {
    "value": 24,
    "classification": "Extreme Fear"
  },
  "usd_thb": 32.32
}