{
  "ts": "2026-05-14T07:49:07.217Z",
  "xauusd": 4704.899902,
  "xagusd": 87.320999,
  "fng": {
    "value": 34,
    "classification": "Fear"
  },
  "usd_thb": 32.31
}