{
  "ts": "2026-03-03T10:08:29.739Z",
  "xauusd": 5278.299805,
  "xagusd": 84.335999,
  "fng": {
    "value": 14,
    "classification": "Extreme Fear"
  },
  "usd_thb": 31.67
}