{
  "ts": "2025-11-04T19:14:44.301Z",
  "xauusd": 3942.699951,
  "xagusd": 47.429001,
  "fng": {
    "value": 21,
    "classification": "Extreme Fear"
  },
  "usd_thb": 32.58
}