{
  "ts": "2026-04-17T16:37:52.499Z",
  "xauusd": 4873.100098,
  "xagusd": 82.573997,
  "fng": {
    "value": 21,
    "classification": "Extreme Fear"
  },
  "usd_thb": 31.77
}