{
  "ts": "2025-09-15T09:45:00.627Z",
  "xauusd": 3639.199951,
  "xagusd": 42.200001,
  "fng": {
    "value": 53,
    "classification": "Neutral"
  },
  "usd_thb": 31.87
}