{
  "ts": "2025-09-07T06:55:13.703Z",
  "xauusd": 3586.754883,
  "xagusd": 41.049999,
  "fng": {
    "value": 44,
    "classification": "Fear"
  },
  "usd_thb": 32.03
}