{
  "ts": "2025-12-26T10:47:50.827Z",
  "xauusd": 4515.200195,
  "xagusd": 75.091003,
  "fng": {
    "value": 20,
    "classification": "Extreme Fear"
  },
  "usd_thb": 31.01
}