{
  "ts": "2025-09-02T03:47:07.576Z",
  "xauusd": 3493.300049,
  "xagusd": 40.689999,
  "fng": {
    "value": 49,
    "classification": "Neutral"
  },
  "usd_thb": 32.26
}