{
  "ts": "2026-03-02T20:49:46.691Z",
  "xauusd": 5339.899902,
  "xagusd": 90.706001,
  "fng": {
    "value": 10,
    "classification": "Extreme Fear"
  },
  "usd_thb": 31.39
}