{
  "ts": "2026-02-26T09:03:11.570Z",
  "xauusd": 5179.700195,
  "xagusd": 87.551003,
  "fng": {
    "value": 11,
    "classification": "Extreme Fear"
  },
  "usd_thb": 31.02
}