{
  "ts": "2025-11-28T19:36:36.165Z",
  "xauusd": 4218.899902,
  "xagusd": 56.358002,
  "fng": {
    "value": 25,
    "classification": "Extreme Fear"
  },
  "usd_thb": 32.1
}