{
  "ts": "2026-07-21T14:48:55.276Z",
  "xauusd": 4068.100098,
  "xagusd": 59.118999,
  "fng": {
    "value": 25,
    "classification": "Extreme Fear"
  },
  "usd_thb": 33.68
}