{
  "ts": "2026-05-19T17:20:12.971Z",
  "xauusd": 4508.899902,
  "xagusd": 74.977997,
  "fng": {
    "value": 25,
    "classification": "Extreme Fear"
  },
  "usd_thb": 32.62
}