{
  "ts": "2026-03-20T08:55:17.654Z",
  "xauusd": 4692.200195,
  "xagusd": 73.105003,
  "fng": {
    "value": 11,
    "classification": "Extreme Fear"
  },
  "usd_thb": 32.66
}