{
  "ts": "2025-11-26T07:44:20.557Z",
  "xauusd": 4155.399902,
  "xagusd": 52.082001,
  "fng": {
    "value": 15,
    "classification": "Extreme Fear"
  },
  "usd_thb": 32.23
}