{
  "ts": "2025-09-01T13:08:05.953Z",
  "xauusd": 3471.199951,
  "xagusd": 40.689999,
  "fng": {
    "value": 46,
    "classification": "Fear"
  },
  "usd_thb": 32.3
}