{
  "ts": "2026-01-23T02:54:54.433Z",
  "xauusd": 4962.600098,
  "xagusd": 99.197998,
  "fng": {
    "value": 24,
    "classification": "Extreme Fear"
  },
  "usd_thb": 31.24
}