{
  "ts": "2026-05-12T07:34:13.970Z",
  "xauusd": 4697.700195,
  "xagusd": 84.269997,
  "fng": {
    "value": 49,
    "classification": "Neutral"
  },
  "usd_thb": 32.39
}