{
  "ts": "2026-04-14T03:37:20.267Z",
  "xauusd": 4767.899902,
  "xagusd": 76.846001,
  "fng": {
    "value": 21,
    "classification": "Extreme Fear"
  },
  "usd_thb": 32.06
}