{
  "ts": "2026-01-01T23:59:04.527Z",
  "xauusd": 4350.700195,
  "xagusd": 72.633003,
  "fng": {
    "value": 20,
    "classification": "Extreme Fear"
  },
  "usd_thb": 31.43
}