{
  "ts": "2025-09-02T20:13:36.806Z",
  "xauusd": 3537.199951,
  "xagusd": 40.939999,
  "fng": {
    "value": 49,
    "classification": "Neutral"
  },
  "usd_thb": 32.34
}