{
  "ts": "2025-10-14T20:24:57.417Z",
  "xauusd": 4146.100098,
  "xagusd": 51.653999,
  "fng": {
    "value": 38,
    "classification": "Fear"
  },
  "usd_thb": 32.67
}