{
  "ts": "2025-09-16T04:29:49.443Z",
  "xauusd": 3682.899902,
  "xagusd": 42.654999,
  "fng": {
    "value": 52,
    "classification": "Neutral"
  },
  "usd_thb": 31.71
}