{
  "ts": "2026-04-10T16:31:41.669Z",
  "xauusd": 4758.600098,
  "xagusd": 76.136002,
  "fng": {
    "value": 16,
    "classification": "Extreme Fear"
  },
  "usd_thb": 32.07
}