{
  "ts": "2025-09-22T23:21:43.184Z",
  "xauusd": 3743.600098,
  "xagusd": 44.081001,
  "fng": {
    "value": 45,
    "classification": "Fear"
  },
  "usd_thb": 31.8
}