{
  "ts": "2025-09-23T17:54:25.885Z",
  "xauusd": 3778.899902,
  "xagusd": 44.256001,
  "fng": {
    "value": 43,
    "classification": "Fear"
  },
  "usd_thb": 31.84
}