{
  "ts": "2025-11-11T10:27:11.027Z",
  "xauusd": 4144.200195,
  "xagusd": 51.006001,
  "fng": {
    "value": 26,
    "classification": "Fear"
  },
  "usd_thb": 32.38
}