{
  "ts": "2026-02-16T10:04:28.455Z",
  "xauusd": 5016.100098,
  "xagusd": 77.257004,
  "fng": {
    "value": 12,
    "classification": "Extreme Fear"
  },
  "usd_thb": 31.08
}