{
  "ts": "2026-03-27T17:06:41.714Z",
  "xauusd": 4510.299805,
  "xagusd": 70.276001,
  "fng": {
    "value": 13,
    "classification": "Extreme Fear"
  },
  "usd_thb": 32.89
}