{
  "ts": "2025-09-16T15:59:03.327Z",
  "xauusd": 3686.699951,
  "xagusd": 42.470001,
  "fng": {
    "value": 52,
    "classification": "Neutral"
  },
  "usd_thb": 31.69
}