{
  "ts": "2026-02-20T18:27:45.795Z",
  "xauusd": 5062.799805,
  "xagusd": 82.515999,
  "fng": {
    "value": 7,
    "classification": "Extreme Fear"
  },
  "usd_thb": 31.1
}