{
  "ts": "2026-04-07T05:43:45.222Z",
  "xauusd": 4635.299805,
  "xagusd": 72.167999,
  "fng": {
    "value": 11,
    "classification": "Extreme Fear"
  },
  "usd_thb": 32.6
}