{
  "ts": "2026-01-06T11:53:57.553Z",
  "xauusd": 4463.200195,
  "xagusd": 78.304001,
  "fng": {
    "value": 44,
    "classification": "Fear"
  },
  "usd_thb": 31.26
}