{
  "ts": "2025-08-27T19:08:37.763Z",
  "xauusd": 3396.600098,
  "xagusd": 38.619999,
  "fng": {
    "value": 51,
    "classification": "Neutral"
  },
  "usd_thb": 32.4
}