{
  "ts": "2026-05-20T21:22:52.652Z",
  "xauusd": 4545.100098,
  "xagusd": 75.995003,
  "fng": {
    "value": 27,
    "classification": "Fear"
  },
  "usd_thb": 32.56
}