{
  "ts": "2026-03-31T06:55:53.992Z",
  "xauusd": 4559.399902,
  "xagusd": 72.282997,
  "fng": {
    "value": 11,
    "classification": "Extreme Fear"
  },
  "usd_thb": 32.89
}