{
  "ts": "2025-09-19T18:34:30.123Z",
  "xauusd": 3682.800049,
  "xagusd": 43.026001,
  "fng": {
    "value": 53,
    "classification": "Neutral"
  },
  "usd_thb": 31.8
}