{
  "ts": "2025-09-29T17:54:02.144Z",
  "xauusd": 3829.800049,
  "xagusd": 46.932999,
  "fng": {
    "value": 50,
    "classification": "Neutral"
  },
  "usd_thb": 32.23
}