{
  "ts": "2025-10-30T05:58:22.780Z",
  "xauusd": 3962.800049,
  "xagusd": 47.768002,
  "fng": {
    "value": 34,
    "classification": "Fear"
  },
  "usd_thb": 32.46
}