{
  "ts": "2025-11-07T08:58:44.733Z",
  "xauusd": 4008.899902,
  "xagusd": 48.789001,
  "fng": {
    "value": 24,
    "classification": "Extreme Fear"
  },
  "usd_thb": 32.33
}