{
  "ts": "2025-11-26T20:49:19.344Z",
  "xauusd": 4166.600098,
  "xagusd": 53.391998,
  "fng": {
    "value": 15,
    "classification": "Extreme Fear"
  },
  "usd_thb": 32.21
}