{
  "ts": "2026-01-28T19:15:27.526Z",
  "xauusd": 5292.399902,
  "xagusd": 113.039001,
  "fng": {
    "value": 29,
    "classification": "Fear"
  },
  "usd_thb": 31.13
}