{
  "ts": "2026-02-22T23:14:18.092Z",
  "xauusd": 5141.100098,
  "xagusd": 86.061996,
  "fng": {
    "value": 9,
    "classification": "Extreme Fear"
  },
  "usd_thb": 31.05
}