{
  "ts": "2025-09-11T20:12:58.566Z",
  "xauusd": 3637.300049,
  "xagusd": 41.675999,
  "fng": {
    "value": 54,
    "classification": "Neutral"
  },
  "usd_thb": 31.68
}