{
  "ts": "2025-09-23T20:15:16.703Z",
  "xauusd": 3766.100098,
  "xagusd": 44.115002,
  "fng": {
    "value": 43,
    "classification": "Fear"
  },
  "usd_thb": 31.89
}