{
  "ts": "2025-08-14T22:56:14.513Z",
  "xauusd": 3333.399902,
  "xagusd": 38.050999,
  "fng": {
    "value": 75,
    "classification": "Greed"
  },
  "usd_thb": 32.45
}