{
  "ts": "2026-01-26T21:42:06.364Z",
  "xauusd": 5011.899902,
  "xagusd": 103.653999,
  "fng": {
    "value": 20,
    "classification": "Extreme Fear"
  },
  "usd_thb": 31.175
}