{
  "ts": "2025-11-13T18:53:34.655Z",
  "xauusd": 4158.700195,
  "xagusd": 52.426998,
  "fng": {
    "value": 15,
    "classification": "Extreme Fear"
  },
  "usd_thb": 32.36
}