{
  "ts": "2026-03-27T09:32:12.401Z",
  "xauusd": 4436.200195,
  "xagusd": 69.103996,
  "fng": {
    "value": 13,
    "classification": "Extreme Fear"
  },
  "usd_thb": 32.85
}