{
  "ts": "2025-12-16T20:55:08.115Z",
  "xauusd": 4304.600098,
  "xagusd": 63.617001,
  "fng": {
    "value": 11,
    "classification": "Extreme Fear"
  },
  "usd_thb": 31.42
}