{
  "ts": "2025-11-07T08:26:04.857Z",
  "xauusd": 4005.899902,
  "xagusd": 48.707001,
  "fng": {
    "value": 24,
    "classification": "Extreme Fear"
  },
  "usd_thb": 32.32
}