{
  "ts": "2026-01-12T16:36:49.996Z",
  "xauusd": 4622.600098,
  "xagusd": 86.192001,
  "fng": {
    "value": 27,
    "classification": "Fear"
  },
  "usd_thb": 31.13
}