{
  "ts": "2025-10-14T03:29:28.827Z",
  "xauusd": 4158.700195,
  "xagusd": 53.067001,
  "fng": {
    "value": 38,
    "classification": "Fear"
  },
  "usd_thb": 32.56
}