{
  "ts": "2025-09-05T11:23:11.696Z",
  "xauusd": 3553.399902,
  "xagusd": 40.834999,
  "fng": {
    "value": 48,
    "classification": "Neutral"
  },
  "usd_thb": 32.18
}