{
  "ts": "2025-12-08T22:33:50.161Z",
  "xauusd": 4191.600098,
  "xagusd": 58.200001,
  "fng": {
    "value": 20,
    "classification": "Extreme Fear"
  },
  "usd_thb": 31.87
}