{
  "ts": "2025-11-28T18:43:56.556Z",
  "xauusd": 4223.700195,
  "xagusd": 56.477001,
  "fng": {
    "value": 25,
    "classification": "Extreme Fear"
  },
  "usd_thb": 32.11
}