{
  "ts": "2026-02-12T04:35:34.211Z",
  "xauusd": 5056.299805,
  "xagusd": 83.485001,
  "fng": {
    "value": 5,
    "classification": "Extreme Fear"
  },
  "usd_thb": 31.03
}