{
  "ts": "2026-03-26T15:06:17.257Z",
  "xauusd": 4458.700195,
  "xagusd": 69.231003,
  "fng": {
    "value": 10,
    "classification": "Extreme Fear"
  },
  "usd_thb": 32.79
}