{
  "ts": "2026-01-09T04:07:47.812Z",
  "xauusd": 4464.899902,
  "xagusd": 76.703003,
  "fng": {
    "value": 27,
    "classification": "Fear"
  },
  "usd_thb": 31.38
}