{
  "ts": "2026-01-30T19:42:05.731Z",
  "xauusd": 4906.600098,
  "xagusd": 84.808998,
  "fng": {
    "value": 16,
    "classification": "Extreme Fear"
  },
  "usd_thb": 31.49
}