{
  "ts": "2025-09-05T18:46:30.957Z",
  "xauusd": 3594.600098,
  "xagusd": 40.995998,
  "fng": {
    "value": 48,
    "classification": "Neutral"
  },
  "usd_thb": 32.05
}