{
  "ts": "2025-12-29T12:46:10.439Z",
  "xauusd": 4463.399902,
  "xagusd": 75.329002,
  "fng": {
    "value": 24,
    "classification": "Extreme Fear"
  },
  "usd_thb": 31.42
}