{
  "ts": "2025-11-18T23:57:06.281Z",
  "xauusd": 4074.600098,
  "xagusd": 50.884998,
  "fng": {
    "value": 11,
    "classification": "Extreme Fear"
  },
  "usd_thb": 32.38
}