{
  "ts": "2025-10-16T22:27:44.972Z",
  "xauusd": 4364.899902,
  "xagusd": 54.276001,
  "fng": {
    "value": 28,
    "classification": "Fear"
  },
  "usd_thb": 32.5
}