{
  "ts": "2025-09-19T10:45:40.604Z",
  "xauusd": 3658.100098,
  "xagusd": 42.300999,
  "fng": {
    "value": 53,
    "classification": "Neutral"
  },
  "usd_thb": 31.83
}