{
  "ts": "2026-04-16T17:10:02.872Z",
  "xauusd": 4794.299805,
  "xagusd": 78.768997,
  "fng": {
    "value": 23,
    "classification": "Extreme Fear"
  },
  "usd_thb": 32.02
}