{
  "ts": "2025-10-07T18:55:15.955Z",
  "xauusd": 3983.600098,
  "xagusd": 47.745998,
  "fng": {
    "value": 70,
    "classification": "Greed"
  },
  "usd_thb": 32.45
}