{
  "ts": "2026-01-30T14:48:47.801Z",
  "xauusd": 5083.799805,
  "xagusd": 101.204002,
  "fng": {
    "value": 16,
    "classification": "Extreme Fear"
  },
  "usd_thb": 31.436
}