{
  "ts": "2025-10-10T20:53:11.604Z",
  "xauusd": 4017.199951,
  "xagusd": 50.349998,
  "fng": {
    "value": 64,
    "classification": "Greed"
  },
  "usd_thb": 32.67
}