{
  "ts": "2025-08-29T15:51:18.197Z",
  "xauusd": 3448.399902,
  "xagusd": 39.547001,
  "fng": {
    "value": 50,
    "classification": "Neutral"
  },
  "usd_thb": 32.31
}