{
  "ts": "2026-03-17T20:59:49.460Z",
  "xauusd": 5006.600098,
  "xagusd": 79.410004,
  "fng": {
    "value": 28,
    "classification": "Fear"
  },
  "usd_thb": 32.29
}