{
  "ts": "2025-09-03T03:59:25.712Z",
  "xauusd": 3531.899902,
  "xagusd": 40.734001,
  "fng": {
    "value": 55,
    "classification": "Greed"
  },
  "usd_thb": 32.43
}