{
  "ts": "2025-08-26T22:15:09.454Z",
  "xauusd": 3391.399902,
  "xagusd": 38.679001,
  "fng": {
    "value": 48,
    "classification": "Neutral"
  },
  "usd_thb": 32.44
}