{
  "ts": "2025-10-19T09:46:09.284Z",
  "xauusd": 4252.799805,
  "xagusd": 51.980999,
  "fng": {
    "value": 29,
    "classification": "Fear"
  },
  "usd_thb": 32.78
}