{
  "ts": "2026-02-25T08:27:45.133Z",
  "xauusd": 5192.299805,
  "xagusd": 90.949997,
  "fng": {
    "value": 11,
    "classification": "Extreme Fear"
  },
  "usd_thb": 31.02
}