{
  "ts": "2026-03-22T23:47:07.932Z",
  "xauusd": 4493.200195,
  "xagusd": 68.858002,
  "fng": {
    "value": 10,
    "classification": "Extreme Fear"
  },
  "usd_thb": 32.92
}