{
  "ts": "2026-02-06T21:47:31.947Z",
  "xauusd": 4960.600098,
  "xagusd": 77.886002,
  "fng": {
    "value": 9,
    "classification": "Extreme Fear"
  },
  "usd_thb": 31.48
}