{
  "ts": "2025-12-12T21:42:38.153Z",
  "xauusd": 4304.700195,
  "xagusd": 62.063999,
  "fng": {
    "value": 29,
    "classification": "Fear"
  },
  "usd_thb": 31.59
}