{
  "ts": "2025-10-28T07:54:30.746Z",
  "xauusd": 3934.199951,
  "xagusd": 46.533001,
  "fng": {
    "value": 50,
    "classification": "Neutral"
  },
  "usd_thb": 32.51
}