{
  "ts": "2026-05-05T11:40:34.963Z",
  "xauusd": 4557.700195,
  "xagusd": 73.776001,
  "fng": {
    "value": 50,
    "classification": "Neutral"
  },
  "usd_thb": 32.62
}