{
  "ts": "2025-08-27T11:28:49.788Z",
  "xauusd": 3375.699951,
  "xagusd": 38.318001,
  "fng": {
    "value": 51,
    "classification": "Neutral"
  },
  "usd_thb": 32.49
}