{
  "ts": "2025-10-06T06:17:19.532Z",
  "xauusd": 3926.100098,
  "xagusd": 48.521999,
  "fng": {
    "value": 71,
    "classification": "Greed"
  },
  "usd_thb": 32.37
}