{
  "ts": "2025-11-24T10:56:35.418Z",
  "xauusd": 4066.399902,
  "xagusd": 50.153999,
  "fng": {
    "value": 19,
    "classification": "Extreme Fear"
  },
  "usd_thb": 32.49
}