{
  "ts": "2025-11-03T17:44:41.258Z",
  "xauusd": 4006.699951,
  "xagusd": 48.417999,
  "fng": {
    "value": 42,
    "classification": "Fear"
  },
  "usd_thb": 32.49
}