{
  "ts": "2026-03-18T10:29:06.919Z",
  "xauusd": 4987.299805,
  "xagusd": 79.867996,
  "fng": {
    "value": 26,
    "classification": "Fear"
  },
  "usd_thb": 32.35
}