{
  "ts": "2025-12-02T11:44:15.693Z",
  "xauusd": 4199.200195,
  "xagusd": 57.332001,
  "fng": {
    "value": 23,
    "classification": "Extreme Fear"
  },
  "usd_thb": 32.03
}