{
  "ts": "2025-08-26T23:55:50.444Z",
  "xauusd": 3391.600098,
  "xagusd": 38.741001,
  "fng": {
    "value": 48,
    "classification": "Neutral"
  },
  "usd_thb": 32.42
}