{
  "ts": "2025-12-31T09:34:13.918Z",
  "xauusd": 4324.700195,
  "xagusd": 72.110001,
  "fng": {
    "value": 21,
    "classification": "Extreme Fear"
  },
  "usd_thb": 31.53
}