{
  "ts": "2025-10-13T03:59:30.062Z",
  "xauusd": 4053.100098,
  "xagusd": 51.349998,
  "fng": {
    "value": 38,
    "classification": "Fear"
  },
  "usd_thb": 32.62
}