{
  "ts": "2025-12-22T14:53:48.232Z",
  "xauusd": 4425.399902,
  "xagusd": 69.016998,
  "fng": {
    "value": 25,
    "classification": "Extreme Fear"
  },
  "usd_thb": 31.14
}