{
  "ts": "2025-08-21T05:14:43.246Z",
  "xauusd": 3338.300049,
  "xagusd": 37.942001,
  "fng": {
    "value": 50,
    "classification": "Neutral"
  },
  "usd_thb": 32.58
}