{
  "ts": "2026-02-24T12:29:35.391Z",
  "xauusd": 5161.700195,
  "xagusd": 87.949997,
  "fng": {
    "value": 8,
    "classification": "Extreme Fear"
  },
  "usd_thb": 31.02
}