{
  "ts": "2026-03-18T09:28:36.997Z",
  "xauusd": 4992.600098,
  "xagusd": 79.867996,
  "fng": {
    "value": 26,
    "classification": "Fear"
  },
  "usd_thb": 32.35
}