{
  "ts": "2025-12-14T23:54:26.882Z",
  "xauusd": 4307.299805,
  "xagusd": 62.106998,
  "fng": {
    "value": 21,
    "classification": "Extreme Fear"
  },
  "usd_thb": 31.47
}