{
  "ts": "2025-09-25T18:36:49.921Z",
  "xauusd": 3752.600098,
  "xagusd": 44.941002,
  "fng": {
    "value": 44,
    "classification": "Fear"
  },
  "usd_thb": 32.24
}