{
  "ts": "2025-09-30T15:29:34.456Z",
  "xauusd": 3837.100098,
  "xagusd": 46.313999,
  "fng": {
    "value": 50,
    "classification": "Neutral"
  },
  "usd_thb": 32.43
}