{
  "ts": "2026-02-05T19:26:48.298Z",
  "xauusd": 4852.100098,
  "xagusd": 76.036003,
  "fng": {
    "value": 12,
    "classification": "Extreme Fear"
  },
  "usd_thb": 31.71
}