{
  "ts": "2025-10-03T20:42:04.188Z",
  "xauusd": 3885.699951,
  "xagusd": 47.998001,
  "fng": {
    "value": 63,
    "classification": "Greed"
  },
  "usd_thb": 32.34
}