{
  "ts": "2025-11-04T21:39:41.643Z",
  "xauusd": 3931.899902,
  "xagusd": 47.133999,
  "fng": {
    "value": 21,
    "classification": "Extreme Fear"
  },
  "usd_thb": 32.58
}