{
  "ts": "2025-12-09T20:16:29.581Z",
  "xauusd": 4215.700195,
  "xagusd": 60.776001,
  "fng": {
    "value": 22,
    "classification": "Extreme Fear"
  },
  "usd_thb": 31.83
}