{
  "ts": "2025-10-09T04:47:02.134Z",
  "xauusd": 4039.800049,
  "xagusd": 49.057999,
  "fng": {
    "value": 70,
    "classification": "Greed"
  },
  "usd_thb": 32.57
}