{
  "ts": "2025-10-28T19:46:54.330Z",
  "xauusd": 3957.399902,
  "xagusd": 47.115002,
  "fng": {
    "value": 50,
    "classification": "Neutral"
  },
  "usd_thb": 32.33
}