{
  "ts": "2025-12-17T21:50:58.833Z",
  "xauusd": 4341.899902,
  "xagusd": 66.356003,
  "fng": {
    "value": 16,
    "classification": "Extreme Fear"
  },
  "usd_thb": 31.47
}