{
  "ts": "2025-09-29T16:42:38.398Z",
  "xauusd": 3830.399902,
  "xagusd": 47.064999,
  "fng": {
    "value": 50,
    "classification": "Neutral"
  },
  "usd_thb": 32.2
}