{
  "ts": "2025-11-17T19:40:26.804Z",
  "xauusd": 4036.600098,
  "xagusd": 50.196999,
  "fng": {
    "value": 14,
    "classification": "Extreme Fear"
  },
  "usd_thb": 32.44
}