{
  "ts": "2025-10-09T22:31:37.901Z",
  "xauusd": 3973.199951,
  "xagusd": 49.186001,
  "fng": {
    "value": 70,
    "classification": "Greed"
  },
  "usd_thb": 32.77
}