{
  "ts": "2025-08-29T20:17:34.720Z",
  "xauusd": 3447.600098,
  "xagusd": 39.773998,
  "fng": {
    "value": 50,
    "classification": "Neutral"
  },
  "usd_thb": 32.29
}