{
  "ts": "2025-08-31T22:53:19.548Z",
  "xauusd": 3450.699951,
  "xagusd": 39.692001,
  "fng": {
    "value": 48,
    "classification": "Neutral"
  },
  "usd_thb": 32.34
}