{
  "ts": "2025-10-29T09:57:00.063Z",
  "xauusd": 4028.399902,
  "xagusd": 48.405998,
  "fng": {
    "value": 51,
    "classification": "Neutral"
  },
  "usd_thb": 32.26
}