{
  "ts": "2026-01-19T11:51:32.019Z",
  "xauusd": 4663.399902,
  "xagusd": 93.124001,
  "fng": {
    "value": 44,
    "classification": "Fear"
  },
  "usd_thb": 31.262
}