{
  "ts": "2025-12-15T07:30:52.609Z",
  "xauusd": 4345.700195,
  "xagusd": 63.379002,
  "fng": {
    "value": 16,
    "classification": "Extreme Fear"
  },
  "usd_thb": 31.46
}