{
  "ts": "2025-09-29T03:53:38.960Z",
  "xauusd": 3796.399902,
  "xagusd": 46.908001,
  "fng": {
    "value": 50,
    "classification": "Neutral"
  },
  "usd_thb": 32.22
}