{
  "ts": "2026-02-09T13:04:45.764Z",
  "xauusd": 5019.899902,
  "xagusd": 80.483002,
  "fng": {
    "value": 14,
    "classification": "Extreme Fear"
  },
  "usd_thb": 31.17
}