{
  "ts": "2025-09-24T18:14:47.871Z",
  "xauusd": 3730.800049,
  "xagusd": 43.832001,
  "fng": {
    "value": 44,
    "classification": "Fear"
  },
  "usd_thb": 32.11
}