{
  "ts": "2025-09-09T15:57:22.294Z",
  "xauusd": 3643.699951,
  "xagusd": 40.919998,
  "fng": {
    "value": 48,
    "classification": "Neutral"
  },
  "usd_thb": 31.82
}