{
  "ts": "2025-10-07T04:57:31.064Z",
  "xauusd": 3977.199951,
  "xagusd": 48.636002,
  "fng": {
    "value": 70,
    "classification": "Greed"
  },
  "usd_thb": 32.43
}