{
  "ts": "2026-01-14T13:26:12.209Z",
  "xauusd": 4634.899902,
  "xagusd": 91.961998,
  "fng": {
    "value": 48,
    "classification": "Neutral"
  },
  "usd_thb": 31.33
}