{
  "ts": "2025-10-14T10:14:41.715Z",
  "xauusd": 4128.700195,
  "xagusd": 51.244999,
  "fng": {
    "value": 38,
    "classification": "Fear"
  },
  "usd_thb": 32.79
}