{
  "ts": "2026-04-23T23:01:51.324Z",
  "xauusd": 4696.299805,
  "xagusd": 75.608002,
  "fng": {
    "value": 46,
    "classification": "Fear"
  },
  "usd_thb": 32.42
}