{
  "ts": "2026-04-06T06:10:19.154Z",
  "xauusd": 4659.200195,
  "xagusd": 72.329002,
  "fng": {
    "value": 13,
    "classification": "Extreme Fear"
  },
  "usd_thb": 32.55
}