{
  "ts": "2025-09-21T23:19:13.309Z",
  "xauusd": 3688.399902,
  "xagusd": 43.092999,
  "fng": {
    "value": 49,
    "classification": "Neutral"
  },
  "usd_thb": 31.91
}