{
  "ts": "2026-01-30T16:30:22.287Z",
  "xauusd": 5001.899902,
  "xagusd": 96.077003,
  "fng": {
    "value": 16,
    "classification": "Extreme Fear"
  },
  "usd_thb": 31.49
}