{
  "ts": "2025-09-30T20:40:14.127Z",
  "xauusd": 3859.199951,
  "xagusd": 46.728001,
  "fng": {
    "value": 50,
    "classification": "Neutral"
  },
  "usd_thb": 32.45
}