{
  "ts": "2025-08-18T18:54:54.344Z",
  "xauusd": 3332.600098,
  "xagusd": 38.066002,
  "fng": {
    "value": 60,
    "classification": "Greed"
  },
  "usd_thb": 32.5
}