{
  "ts": "2025-11-18T03:31:01.985Z",
  "xauusd": 4014.800049,
  "xagusd": 49.831001,
  "fng": {
    "value": 11,
    "classification": "Extreme Fear"
  },
  "usd_thb": 32.46
}