{
  "ts": "2026-05-07T19:08:17.851Z",
  "xauusd": 4708.600098,
  "xagusd": 79.276001,
  "fng": {
    "value": 47,
    "classification": "Neutral"
  },
  "usd_thb": 32.22
}