{
  "ts": "2026-01-22T09:40:51.434Z",
  "xauusd": 4822.399902,
  "xagusd": 93.788002,
  "fng": {
    "value": 20,
    "classification": "Extreme Fear"
  },
  "usd_thb": 31.37
}