{
  "ts": "2026-05-20T19:39:40.793Z",
  "xauusd": 4547.700195,
  "xagusd": 76.191002,
  "fng": {
    "value": 27,
    "classification": "Fear"
  },
  "usd_thb": 32.55
}