{
  "ts": "2025-09-12T05:44:57.095Z",
  "xauusd": 3654.300049,
  "xagusd": 42.136002,
  "fng": {
    "value": 57,
    "classification": "Greed"
  },
  "usd_thb": 31.68
}