{
  "ts": "2025-10-10T19:19:07.262Z",
  "xauusd": 4004.399902,
  "xagusd": 49.998001,
  "fng": {
    "value": 64,
    "classification": "Greed"
  },
  "usd_thb": 32.66
}