{
  "ts": "2025-11-19T20:15:20.564Z",
  "xauusd": 4075.699951,
  "xagusd": 51.220001,
  "fng": {
    "value": 15,
    "classification": "Extreme Fear"
  },
  "usd_thb": 32.47
}