{
  "ts": "2025-08-14T16:13:36.346Z",
  "xauusd": 3336.300049,
  "xagusd": 38.029999,
  "fng": {
    "value": 75,
    "classification": "Greed"
  },
  "usd_thb": 32.5
}