{
  "ts": "2026-06-05T04:49:40.093Z",
  "xauusd": 4442.100098,
  "xagusd": 72.771004,
  "fng": {
    "value": 12,
    "classification": "Extreme Fear"
  },
  "usd_thb": 32.65
}