{
  "ts": "2025-11-06T13:55:58.414Z",
  "xauusd": 4015.300049,
  "xagusd": 48.577999,
  "fng": {
    "value": 27,
    "classification": "Fear"
  },
  "usd_thb": 32.33
}