{
  "ts": "2025-09-24T07:17:08.605Z",
  "xauusd": 3773.899902,
  "xagusd": 44.155998,
  "fng": {
    "value": 44,
    "classification": "Fear"
  },
  "usd_thb": 31.96
}