{
  "ts": "2025-11-13T23:20:45.506Z",
  "xauusd": 4181.600098,
  "xagusd": 52.492001,
  "fng": {
    "value": 15,
    "classification": "Extreme Fear"
  },
  "usd_thb": 32.33
}