{
  "ts": "2026-05-13T04:11:46.069Z",
  "xauusd": 4723.299805,
  "xagusd": 86.782997,
  "fng": {
    "value": 42,
    "classification": "Fear"
  },
  "usd_thb": 32.33
}