{
  "ts": "2026-02-09T06:16:03.252Z",
  "xauusd": 5034.799805,
  "xagusd": 82.175003,
  "fng": {
    "value": 14,
    "classification": "Extreme Fear"
  },
  "usd_thb": 31.21
}