{
  "ts": "2025-10-07T06:55:46.247Z",
  "xauusd": 3957.300049,
  "xagusd": 48.512001,
  "fng": {
    "value": 70,
    "classification": "Greed"
  },
  "usd_thb": 32.51
}