{
  "ts": "2025-09-26T09:38:01.837Z",
  "xauusd": 3748.399902,
  "xagusd": 45.073002,
  "fng": {
    "value": 28,
    "classification": "Fear"
  },
  "usd_thb": 32.21
}