{
  "ts": "2025-09-03T17:07:28.111Z",
  "xauusd": 3572.600098,
  "xagusd": 41.355999,
  "fng": {
    "value": 55,
    "classification": "Greed"
  },
  "usd_thb": 32.27
}