{
  "ts": "2026-01-02T09:13:58.964Z",
  "xauusd": 4389.799805,
  "xagusd": 74.492996,
  "fng": {
    "value": 28,
    "classification": "Fear"
  },
  "usd_thb": 31.36
}