{
  "ts": "2025-12-12T14:27:26.017Z",
  "xauusd": 4342.799805,
  "xagusd": 64.491997,
  "fng": {
    "value": 29,
    "classification": "Fear"
  },
  "usd_thb": 31.53
}