{
  "ts": "2025-12-09T02:48:23.448Z",
  "xauusd": 4189.799805,
  "xagusd": 58.240002,
  "fng": {
    "value": 22,
    "classification": "Extreme Fear"
  },
  "usd_thb": 31.88
}