{
  "ts": "2025-11-13T07:44:11.878Z",
  "xauusd": 4215.799805,
  "xagusd": 54.119999,
  "fng": {
    "value": 15,
    "classification": "Extreme Fear"
  },
  "usd_thb": 32.3
}