{
  "ts": "2026-01-27T17:50:31.910Z",
  "xauusd": 5079.799805,
  "xagusd": 106.543999,
  "fng": {
    "value": 29,
    "classification": "Fear"
  },
  "usd_thb": 31.006
}