{
  "ts": "2026-03-13T18:32:14.380Z",
  "xauusd": 5045.600098,
  "xagusd": 81.254997,
  "fng": {
    "value": 15,
    "classification": "Extreme Fear"
  },
  "usd_thb": 32.41
}