{
  "ts": "2026-01-29T20:55:26.527Z",
  "xauusd": 5391.200195,
  "xagusd": 116.531998,
  "fng": {
    "value": 26,
    "classification": "Fear"
  },
  "usd_thb": 31.289
}