{
  "ts": "2026-01-29T02:44:03.646Z",
  "xauusd": 5525.399902,
  "xagusd": 117.453003,
  "fng": {
    "value": 26,
    "classification": "Fear"
  },
  "usd_thb": 31.136
}