{
  "ts": "2025-10-09T23:58:41.830Z",
  "xauusd": 3989.600098,
  "xagusd": 49.311001,
  "fng": {
    "value": 70,
    "classification": "Greed"
  },
  "usd_thb": 32.79
}