{
  "ts": "2025-12-22T04:09:59.297Z",
  "xauusd": 4395.299805,
  "xagusd": 69.357002,
  "fng": {
    "value": 25,
    "classification": "Extreme Fear"
  },
  "usd_thb": 31.3
}