{
  "ts": "2025-09-18T23:40:41.925Z",
  "xauusd": 3639.899902,
  "xagusd": 41.771999,
  "fng": {
    "value": 52,
    "classification": "Neutral"
  },
  "usd_thb": 31.91
}