{
  "ts": "2025-10-16T15:54:02.784Z",
  "xauusd": 4274.700195,
  "xagusd": 53.948002,
  "fng": {
    "value": 28,
    "classification": "Fear"
  },
  "usd_thb": 32.5
}