{
  "ts": "2025-12-17T11:20:39.810Z",
  "xauusd": 4320.799805,
  "xagusd": 65.973999,
  "fng": {
    "value": 16,
    "classification": "Extreme Fear"
  },
  "usd_thb": 31.5
}