{
  "ts": "2025-09-17T04:40:44.260Z",
  "xauusd": 3682.300049,
  "xagusd": 42.029999,
  "fng": {
    "value": 53,
    "classification": "Neutral"
  },
  "usd_thb": 31.72
}