{
  "ts": "2025-08-14T11:14:00.232Z",
  "xauusd": 3356.300049,
  "xagusd": 38.380001,
  "fng": {
    "value": 75,
    "classification": "Greed"
  },
  "usd_thb": 32.37
}