{
  "ts": "2025-09-29T15:45:22.298Z",
  "xauusd": 3831.600098,
  "xagusd": 47.051998,
  "fng": {
    "value": 50,
    "classification": "Neutral"
  },
  "usd_thb": 32.2
}