{
  "ts": "2025-08-29T07:21:28.313Z",
  "xauusd": 3409.199951,
  "xagusd": 38.867001,
  "fng": {
    "value": 50,
    "classification": "Neutral"
  },
  "usd_thb": 32.35
}