{
  "ts": "2025-08-18T22:53:35.159Z",
  "xauusd": 3334.300049,
  "xagusd": 38.109001,
  "fng": {
    "value": 60,
    "classification": "Greed"
  },
  "usd_thb": 32.49
}