{
  "ts": "2025-09-26T11:37:54.368Z",
  "xauusd": 3753.100098,
  "xagusd": 45.207001,
  "fng": {
    "value": 28,
    "classification": "Fear"
  },
  "usd_thb": 32.26
}