{
  "ts": "2025-11-19T15:41:24.457Z",
  "xauusd": 4113.299805,
  "xagusd": 52.016998,
  "fng": {
    "value": 15,
    "classification": "Extreme Fear"
  },
  "usd_thb": 32.43
}