{
  "ts": "2025-10-29T11:09:59.353Z",
  "xauusd": 4027.399902,
  "xagusd": 48.248001,
  "fng": {
    "value": 51,
    "classification": "Neutral"
  },
  "usd_thb": 32.27
}