{
  "ts": "2026-03-09T19:49:22.693Z",
  "xauusd": 5133.700195,
  "xagusd": 86.227997,
  "fng": {
    "value": 8,
    "classification": "Extreme Fear"
  },
  "usd_thb": 31.71
}