{
  "ts": "2026-01-13T02:09:52.000Z",
  "xauusd": 4591.399902,
  "xagusd": 84.714996,
  "fng": {
    "value": 26,
    "classification": "Fear"
  },
  "usd_thb": 31.3
}