{
  "ts": "2025-10-16T18:54:46.683Z",
  "xauusd": 4292.799805,
  "xagusd": 53.969002,
  "fng": {
    "value": 28,
    "classification": "Fear"
  },
  "usd_thb": 32.49
}