{
  "ts": "2025-08-18T22:14:32.727Z",
  "xauusd": 3333.899902,
  "xagusd": 38.080002,
  "fng": {
    "value": 60,
    "classification": "Greed"
  },
  "usd_thb": 32.49
}