{
  "ts": "2025-12-15T17:51:02.079Z",
  "xauusd": 4306.299805,
  "xagusd": 63.620998,
  "fng": {
    "value": 16,
    "classification": "Extreme Fear"
  },
  "usd_thb": 31.49
}