{
  "ts": "2026-05-26T04:36:37.418Z",
  "xauusd": 4531.299805,
  "xagusd": 76.790001,
  "fng": {
    "value": 34,
    "classification": "Fear"
  },
  "usd_thb": 32.59
}