{
  "ts": "2025-11-27T08:51:13.191Z",
  "xauusd": 4167.100098,
  "xagusd": 53.876999,
  "fng": {
    "value": 22,
    "classification": "Extreme Fear"
  },
  "usd_thb": 32.19
}