{
  "ts": "2025-10-17T11:58:12.004Z",
  "xauusd": 4294.700195,
  "xagusd": 53.581001,
  "fng": {
    "value": 22,
    "classification": "Extreme Fear"
  },
  "usd_thb": 32.75
}