{
  "ts": "2025-08-21T13:43:20.613Z",
  "xauusd": 3346.199951,
  "xagusd": 38.103001,
  "fng": {
    "value": 50,
    "classification": "Neutral"
  },
  "usd_thb": 32.63
}