{
  "ts": "2025-08-19T19:55:36.615Z",
  "xauusd": 3317.300049,
  "xagusd": 37.335999,
  "fng": {
    "value": 56,
    "classification": "Greed"
  },
  "usd_thb": 32.58
}