{
  "ts": "2025-12-09T19:45:53.365Z",
  "xauusd": 4210.399902,
  "xagusd": 60.748001,
  "fng": {
    "value": 22,
    "classification": "Extreme Fear"
  },
  "usd_thb": 31.84
}