{
  "ts": "2025-10-21T07:35:51.331Z",
  "xauusd": 4305.399902,
  "xagusd": 51.256001,
  "fng": {
    "value": 34,
    "classification": "Fear"
  },
  "usd_thb": 32.61
}