{
  "ts": "2026-04-10T12:30:23.702Z",
  "xauusd": 4763.600098,
  "xagusd": 76.011002,
  "fng": {
    "value": 16,
    "classification": "Extreme Fear"
  },
  "usd_thb": 32.06
}