{
  "ts": "2025-11-18T11:29:41.877Z",
  "xauusd": 4048.699951,
  "xagusd": 50.532001,
  "fng": {
    "value": 11,
    "classification": "Extreme Fear"
  },
  "usd_thb": 32.41
}