{
  "ts": "2025-12-03T13:51:29.938Z",
  "xauusd": 4227.799805,
  "xagusd": 58.874001,
  "fng": {
    "value": 28,
    "classification": "Fear"
  },
  "usd_thb": 31.9
}