{
  "ts": "2025-10-13T11:59:15.517Z",
  "xauusd": 4076.199951,
  "xagusd": 51.560001,
  "fng": {
    "value": 38,
    "classification": "Fear"
  },
  "usd_thb": 32.53
}