{
  "ts": "2025-09-22T11:56:22.110Z",
  "xauusd": 3722.699951,
  "xagusd": 43.630001,
  "fng": {
    "value": 45,
    "classification": "Fear"
  },
  "usd_thb": 31.78
}