{
  "ts": "2025-12-15T23:13:40.472Z",
  "xauusd": 4307.799805,
  "xagusd": 64.140999,
  "fng": {
    "value": 16,
    "classification": "Extreme Fear"
  },
  "usd_thb": 31.46
}