{
  "ts": "2025-10-29T16:10:55.387Z",
  "xauusd": 3998.100098,
  "xagusd": 48.346001,
  "fng": {
    "value": 51,
    "classification": "Neutral"
  },
  "usd_thb": 32.31
}