{
  "ts": "2025-10-31T05:38:33.703Z",
  "xauusd": 4001.300049,
  "xagusd": 48.814999,
  "fng": {
    "value": 29,
    "classification": "Fear"
  },
  "usd_thb": 32.35
}