{
  "ts": "2025-12-04T23:52:32.526Z",
  "xauusd": 4205.799805,
  "xagusd": 57.053001,
  "fng": {
    "value": 26,
    "classification": "Fear"
  },
  "usd_thb": 32.03
}