{
  "ts": "2026-01-30T22:45:23.887Z",
  "xauusd": 4891.399902,
  "xagusd": 85.400002,
  "fng": {
    "value": 16,
    "classification": "Extreme Fear"
  },
  "usd_thb": 31.455
}