{
  "ts": "2025-09-19T14:34:07.920Z",
  "xauusd": 3665.199951,
  "xagusd": 42.491001,
  "fng": {
    "value": 53,
    "classification": "Neutral"
  },
  "usd_thb": 31.84
}