{
  "ts": "2025-12-26T05:47:28.895Z",
  "xauusd": 4513.399902,
  "xagusd": 74.947998,
  "fng": {
    "value": 20,
    "classification": "Extreme Fear"
  },
  "usd_thb": 30.96
}