{
  "ts": "2026-04-07T10:37:27.888Z",
  "xauusd": 4670.600098,
  "xagusd": 72.558998,
  "fng": {
    "value": 11,
    "classification": "Extreme Fear"
  },
  "usd_thb": 32.52
}