{
  "ts": "2025-09-24T07:42:22.135Z",
  "xauusd": 3779.199951,
  "xagusd": 44.256001,
  "fng": {
    "value": 44,
    "classification": "Fear"
  },
  "usd_thb": 31.93
}