{
  "ts": "2025-09-01T15:44:20.401Z",
  "xauusd": 3476.199951,
  "xagusd": 40.727001,
  "fng": {
    "value": 46,
    "classification": "Fear"
  },
  "usd_thb": 32.29
}