{
  "ts": "2025-10-06T17:42:14.071Z",
  "xauusd": 3955.600098,
  "xagusd": 48.664001,
  "fng": {
    "value": 71,
    "classification": "Greed"
  },
  "usd_thb": 32.37
}