{
  "ts": "2025-12-31T09:58:42.640Z",
  "xauusd": 4329.700195,
  "xagusd": 72.115997,
  "fng": {
    "value": 21,
    "classification": "Extreme Fear"
  },
  "usd_thb": 31.49
}