{
  "ts": "2025-08-29T20:32:47.708Z",
  "xauusd": 3450.800049,
  "xagusd": 39.740002,
  "fng": {
    "value": 50,
    "classification": "Neutral"
  },
  "usd_thb": 32.28
}