{
  "ts": "2026-02-05T13:44:40.710Z",
  "xauusd": 4830.799805,
  "xagusd": 76.592003,
  "fng": {
    "value": 12,
    "classification": "Extreme Fear"
  },
  "usd_thb": 31.75
}