{
  "ts": "2026-02-09T15:14:36.963Z",
  "xauusd": 5033.799805,
  "xagusd": 81.586998,
  "fng": {
    "value": 14,
    "classification": "Extreme Fear"
  },
  "usd_thb": 31.11
}