{
  "ts": "2025-12-24T14:39:15.370Z",
  "xauusd": 4475.799805,
  "xagusd": 71.649002,
  "fng": {
    "value": 24,
    "classification": "Extreme Fear"
  },
  "usd_thb": 31.02
}