{
  "ts": "2026-01-21T12:38:40.648Z",
  "xauusd": 4871.700195,
  "xagusd": 94.721001,
  "fng": {
    "value": 24,
    "classification": "Extreme Fear"
  },
  "usd_thb": 31.03
}