{
  "ts": "2025-11-21T10:26:11.088Z",
  "xauusd": 4042.600098,
  "xagusd": 48.891998,
  "fng": {
    "value": 14,
    "classification": "Extreme Fear"
  },
  "usd_thb": 32.49
}