{
  "ts": "2025-11-26T16:24:38.393Z",
  "xauusd": 4163.399902,
  "xagusd": 52.914001,
  "fng": {
    "value": 15,
    "classification": "Extreme Fear"
  },
  "usd_thb": 32.22
}