{
  "ts": "2025-09-29T09:38:49.444Z",
  "xauusd": 3812.800049,
  "xagusd": 46.967999,
  "fng": {
    "value": 50,
    "classification": "Neutral"
  },
  "usd_thb": 32.24
}