{
  "ts": "2025-10-02T05:37:13.041Z",
  "xauusd": 3868.199951,
  "xagusd": 47.445999,
  "fng": {
    "value": 64,
    "classification": "Greed"
  },
  "usd_thb": 32.45
}