{
  "ts": "2025-10-29T20:33:57.147Z",
  "xauusd": 3947.300049,
  "xagusd": 47.754002,
  "fng": {
    "value": 51,
    "classification": "Neutral"
  },
  "usd_thb": 32.4
}