{
  "ts": "2025-09-29T19:25:34.880Z",
  "xauusd": 3828.199951,
  "xagusd": 46.828999,
  "fng": {
    "value": 50,
    "classification": "Neutral"
  },
  "usd_thb": 32.21
}