{
  "ts": "2025-10-08T16:26:49.384Z",
  "xauusd": 4055.100098,
  "xagusd": 49.474998,
  "fng": {
    "value": 60,
    "classification": "Greed"
  },
  "usd_thb": 32.48
}