{
  "ts": "2025-12-26T16:42:25.316Z",
  "xauusd": 4543.100098,
  "xagusd": 76.348999,
  "fng": {
    "value": 20,
    "classification": "Extreme Fear"
  },
  "usd_thb": 30.96
}