{
  "ts": "2025-12-09T04:57:18.245Z",
  "xauusd": 4188.700195,
  "xagusd": 58.255001,
  "fng": {
    "value": 22,
    "classification": "Extreme Fear"
  },
  "usd_thb": 31.89
}