{
  "ts": "2025-09-03T23:29:40.406Z",
  "xauusd": 3559.800049,
  "xagusd": 41.058998,
  "fng": {
    "value": 55,
    "classification": "Greed"
  },
  "usd_thb": 32.27
}