{
  "ts": "2025-09-05T10:42:32.887Z",
  "xauusd": 3552.300049,
  "xagusd": 40.867001,
  "fng": {
    "value": 48,
    "classification": "Neutral"
  },
  "usd_thb": 32.16
}