{
  "ts": "2026-04-17T19:39:57.543Z",
  "xauusd": 4861.600098,
  "xagusd": 81.582001,
  "fng": {
    "value": 21,
    "classification": "Extreme Fear"
  },
  "usd_thb": 31.87
}