{
  "ts": "2025-09-16T21:10:28.369Z",
  "xauusd": 3690.699951,
  "xagusd": 42.620998,
  "fng": {
    "value": 52,
    "classification": "Neutral"
  },
  "usd_thb": 31.68
}