{
  "ts": "2025-11-19T13:53:02.581Z",
  "xauusd": 4109.899902,
  "xagusd": 51.846001,
  "fng": {
    "value": 15,
    "classification": "Extreme Fear"
  },
  "usd_thb": 32.41
}