{
  "ts": "2025-11-21T11:27:37.206Z",
  "xauusd": 4039.699951,
  "xagusd": 49.000999,
  "fng": {
    "value": 14,
    "classification": "Extreme Fear"
  },
  "usd_thb": 32.5
}