{
  "ts": "2025-09-16T10:56:13.503Z",
  "xauusd": 3695.899902,
  "xagusd": 42.758999,
  "fng": {
    "value": 52,
    "classification": "Neutral"
  },
  "usd_thb": 31.72
}