{
  "ts": "2025-12-11T17:56:25.152Z",
  "xauusd": 4279.299805,
  "xagusd": 64.036003,
  "fng": {
    "value": 29,
    "classification": "Fear"
  },
  "usd_thb": 31.62
}