{
  "ts": "2026-02-26T19:59:14.359Z",
  "xauusd": 5190.100098,
  "xagusd": 88.474998,
  "fng": {
    "value": 11,
    "classification": "Extreme Fear"
  },
  "usd_thb": 31.07
}