{
  "ts": "2025-12-22T23:38:12.720Z",
  "xauusd": 4457.100098,
  "xagusd": 69.286003,
  "fng": {
    "value": 25,
    "classification": "Extreme Fear"
  },
  "usd_thb": 31.12
}