{
  "ts": "2025-10-27T22:33:24.715Z",
  "xauusd": 3990.100098,
  "xagusd": 46.950001,
  "fng": {
    "value": 51,
    "classification": "Neutral"
  },
  "usd_thb": 32.68
}