{
  "ts": "2025-12-31T14:50:15.645Z",
  "xauusd": 4345.899902,
  "xagusd": 73.419998,
  "fng": {
    "value": 21,
    "classification": "Extreme Fear"
  },
  "usd_thb": 31.52
}