{
  "ts": "2025-09-04T03:59:59.270Z",
  "xauusd": 3528.100098,
  "xagusd": 40.752998,
  "fng": {
    "value": 51,
    "classification": "Neutral"
  },
  "usd_thb": 32.3
}