{
  "ts": "2026-04-02T11:28:22.610Z",
  "xauusd": 4623.600098,
  "xagusd": 71.098999,
  "fng": {
    "value": 12,
    "classification": "Extreme Fear"
  },
  "usd_thb": 32.77
}