{
  "ts": "2026-01-05T13:31:23.707Z",
  "xauusd": 4401.700195,
  "xagusd": 75.135002,
  "fng": {
    "value": 26,
    "classification": "Fear"
  },
  "usd_thb": 31.38
}