{
  "ts": "2025-09-04T13:45:48.655Z",
  "xauusd": 3550.600098,
  "xagusd": 40.830002,
  "fng": {
    "value": 51,
    "classification": "Neutral"
  },
  "usd_thb": 32.28
}