{
  "ts": "2026-04-21T11:43:47.150Z",
  "xauusd": 4794.700195,
  "xagusd": 79.250999,
  "fng": {
    "value": 33,
    "classification": "Fear"
  },
  "usd_thb": 32.03
}