{
  "ts": "2026-05-15T12:22:32.918Z",
  "xauusd": 4557.799805,
  "xagusd": 78.579002,
  "fng": {
    "value": 43,
    "classification": "Fear"
  },
  "usd_thb": 32.64
}