{
  "ts": "2025-11-20T18:59:35.796Z",
  "xauusd": 4062.600098,
  "xagusd": 50.380001,
  "fng": {
    "value": 11,
    "classification": "Extreme Fear"
  },
  "usd_thb": 32.42
}