{
  "ts": "2025-12-23T01:49:32.885Z",
  "xauusd": 4486.799805,
  "xagusd": 69.363998,
  "fng": {
    "value": 24,
    "classification": "Extreme Fear"
  },
  "usd_thb": 31.1
}