{
  "ts": "2025-10-31T12:53:25.204Z",
  "xauusd": 4028.100098,
  "xagusd": 49.119999,
  "fng": {
    "value": 29,
    "classification": "Fear"
  },
  "usd_thb": 32.29
}