{
  "ts": "2026-05-22T20:09:27.405Z",
  "xauusd": 4506.899902,
  "xagusd": 75.565002,
  "fng": {
    "value": 28,
    "classification": "Fear"
  },
  "usd_thb": 32.63
}