{
  "ts": "2026-03-25T21:59:16.035Z",
  "xauusd": 4507.299805,
  "xagusd": 71.380997,
  "fng": {
    "value": 14,
    "classification": "Extreme Fear"
  },
  "usd_thb": 32.42
}