{
  "ts": "2025-09-21T23:49:00.126Z",
  "xauusd": 3688.100098,
  "xagusd": 43.154999,
  "fng": {
    "value": 49,
    "classification": "Neutral"
  },
  "usd_thb": 31.87
}