{
  "ts": "2026-01-30T10:47:48.910Z",
  "xauusd": 5080.200195,
  "xagusd": 100.000999,
  "fng": {
    "value": 16,
    "classification": "Extreme Fear"
  },
  "usd_thb": 31.399
}