{
  "ts": "2026-03-02T12:26:29.189Z",
  "xauusd": 5395.399902,
  "xagusd": 95.272003,
  "fng": {
    "value": 10,
    "classification": "Extreme Fear"
  },
  "usd_thb": 31.44
}