{
  "ts": "2026-02-04T19:59:13.184Z",
  "xauusd": 4941.700195,
  "xagusd": 87.164001,
  "fng": {
    "value": 14,
    "classification": "Extreme Fear"
  },
  "usd_thb": 31.67
}