{
  "ts": "2026-03-17T18:37:53.261Z",
  "xauusd": 5004.600098,
  "xagusd": 79.626999,
  "fng": {
    "value": 28,
    "classification": "Fear"
  },
  "usd_thb": 32.22
}