{
  "ts": "2026-03-03T21:50:42.928Z",
  "xauusd": 5087.399902,
  "xagusd": 82.082001,
  "fng": {
    "value": 14,
    "classification": "Extreme Fear"
  },
  "usd_thb": 31.6
}