{
  "ts": "2025-10-29T03:19:18.290Z",
  "xauusd": 3962.300049,
  "xagusd": 47.495998,
  "fng": {
    "value": 51,
    "classification": "Neutral"
  },
  "usd_thb": 32.4
}