{
  "ts": "2025-09-03T20:13:27.864Z",
  "xauusd": 3564.699951,
  "xagusd": 41.240002,
  "fng": {
    "value": 55,
    "classification": "Greed"
  },
  "usd_thb": 32.26
}