{
  "ts": "2025-12-01T04:17:44.776Z",
  "xauusd": 4240.299805,
  "xagusd": 57.205002,
  "fng": {
    "value": 24,
    "classification": "Extreme Fear"
  },
  "usd_thb": 32.09
}