{
  "ts": "2025-09-16T07:48:20.471Z",
  "xauusd": 3688.800049,
  "xagusd": 42.733002,
  "fng": {
    "value": 52,
    "classification": "Neutral"
  },
  "usd_thb": 31.71
}