{
  "ts": "2025-10-03T19:52:50.886Z",
  "xauusd": 3889.699951,
  "xagusd": 48.106998,
  "fng": {
    "value": 63,
    "classification": "Greed"
  },
  "usd_thb": 32.28
}