{
  "ts": "2025-11-06T15:57:42.637Z",
  "xauusd": 3982.810059,
  "xagusd": 47.911999,
  "fng": {
    "value": 27,
    "classification": "Fear"
  },
  "usd_thb": 32.41
}