{
  "ts": "2026-03-10T17:26:39.794Z",
  "xauusd": 5228.899902,
  "xagusd": 89.468002,
  "fng": {
    "value": 13,
    "classification": "Extreme Fear"
  },
  "usd_thb": 31.37
}