{
  "ts": "2026-01-06T19:43:28.260Z",
  "xauusd": 4483.700195,
  "xagusd": 80.502998,
  "fng": {
    "value": 44,
    "classification": "Fear"
  },
  "usd_thb": 31.22
}