{
  "ts": "2026-03-09T06:11:11.925Z",
  "xauusd": 5130.899902,
  "xagusd": 84.700996,
  "fng": {
    "value": 8,
    "classification": "Extreme Fear"
  },
  "usd_thb": 31.99
}