{
  "ts": "2026-03-12T19:52:11.052Z",
  "xauusd": 5096.600098,
  "xagusd": 84.830002,
  "fng": {
    "value": 18,
    "classification": "Extreme Fear"
  },
  "usd_thb": 32.12
}