{
  "ts": "2026-02-10T15:51:47.713Z",
  "xauusd": 5027.100098,
  "xagusd": 81.584999,
  "fng": {
    "value": 9,
    "classification": "Extreme Fear"
  },
  "usd_thb": 31.21
}