{
  "ts": "2025-08-15T09:34:41.305Z",
  "xauusd": 3344.699951,
  "xagusd": 37.971001,
  "fng": {
    "value": 60,
    "classification": "Greed"
  },
  "usd_thb": 32.41
}