{
  "ts": "2025-12-05T15:46:29.081Z",
  "xauusd": 4254.700195,
  "xagusd": 59.167999,
  "fng": {
    "value": 28,
    "classification": "Fear"
  },
  "usd_thb": 31.82
}