{
  "ts": "2025-11-18T13:50:01.947Z",
  "xauusd": 4067.300049,
  "xagusd": 50.341999,
  "fng": {
    "value": 11,
    "classification": "Extreme Fear"
  },
  "usd_thb": 32.41
}