{
  "ts": "2025-09-29T17:01:11.308Z",
  "xauusd": 3831.600098,
  "xagusd": 47.054001,
  "fng": {
    "value": 50,
    "classification": "Neutral"
  },
  "usd_thb": 32.17
}