{
  "ts": "2026-07-14T23:30:54.741Z",
  "xauusd": 4054.899902,
  "xagusd": 58.925999,
  "fng": {
    "value": 22,
    "classification": "Extreme Fear"
  },
  "usd_thb": 33.45
}