{
  "ts": "2026-03-08T23:53:50.122Z",
  "xauusd": 5065.399902,
  "xagusd": 81.663002,
  "fng": {
    "value": 12,
    "classification": "Extreme Fear"
  },
  "usd_thb": 32.02
}