{
  "ts": "2025-12-09T17:16:37.156Z",
  "xauusd": 4212.700195,
  "xagusd": 60.452999,
  "fng": {
    "value": 22,
    "classification": "Extreme Fear"
  },
  "usd_thb": 31.82
}