{
  "ts": "2025-11-21T08:45:01.290Z",
  "xauusd": 4044.100098,
  "xagusd": 49.438999,
  "fng": {
    "value": 14,
    "classification": "Extreme Fear"
  },
  "usd_thb": 32.46
}