{
  "ts": "2026-02-03T09:26:22.552Z",
  "xauusd": 4904.299805,
  "xagusd": 86.366997,
  "fng": {
    "value": 17,
    "classification": "Extreme Fear"
  },
  "usd_thb": 31.48
}