{
  "ts": "2025-12-19T19:00:47.392Z",
  "xauusd": 4349.700195,
  "xagusd": 67.240997,
  "fng": {
    "value": 16,
    "classification": "Extreme Fear"
  },
  "usd_thb": 31.39
}