{
  "ts": "2026-04-01T13:47:04.623Z",
  "xauusd": 4744.100098,
  "xagusd": 75.012001,
  "fng": {
    "value": 8,
    "classification": "Extreme Fear"
  },
  "usd_thb": 32.51
}