{
  "ts": "2025-09-10T13:43:45.243Z",
  "xauusd": 3650.532471,
  "xagusd": 41.202999,
  "fng": {
    "value": 49,
    "classification": "Neutral"
  },
  "usd_thb": 31.75
}