{
  "ts": "2025-09-16T10:37:30.825Z",
  "xauusd": 3697.800049,
  "xagusd": 42.761002,
  "fng": {
    "value": 52,
    "classification": "Neutral"
  },
  "usd_thb": 31.68
}