{
  "ts": "2025-11-25T16:55:57.002Z",
  "xauusd": 4137.899902,
  "xagusd": 51.171001,
  "fng": {
    "value": 20,
    "classification": "Extreme Fear"
  },
  "usd_thb": 32.26
}