{
  "ts": "2026-03-26T13:57:33.113Z",
  "xauusd": 4454.899902,
  "xagusd": 69.276001,
  "fng": {
    "value": 10,
    "classification": "Extreme Fear"
  },
  "usd_thb": 32.83
}