{
  "ts": "2026-04-29T08:39:07.801Z",
  "xauusd": 4587.299805,
  "xagusd": 72.644997,
  "fng": {
    "value": 26,
    "classification": "Fear"
  },
  "usd_thb": 32.62
}