{
  "ts": "2025-11-07T18:41:35.758Z",
  "xauusd": 4005.100098,
  "xagusd": 48.389999,
  "fng": {
    "value": 24,
    "classification": "Extreme Fear"
  },
  "usd_thb": 32.4
}