{
  "ts": "2025-10-20T07:54:44.987Z",
  "xauusd": 4258.299805,
  "xagusd": 52.019001,
  "fng": {
    "value": 29,
    "classification": "Fear"
  },
  "usd_thb": 32.76
}