{
  "ts": "2026-01-05T15:40:24.652Z",
  "xauusd": 4439.299805,
  "xagusd": 76.809998,
  "fng": {
    "value": 26,
    "classification": "Fear"
  },
  "usd_thb": 31.27
}