{
  "ts": "2025-09-22T23:40:14.987Z",
  "xauusd": 3747.699951,
  "xagusd": 44.058998,
  "fng": {
    "value": 45,
    "classification": "Fear"
  },
  "usd_thb": 31.76
}