{
  "ts": "2025-11-20T13:38:21.057Z",
  "xauusd": 4083.699951,
  "xagusd": 51.095001,
  "fng": {
    "value": 11,
    "classification": "Extreme Fear"
  },
  "usd_thb": 32.41
}