{
  "ts": "2025-10-15T17:42:11.388Z",
  "xauusd": 4193.200195,
  "xagusd": 52.637001,
  "fng": {
    "value": 34,
    "classification": "Fear"
  },
  "usd_thb": 32.59
}