{
  "ts": "2025-11-28T08:44:42.142Z",
  "xauusd": 4164.399902,
  "xagusd": 53.925999,
  "fng": {
    "value": 25,
    "classification": "Extreme Fear"
  },
  "usd_thb": 32.19
}