{
  "ts": "2025-10-07T02:55:08.779Z",
  "xauusd": 3967.100098,
  "xagusd": 48.588001,
  "fng": {
    "value": 70,
    "classification": "Greed"
  },
  "usd_thb": 32.49
}