{
  "ts": "2025-10-28T15:55:53.445Z",
  "xauusd": 3968.899902,
  "xagusd": 47.182999,
  "fng": {
    "value": 50,
    "classification": "Neutral"
  },
  "usd_thb": 32.29
}