{
  "ts": "2025-09-11T08:48:19.719Z",
  "xauusd": 3628.800049,
  "xagusd": 41.087002,
  "fng": {
    "value": 54,
    "classification": "Neutral"
  },
  "usd_thb": 31.81
}