{
  "ts": "2026-06-09T01:29:29.477Z",
  "xauusd": 4335.700195,
  "xagusd": 68.189003,
  "fng": {
    "value": 10,
    "classification": "Extreme Fear"
  },
  "usd_thb": 32.8
}