{
  "ts": "2025-09-24T23:39:57.057Z",
  "xauusd": 3742.699951,
  "xagusd": 43.980999,
  "fng": {
    "value": 44,
    "classification": "Fear"
  },
  "usd_thb": 32.1
}