{
  "ts": "2025-09-03T04:52:56.667Z",
  "xauusd": 3538.399902,
  "xagusd": 40.806999,
  "fng": {
    "value": 55,
    "classification": "Greed"
  },
  "usd_thb": 32.4
}