{
  "ts": "2025-10-24T14:18:53.180Z",
  "xauusd": 4131.200195,
  "xagusd": 48.887001,
  "fng": {
    "value": 30,
    "classification": "Fear"
  },
  "usd_thb": 32.66
}