{
  "ts": "2025-11-07T05:56:09.885Z",
  "xauusd": 3994.800049,
  "xagusd": 48.432999,
  "fng": {
    "value": 24,
    "classification": "Extreme Fear"
  },
  "usd_thb": 32.37
}