{
  "ts": "2026-04-01T23:00:01.498Z",
  "xauusd": 4777.399902,
  "xagusd": 75.457001,
  "fng": {
    "value": 8,
    "classification": "Extreme Fear"
  },
  "usd_thb": 32.6
}