{
  "ts": "2025-12-02T12:25:40.555Z",
  "xauusd": 4205.700195,
  "xagusd": 57.436001,
  "fng": {
    "value": 23,
    "classification": "Extreme Fear"
  },
  "usd_thb": 32.02
}