{
  "ts": "2025-11-25T10:55:31.099Z",
  "xauusd": 4131.799805,
  "xagusd": 51.230999,
  "fng": {
    "value": 20,
    "classification": "Extreme Fear"
  },
  "usd_thb": 32.29
}