{
  "ts": "2025-12-19T20:13:54.344Z",
  "xauusd": 4343.899902,
  "xagusd": 67.141998,
  "fng": {
    "value": 16,
    "classification": "Extreme Fear"
  },
  "usd_thb": 31.41
}