{
  "ts": "2025-11-18T17:41:51.891Z",
  "xauusd": 4074.199951,
  "xagusd": 50.835999,
  "fng": {
    "value": 11,
    "classification": "Extreme Fear"
  },
  "usd_thb": 32.37
}