{
  "ts": "2026-01-07T08:32:29.906Z",
  "xauusd": 4466.100098,
  "xagusd": 80.011002,
  "fng": {
    "value": 42,
    "classification": "Fear"
  },
  "usd_thb": 31.27
}