{
  "ts": "2026-04-07T11:35:08.475Z",
  "xauusd": 4650.600098,
  "xagusd": 72.148003,
  "fng": {
    "value": 11,
    "classification": "Extreme Fear"
  },
  "usd_thb": 32.59
}