{
  "ts": "2025-09-29T22:48:59.579Z",
  "xauusd": 3829.300049,
  "xagusd": 46.789001,
  "fng": {
    "value": 50,
    "classification": "Neutral"
  },
  "usd_thb": 32.22
}