{
  "ts": "2026-03-19T06:07:36.424Z",
  "xauusd": 4849.299805,
  "xagusd": 74.948997,
  "fng": {
    "value": 23,
    "classification": "Extreme Fear"
  },
  "usd_thb": 32.77
}