{
  "ts": "2025-09-18T09:52:33.127Z",
  "xauusd": 3672.800049,
  "xagusd": 41.978001,
  "fng": {
    "value": 52,
    "classification": "Neutral"
  },
  "usd_thb": 31.8
}