{
  "ts": "2025-12-05T04:05:26.923Z",
  "xauusd": 4209.600098,
  "xagusd": 57.484001,
  "fng": {
    "value": 28,
    "classification": "Fear"
  },
  "usd_thb": 31.97
}