{
  "ts": "2026-03-16T11:11:41.523Z",
  "xauusd": 5004.799805,
  "xagusd": 79.078003,
  "fng": {
    "value": 23,
    "classification": "Extreme Fear"
  },
  "usd_thb": 32.41
}