{
  "ts": "2026-06-18T00:02:56.369Z",
  "xauusd": 4284.700195,
  "xagusd": 68.698997,
  "fng": {
    "value": 15,
    "classification": "Extreme Fear"
  },
  "usd_thb": 32.67
}