{
  "ts": "2026-01-08T04:11:40.030Z",
  "xauusd": 4439.299805,
  "xagusd": 77.942001,
  "fng": {
    "value": 28,
    "classification": "Fear"
  },
  "usd_thb": 31.34
}