{
  "ts": "2026-03-16T13:15:54.408Z",
  "xauusd": 5023.399902,
  "xagusd": 80.404999,
  "fng": {
    "value": 23,
    "classification": "Extreme Fear"
  },
  "usd_thb": 32.38
}