{
  "ts": "2025-09-08T02:58:20.772Z",
  "xauusd": 3590.199951,
  "xagusd": 40.740002,
  "fng": {
    "value": 51,
    "classification": "Neutral"
  },
  "usd_thb": 32.01
}