{
  "ts": "2025-10-15T16:21:57.347Z",
  "xauusd": 4194.799805,
  "xagusd": 52.568001,
  "fng": {
    "value": 34,
    "classification": "Fear"
  },
  "usd_thb": 32.57
}