{
  "ts": "2025-12-03T07:25:20.947Z",
  "xauusd": 4206.600098,
  "xagusd": 57.928001,
  "fng": {
    "value": 28,
    "classification": "Fear"
  },
  "usd_thb": 31.88
}