{
  "ts": "2025-08-28T05:25:20.624Z",
  "xauusd": 3390.899902,
  "xagusd": 38.794998,
  "fng": {
    "value": 48,
    "classification": "Neutral"
  },
  "usd_thb": 32.41
}