{
  "ts": "2025-10-06T22:32:06.206Z",
  "xauusd": 3973.300049,
  "xagusd": 48.578999,
  "fng": {
    "value": 71,
    "classification": "Greed"
  },
  "usd_thb": 32.44
}