{
  "ts": "2025-08-15T09:14:05.925Z",
  "xauusd": 3341.199951,
  "xagusd": 38.032001,
  "fng": {
    "value": 60,
    "classification": "Greed"
  },
  "usd_thb": 32.43
}