{
  "ts": "2025-09-01T10:45:12.649Z",
  "xauusd": 3471.800049,
  "xagusd": 40.657001,
  "fng": {
    "value": 46,
    "classification": "Fear"
  },
  "usd_thb": 32.3
}