{
  "ts": "2026-07-08T15:14:07.075Z",
  "xauusd": 4039.199951,
  "xagusd": 57.834999,
  "fng": {
    "value": 20,
    "classification": "Extreme Fear"
  },
  "usd_thb": 33.49
}