{
  "ts": "2026-01-12T10:48:52.400Z",
  "xauusd": 4593.299805,
  "xagusd": 84.251999,
  "fng": {
    "value": 27,
    "classification": "Fear"
  },
  "usd_thb": 31.2
}