{
  "ts": "2026-01-09T05:56:18.934Z",
  "xauusd": 4468.600098,
  "xagusd": 76.825996,
  "fng": {
    "value": 27,
    "classification": "Fear"
  },
  "usd_thb": 31.41
}