{
  "ts": "2025-09-23T16:17:13.676Z",
  "xauusd": 3775.600098,
  "xagusd": 44.259998,
  "fng": {
    "value": 43,
    "classification": "Fear"
  },
  "usd_thb": 31.87
}