{
  "ts": "2025-08-19T20:54:53.834Z",
  "xauusd": 3316.300049,
  "xagusd": 37.438999,
  "fng": {
    "value": 56,
    "classification": "Greed"
  },
  "usd_thb": 32.58
}