{
  "ts": "2026-03-12T01:09:39.215Z",
  "xauusd": 5156.600098,
  "xagusd": 85.664001,
  "fng": {
    "value": 18,
    "classification": "Extreme Fear"
  },
  "usd_thb": 31.84
}