{
  "ts": "2025-12-22T18:28:36.436Z",
  "xauusd": 4437.100098,
  "xagusd": 68.612999,
  "fng": {
    "value": 25,
    "classification": "Extreme Fear"
  },
  "usd_thb": 31.13
}