{
  "ts": "2026-01-06T17:56:48.883Z",
  "xauusd": 4491.200195,
  "xagusd": 81.254997,
  "fng": {
    "value": 44,
    "classification": "Fear"
  },
  "usd_thb": 31.22
}