{
  "ts": "2025-10-17T14:49:38.136Z",
  "xauusd": 4254.714844,
  "xagusd": 52.356499,
  "fng": {
    "value": 22,
    "classification": "Extreme Fear"
  },
  "usd_thb": 32.83
}