{
  "ts": "2025-12-10T09:39:28.238Z",
  "xauusd": 4196.100098,
  "xagusd": 61.023998,
  "fng": {
    "value": 26,
    "classification": "Fear"
  },
  "usd_thb": 31.82
}