{
  "ts": "2025-08-18T22:33:01.497Z",
  "xauusd": 3334.600098,
  "xagusd": 38.112999,
  "fng": {
    "value": 60,
    "classification": "Greed"
  },
  "usd_thb": 32.5
}