{
  "ts": "2025-12-16T18:42:07.841Z",
  "xauusd": 4308.899902,
  "xagusd": 63.662998,
  "fng": {
    "value": 11,
    "classification": "Extreme Fear"
  },
  "usd_thb": 31.43
}