{
  "ts": "2025-12-12T07:16:50.527Z",
  "xauusd": 4287.100098,
  "xagusd": 63.748001,
  "fng": {
    "value": 29,
    "classification": "Fear"
  },
  "usd_thb": 31.66
}