{
  "ts": "2025-11-02T23:51:58.879Z",
  "xauusd": 3984.899902,
  "xagusd": 48.657001,
  "fng": {
    "value": 37,
    "classification": "Fear"
  },
  "usd_thb": 32.41
}