{
  "ts": "2026-01-13T07:47:56.341Z",
  "xauusd": 4580.899902,
  "xagusd": 85.286003,
  "fng": {
    "value": 26,
    "classification": "Fear"
  },
  "usd_thb": 31.34
}