{
  "ts": "2026-03-09T23:58:11.176Z",
  "xauusd": 5143.100098,
  "xagusd": 87.589996,
  "fng": {
    "value": 8,
    "classification": "Extreme Fear"
  },
  "usd_thb": 31.72
}