{
  "ts": "2026-05-13T12:17:38.832Z",
  "xauusd": 4693.700195,
  "xagusd": 87.160004,
  "fng": {
    "value": 42,
    "classification": "Fear"
  },
  "usd_thb": 32.31
}