{
  "ts": "2025-10-09T09:58:55.781Z",
  "xauusd": 4037.100098,
  "xagusd": 49.717999,
  "fng": {
    "value": 70,
    "classification": "Greed"
  },
  "usd_thb": 32.58
}