{
  "ts": "2026-03-25T20:51:11.763Z",
  "xauusd": 4506.899902,
  "xagusd": 71.257004,
  "fng": {
    "value": 14,
    "classification": "Extreme Fear"
  },
  "usd_thb": 32.64
}