{
  "ts": "2026-07-15T18:58:29.015Z",
  "xauusd": 4061.600098,
  "xagusd": 58.066002,
  "fng": {
    "value": 25,
    "classification": "Extreme Fear"
  },
  "usd_thb": 33.52
}