{
  "ts": "2026-03-02T17:27:27.971Z",
  "xauusd": 5308.700195,
  "xagusd": 87.771004,
  "fng": {
    "value": 10,
    "classification": "Extreme Fear"
  },
  "usd_thb": 31.36
}