{
  "ts": "2025-10-05T22:58:19.558Z",
  "xauusd": 3896.300049,
  "xagusd": 48.168999,
  "fng": {
    "value": 74,
    "classification": "Greed"
  },
  "usd_thb": 32.44
}