{
  "ts": "2025-11-04T21:45:53.000Z",
  "xauusd": 3931.899902,
  "xagusd": 47.153999,
  "fng": {
    "value": 21,
    "classification": "Extreme Fear"
  },
  "usd_thb": 32.59
}