{
  "ts": "2025-09-24T20:46:15.044Z",
  "xauusd": 3737.600098,
  "xagusd": 43.955002,
  "fng": {
    "value": 44,
    "classification": "Fear"
  },
  "usd_thb": 32.11
}