{
  "ts": "2026-06-22T22:24:44.939Z",
  "xauusd": 4192.899902,
  "xagusd": 65.190002,
  "fng": {
    "value": 20,
    "classification": "Extreme Fear"
  },
  "usd_thb": 32.92
}