{
  "ts": "2025-10-13T23:21:24.847Z",
  "xauusd": 4115.899902,
  "xagusd": 52.501999,
  "fng": {
    "value": 38,
    "classification": "Fear"
  },
  "usd_thb": 32.59
}