{
  "ts": "2025-12-23T23:34:01.473Z",
  "xauusd": 4496.200195,
  "xagusd": 71.808998,
  "fng": {
    "value": 24,
    "classification": "Extreme Fear"
  },
  "usd_thb": 31.07
}