{
  "ts": "2025-11-07T08:48:11.275Z",
  "xauusd": 4007.100098,
  "xagusd": 48.717999,
  "fng": {
    "value": 24,
    "classification": "Extreme Fear"
  },
  "usd_thb": 32.34
}