{
  "ts": "2025-10-24T05:34:15.203Z",
  "xauusd": 4112.299805,
  "xagusd": 48.646999,
  "fng": {
    "value": 30,
    "classification": "Fear"
  },
  "usd_thb": 32.78
}