{
  "ts": "2025-11-07T06:51:23.804Z",
  "xauusd": 4005.199951,
  "xagusd": 48.695999,
  "fng": {
    "value": 24,
    "classification": "Extreme Fear"
  },
  "usd_thb": 32.35
}