{
  "ts": "2026-02-19T07:17:21.797Z",
  "xauusd": 5020.299805,
  "xagusd": 79.110001,
  "fng": {
    "value": 9,
    "classification": "Extreme Fear"
  },
  "usd_thb": 31.12
}