{
  "ts": "2025-08-28T08:58:42.230Z",
  "xauusd": 3401.100098,
  "xagusd": 38.879002,
  "fng": {
    "value": 48,
    "classification": "Neutral"
  },
  "usd_thb": 32.36
}