{
  "ts": "2026-03-19T22:14:16.181Z",
  "xauusd": 4669.399902,
  "xagusd": 73.396004,
  "fng": {
    "value": 23,
    "classification": "Extreme Fear"
  },
  "usd_thb": 32.44
}