{
  "ts": "2026-01-28T21:01:56.802Z",
  "xauusd": 5390.899902,
  "xagusd": 116.898003,
  "fng": {
    "value": 29,
    "classification": "Fear"
  },
  "usd_thb": 31.04
}