{
  "ts": "2025-08-20T16:43:54.626Z",
  "xauusd": 3345.800049,
  "xagusd": 37.853001,
  "fng": {
    "value": 44,
    "classification": "Fear"
  },
  "usd_thb": 32.54
}