{
  "ts": "2025-09-21T22:58:13.310Z",
  "xauusd": 3689.199951,
  "xagusd": 43.164001,
  "fng": {
    "value": 49,
    "classification": "Neutral"
  },
  "usd_thb": 31.91
}