{
  "ts": "2026-03-09T23:44:13.889Z",
  "xauusd": 5145.600098,
  "xagusd": 87.818001,
  "fng": {
    "value": 8,
    "classification": "Extreme Fear"
  },
  "usd_thb": 31.65
}