{
  "ts": "2025-08-15T17:46:54.380Z",
  "xauusd": 3337.399902,
  "xagusd": 38.009998,
  "fng": {
    "value": 60,
    "classification": "Greed"
  },
  "usd_thb": 32.45
}