{
  "ts": "2025-09-16T22:55:25.237Z",
  "xauusd": 3692.600098,
  "xagusd": 42.660999,
  "fng": {
    "value": 52,
    "classification": "Neutral"
  },
  "usd_thb": 31.68
}