{
  "ts": "2025-10-01T20:23:15.246Z",
  "xauusd": 3862.600098,
  "xagusd": 47.252998,
  "fng": {
    "value": 49,
    "classification": "Neutral"
  },
  "usd_thb": 32.45
}