{
  "ts": "2026-05-20T23:57:26.630Z",
  "xauusd": 4546.100098,
  "xagusd": 75.983002,
  "fng": {
    "value": 27,
    "classification": "Fear"
  },
  "usd_thb": 32.54
}