{
  "ts": "2025-08-20T07:32:38.198Z",
  "xauusd": 3325.699951,
  "xagusd": 37.221001,
  "fng": {
    "value": 44,
    "classification": "Fear"
  },
  "usd_thb": 32.55
}