{
  "ts": "2025-12-10T21:28:51.192Z",
  "xauusd": 4228.100098,
  "xagusd": 61.837002,
  "fng": {
    "value": 26,
    "classification": "Fear"
  },
  "usd_thb": 31.75
}