{
  "ts": "2025-08-26T10:46:31.531Z",
  "xauusd": 3369.899902,
  "xagusd": 38.466999,
  "fng": {
    "value": 48,
    "classification": "Neutral"
  },
  "usd_thb": 32.49
}