{
  "ts": "2025-12-10T06:20:24.603Z",
  "xauusd": 4208.200195,
  "xagusd": 61.377998,
  "fng": {
    "value": 26,
    "classification": "Fear"
  },
  "usd_thb": 31.81
}