{
  "ts": "2025-10-13T13:24:00.591Z",
  "xauusd": 4088.300049,
  "xagusd": 51.716999,
  "fng": {
    "value": 38,
    "classification": "Fear"
  },
  "usd_thb": 32.53
}