{
  "ts": "2025-10-23T07:52:49.446Z",
  "xauusd": 4102.100098,
  "xagusd": 49.022999,
  "fng": {
    "value": 27,
    "classification": "Fear"
  },
  "usd_thb": 32.79
}