{
  "ts": "2025-09-29T09:21:25.077Z",
  "xauusd": 3817.800049,
  "xagusd": 46.998001,
  "fng": {
    "value": 50,
    "classification": "Neutral"
  },
  "usd_thb": 32.25
}