{
  "ts": "2025-11-16T23:50:37.337Z",
  "xauusd": 4098.299805,
  "xagusd": 50.865002,
  "fng": {
    "value": 10,
    "classification": "Extreme Fear"
  },
  "usd_thb": 32.29
}