{
  "ts": "2025-09-02T05:33:41.775Z",
  "xauusd": 3494.600098,
  "xagusd": 40.806999,
  "fng": {
    "value": 49,
    "classification": "Neutral"
  },
  "usd_thb": 32.28
}