{
  "ts": "2026-04-15T23:06:40.804Z",
  "xauusd": 4811.100098,
  "xagusd": 79.510002,
  "fng": {
    "value": 23,
    "classification": "Extreme Fear"
  },
  "usd_thb": 32
}