{
  "ts": "2025-12-30T09:47:53.340Z",
  "xauusd": 4369.799805,
  "xagusd": 74.419998,
  "fng": {
    "value": 23,
    "classification": "Extreme Fear"
  },
  "usd_thb": 31.46
}