{
  "ts": "2026-04-02T14:48:33.368Z",
  "xauusd": 4693.200195,
  "xagusd": 73.012001,
  "fng": {
    "value": 12,
    "classification": "Extreme Fear"
  },
  "usd_thb": 32.56
}