{
  "ts": "2025-10-15T03:50:45.037Z",
  "xauusd": 4189.799805,
  "xagusd": 52.227001,
  "fng": {
    "value": 34,
    "classification": "Fear"
  },
  "usd_thb": 32.53
}