{
  "ts": "2025-12-26T21:42:51.178Z",
  "xauusd": 4532.600098,
  "xagusd": 79.174004,
  "fng": {
    "value": 20,
    "classification": "Extreme Fear"
  },
  "usd_thb": 30.99
}