{
  "ts": "2025-08-22T03:45:46.053Z",
  "xauusd": 3335.899902,
  "xagusd": 38.158001,
  "fng": {
    "value": 50,
    "classification": "Neutral"
  },
  "usd_thb": 32.65
}