{
  "ts": "2025-09-08T20:49:56.562Z",
  "xauusd": 3637.107422,
  "xagusd": 41.358002,
  "fng": {
    "value": 51,
    "classification": "Neutral"
  },
  "usd_thb": 31.71
}