{
  "ts": "2026-02-02T08:29:40.303Z",
  "xauusd": 4595.399902,
  "xagusd": 78.250999,
  "fng": {
    "value": 14,
    "classification": "Extreme Fear"
  },
  "usd_thb": 31.49
}