{
  "ts": "2026-01-15T06:59:40.610Z",
  "xauusd": 4611.299805,
  "xagusd": 89.875999,
  "fng": {
    "value": 61,
    "classification": "Greed"
  },
  "usd_thb": 31.42
}