{
  "ts": "2026-04-06T19:13:03.525Z",
  "xauusd": 4654.299805,
  "xagusd": 73.206001,
  "fng": {
    "value": 13,
    "classification": "Extreme Fear"
  },
  "usd_thb": 32.54
}