{
  "ts": "2026-01-09T20:56:59.419Z",
  "xauusd": 4508.899902,
  "xagusd": 79.688004,
  "fng": {
    "value": 27,
    "classification": "Fear"
  },
  "usd_thb": 31.36
}