{
  "ts": "2025-11-12T20:43:29.880Z",
  "xauusd": 4194.399902,
  "xagusd": 53.540001,
  "fng": {
    "value": 24,
    "classification": "Extreme Fear"
  },
  "usd_thb": 32.35
}