{
  "ts": "2025-08-27T15:50:04.527Z",
  "xauusd": 3389.699951,
  "xagusd": 38.570999,
  "fng": {
    "value": 51,
    "classification": "Neutral"
  },
  "usd_thb": 32.44
}