{
  "ts": "2025-09-24T04:38:27.611Z",
  "xauusd": 3767.399902,
  "xagusd": 44.147999,
  "fng": {
    "value": 44,
    "classification": "Fear"
  },
  "usd_thb": 31.95
}