{
  "ts": "2026-01-02T14:00:06.604Z",
  "xauusd": 4364.600098,
  "xagusd": 73.876999,
  "fng": {
    "value": 28,
    "classification": "Fear"
  },
  "usd_thb": 31.39
}