{
  "ts": "2025-09-18T11:53:56.182Z",
  "xauusd": 3668.300049,
  "xagusd": 41.869999,
  "fng": {
    "value": 52,
    "classification": "Neutral"
  },
  "usd_thb": 31.82
}