{
  "ts": "2026-02-06T19:45:47.461Z",
  "xauusd": 4953.100098,
  "xagusd": 77.250999,
  "fng": {
    "value": 9,
    "classification": "Extreme Fear"
  },
  "usd_thb": 31.5
}