{
  "ts": "2025-10-23T15:44:12.840Z",
  "xauusd": 4143.200195,
  "xagusd": 49.261002,
  "fng": {
    "value": 27,
    "classification": "Fear"
  },
  "usd_thb": 32.76
}