{
  "ts": "2026-05-14T05:00:14.517Z",
  "xauusd": 4704.200195,
  "xagusd": 87.099998,
  "fng": {
    "value": 34,
    "classification": "Fear"
  },
  "usd_thb": 32.33
}