{
  "ts": "2026-01-08T15:43:53.483Z",
  "xauusd": 4453.899902,
  "xagusd": 75.794998,
  "fng": {
    "value": 28,
    "classification": "Fear"
  },
  "usd_thb": 31.52
}