{
  "ts": "2025-08-20T14:27:57.256Z",
  "xauusd": 3343.399902,
  "xagusd": 37.744999,
  "fng": {
    "value": 44,
    "classification": "Fear"
  },
  "usd_thb": 32.54
}