{
  "ts": "2025-09-23T22:31:07.087Z",
  "xauusd": 3763.399902,
  "xagusd": 44.130001,
  "fng": {
    "value": 43,
    "classification": "Fear"
  },
  "usd_thb": 31.86
}