{
  "ts": "2025-10-17T14:58:45.765Z",
  "xauusd": 4250.202637,
  "xagusd": 52.255001,
  "fng": {
    "value": 22,
    "classification": "Extreme Fear"
  },
  "usd_thb": 32.82
}