{
  "ts": "2026-04-13T07:26:10.044Z",
  "xauusd": 4718.100098,
  "xagusd": 74.660004,
  "fng": {
    "value": 12,
    "classification": "Extreme Fear"
  },
  "usd_thb": 32.18
}