{
  "ts": "2026-06-24T22:50:32.530Z",
  "xauusd": 3999.100098,
  "xagusd": 57.716999,
  "fng": {
    "value": 17,
    "classification": "Extreme Fear"
  },
  "usd_thb": 33.42
}