{
  "ts": "2025-09-19T20:59:58.631Z",
  "xauusd": 3685.800049,
  "xagusd": 43.130001,
  "fng": {
    "value": 53,
    "classification": "Neutral"
  },
  "usd_thb": 31.83
}