{
  "ts": "2026-03-11T10:42:09.057Z",
  "xauusd": 5184.799805,
  "xagusd": 86.918999,
  "fng": {
    "value": 15,
    "classification": "Extreme Fear"
  },
  "usd_thb": 31.53
}