{
  "ts": "2025-09-04T19:45:45.041Z",
  "xauusd": 3550.600098,
  "xagusd": 40.740002,
  "fng": {
    "value": 51,
    "classification": "Neutral"
  },
  "usd_thb": 32.28
}