{
  "ts": "2026-04-23T09:11:34.145Z",
  "xauusd": 4697.600098,
  "xagusd": 75.285004,
  "fng": {
    "value": 46,
    "classification": "Fear"
  },
  "usd_thb": 32.39
}