{
  "ts": "2026-03-31T16:01:48.504Z",
  "xauusd": 4612.600098,
  "xagusd": 73.900002,
  "fng": {
    "value": 11,
    "classification": "Extreme Fear"
  },
  "usd_thb": 32.67
}