{
  "ts": "2026-03-27T20:20:43.625Z",
  "xauusd": 4509.299805,
  "xagusd": 70.080002,
  "fng": {
    "value": 13,
    "classification": "Extreme Fear"
  },
  "usd_thb": 32.82
}