{
  "ts": "2025-12-22T01:04:14.612Z",
  "xauusd": 4371.799805,
  "xagusd": 68.129997,
  "fng": {
    "value": 25,
    "classification": "Extreme Fear"
  },
  "usd_thb": 31.44
}