{
  "ts": "2025-09-05T05:32:05.866Z",
  "xauusd": 3557.100098,
  "xagusd": 40.889999,
  "fng": {
    "value": 48,
    "classification": "Neutral"
  },
  "usd_thb": 32.21
}