{
  "ts": "2026-07-07T19:26:30.763Z",
  "xauusd": 4101.399902,
  "xagusd": 59.838001,
  "fng": {
    "value": 27,
    "classification": "Fear"
  },
  "usd_thb": 33.34
}