{
  "ts": "2025-12-17T16:24:10.364Z",
  "xauusd": 4324.799805,
  "xagusd": 65.790001,
  "fng": {
    "value": 16,
    "classification": "Extreme Fear"
  },
  "usd_thb": 31.45
}