{
  "ts": "2025-11-18T21:52:16.162Z",
  "xauusd": 4067.800049,
  "xagusd": 50.727001,
  "fng": {
    "value": 11,
    "classification": "Extreme Fear"
  },
  "usd_thb": 32.37
}