{
  "ts": "2026-01-19T05:50:12.667Z",
  "xauusd": 4669.600098,
  "xagusd": 93.491997,
  "fng": {
    "value": 44,
    "classification": "Fear"
  },
  "usd_thb": 31.24
}