{
  "ts": "2025-11-14T10:49:11.386Z",
  "xauusd": 4170.299805,
  "xagusd": 52.720001,
  "fng": {
    "value": 16,
    "classification": "Extreme Fear"
  },
  "usd_thb": 32.4
}