{
  "ts": "2026-02-19T14:09:34.274Z",
  "xauusd": 4982.700195,
  "xagusd": 78.210999,
  "fng": {
    "value": 9,
    "classification": "Extreme Fear"
  },
  "usd_thb": 31.21
}