{
  "ts": "2025-12-13T02:24:25.932Z",
  "xauusd": 4300.700195,
  "xagusd": 61.987999,
  "fng": {
    "value": 23,
    "classification": "Extreme Fear"
  },
  "usd_thb": 31.44
}