{
  "ts": "2025-08-28T09:57:51.303Z",
  "xauusd": 3400.800049,
  "xagusd": 38.922001,
  "fng": {
    "value": 48,
    "classification": "Neutral"
  },
  "usd_thb": 32.38
}