{
  "ts": "2026-01-14T11:29:32.805Z",
  "xauusd": 4633.100098,
  "xagusd": 90.754997,
  "fng": {
    "value": 48,
    "classification": "Neutral"
  },
  "usd_thb": 31.33
}