{
  "ts": "2025-08-25T07:20:18.626Z",
  "xauusd": 3368.199951,
  "xagusd": 38.962002,
  "fng": {
    "value": 47,
    "classification": "Neutral"
  },
  "usd_thb": 32.42
}