{
  "ts": "2025-09-02T03:15:24.822Z",
  "xauusd": 3494.100098,
  "xagusd": 40.669998,
  "fng": {
    "value": 49,
    "classification": "Neutral"
  },
  "usd_thb": 32.27
}