{
  "ts": "2025-11-05T17:00:50.168Z",
  "xauusd": 3988.300049,
  "xagusd": 48.205002,
  "fng": {
    "value": 23,
    "classification": "Extreme Fear"
  },
  "usd_thb": 32.46
}