{
  "ts": "2026-05-19T11:46:55.754Z",
  "xauusd": 4542.600098,
  "xagusd": 76.153999,
  "fng": {
    "value": 25,
    "classification": "Extreme Fear"
  },
  "usd_thb": 32.64
}