{
  "ts": "2026-07-16T11:59:43.161Z",
  "xauusd": 4039.800049,
  "xagusd": 56.862999,
  "fng": {
    "value": 25,
    "classification": "Extreme Fear"
  },
  "usd_thb": 33.54
}