{
  "ts": "2025-12-15T08:56:09.029Z",
  "xauusd": 4348.600098,
  "xagusd": 63.890999,
  "fng": {
    "value": 16,
    "classification": "Extreme Fear"
  },
  "usd_thb": 31.46
}