{
  "ts": "2025-10-31T13:44:33.689Z",
  "xauusd": 4017.399902,
  "xagusd": 48.866001,
  "fng": {
    "value": 29,
    "classification": "Fear"
  },
  "usd_thb": 32.33
}