{
  "ts": "2025-09-08T23:39:01.205Z",
  "xauusd": 3632.300049,
  "xagusd": 41.372002,
  "fng": {
    "value": 51,
    "classification": "Neutral"
  },
  "usd_thb": 31.69
}