{
  "ts": "2025-09-17T19:50:54.118Z",
  "xauusd": 3664.199951,
  "xagusd": 41.618999,
  "fng": {
    "value": 53,
    "classification": "Neutral"
  },
  "usd_thb": 31.74
}