{
  "ts": "2025-10-10T04:24:34.133Z",
  "xauusd": 3957.899902,
  "xagusd": 49.280998,
  "fng": {
    "value": 64,
    "classification": "Greed"
  },
  "usd_thb": 32.79
}