{
  "ts": "2026-01-23T23:51:26.388Z",
  "xauusd": 4985.100098,
  "xagusd": 103.327003,
  "fng": {
    "value": 24,
    "classification": "Extreme Fear"
  },
  "usd_thb": 30.95
}