{
  "ts": "2025-10-06T23:32:08.361Z",
  "xauusd": 3970.600098,
  "xagusd": 48.560001,
  "fng": {
    "value": 71,
    "classification": "Greed"
  },
  "usd_thb": 32.43
}