{
  "ts": "2025-09-26T05:45:03.763Z",
  "xauusd": 3748.800049,
  "xagusd": 44.837002,
  "fng": {
    "value": 28,
    "classification": "Fear"
  },
  "usd_thb": 32.24
}