{
  "ts": "2025-08-29T05:57:03.404Z",
  "xauusd": 3410.600098,
  "xagusd": 38.950001,
  "fng": {
    "value": 50,
    "classification": "Neutral"
  },
  "usd_thb": 32.35
}