{
  "ts": "2025-12-12T19:41:17.316Z",
  "xauusd": 4297.200195,
  "xagusd": 61.858002,
  "fng": {
    "value": 29,
    "classification": "Fear"
  },
  "usd_thb": 31.56
}