{
  "ts": "2025-09-05T06:54:18.067Z",
  "xauusd": 3554.100098,
  "xagusd": 40.935001,
  "fng": {
    "value": 48,
    "classification": "Neutral"
  },
  "usd_thb": 32.22
}