{
  "ts": "2026-05-14T20:04:33.361Z",
  "xauusd": 4657.399902,
  "xagusd": 83.718002,
  "fng": {
    "value": 34,
    "classification": "Fear"
  },
  "usd_thb": 32.38
}