{
  "ts": "2026-04-27T12:59:00.192Z",
  "xauusd": 4700.200195,
  "xagusd": 75.609001,
  "fng": {
    "value": 47,
    "classification": "Neutral"
  },
  "usd_thb": 32.31
}