{
  "ts": "2025-09-23T13:51:59.370Z",
  "xauusd": 3776.100098,
  "xagusd": 44.331001,
  "fng": {
    "value": 43,
    "classification": "Fear"
  },
  "usd_thb": 31.85
}