{
  "ts": "2026-01-22T21:55:33.941Z",
  "xauusd": 4936.799805,
  "xagusd": 96.280998,
  "fng": {
    "value": 20,
    "classification": "Extreme Fear"
  },
  "usd_thb": 31.043
}