{
  "ts": "2025-09-04T09:56:41.378Z",
  "xauusd": 3538.600098,
  "xagusd": 40.950001,
  "fng": {
    "value": 51,
    "classification": "Neutral"
  },
  "usd_thb": 32.33
}