{
  "ts": "2026-04-21T23:36:25.032Z",
  "xauusd": 4720.899902,
  "xagusd": 77.306999,
  "fng": {
    "value": 33,
    "classification": "Fear"
  },
  "usd_thb": 32.13
}