{
  "ts": "2025-10-22T23:27:47.724Z",
  "xauusd": 4090.199951,
  "xagusd": 48.376999,
  "fng": {
    "value": 25,
    "classification": "Extreme Fear"
  },
  "usd_thb": 32.79
}