{
  "ts": "2025-10-31T07:25:07.522Z",
  "xauusd": 4019.899902,
  "xagusd": 49.365002,
  "fng": {
    "value": 29,
    "classification": "Fear"
  },
  "usd_thb": 32.32
}