{
  "ts": "2025-09-08T04:39:48.258Z",
  "xauusd": 3583.199951,
  "xagusd": 40.661999,
  "fng": {
    "value": 51,
    "classification": "Neutral"
  },
  "usd_thb": 32.03
}