{
  "ts": "2025-11-12T08:52:55.635Z",
  "xauusd": 4133.100098,
  "xagusd": 51.866001,
  "fng": {
    "value": 24,
    "classification": "Extreme Fear"
  },
  "usd_thb": 32.46
}