{
  "ts": "2025-09-10T10:44:24.537Z",
  "xauusd": 3657.600098,
  "xagusd": 41.229401,
  "fng": {
    "value": 49,
    "classification": "Neutral"
  },
  "usd_thb": 31.76
}