{
  "ts": "2025-11-24T23:30:33.219Z",
  "xauusd": 4132.200195,
  "xagusd": 51.330002,
  "fng": {
    "value": 19,
    "classification": "Extreme Fear"
  },
  "usd_thb": 32.4
}