{
  "ts": "2025-10-14T19:29:31.801Z",
  "xauusd": 4150.100098,
  "xagusd": 51.863998,
  "fng": {
    "value": 38,
    "classification": "Fear"
  },
  "usd_thb": 32.63
}