{
  "ts": "2025-09-03T07:42:05.449Z",
  "xauusd": 3536.300049,
  "xagusd": 40.830002,
  "fng": {
    "value": 55,
    "classification": "Greed"
  },
  "usd_thb": 32.4
}