{
  "ts": "2026-01-11T10:41:49.565Z",
  "xauusd": 4510.799805,
  "xagusd": 79.960999,
  "fng": {
    "value": 29,
    "classification": "Fear"
  },
  "usd_thb": 31.3
}