{
  "ts": "2026-01-12T11:43:19.385Z",
  "xauusd": 4591.700195,
  "xagusd": 84.096001,
  "fng": {
    "value": 27,
    "classification": "Fear"
  },
  "usd_thb": 31.24
}