{
  "ts": "2025-08-21T03:00:28.111Z",
  "xauusd": 3345.800049,
  "xagusd": 37.950001,
  "fng": {
    "value": 50,
    "classification": "Neutral"
  },
  "usd_thb": 32.55
}