{
  "ts": "2025-10-01T07:55:52.302Z",
  "xauusd": 3879.600098,
  "xagusd": 47.323002,
  "fng": {
    "value": 49,
    "classification": "Neutral"
  },
  "usd_thb": 32.33
}