{
  "ts": "2025-10-28T04:18:37.403Z",
  "xauusd": 3986.699951,
  "xagusd": 46.866001,
  "fng": {
    "value": 50,
    "classification": "Neutral"
  },
  "usd_thb": 32.61
}