{
  "ts": "2025-08-20T08:16:51.149Z",
  "xauusd": 3324.699951,
  "xagusd": 37.186001,
  "fng": {
    "value": 44,
    "classification": "Fear"
  },
  "usd_thb": 32.57
}