{
  "ts": "2026-02-19T21:15:31.388Z",
  "xauusd": 5000.399902,
  "xagusd": 78.491997,
  "fng": {
    "value": 9,
    "classification": "Extreme Fear"
  },
  "usd_thb": 31.12
}