{
  "ts": "2026-01-14T10:18:20.367Z",
  "xauusd": 4635.200195,
  "xagusd": 90.740997,
  "fng": {
    "value": 48,
    "classification": "Neutral"
  },
  "usd_thb": 31.3
}