{
  "ts": "2025-11-02T23:23:13.522Z",
  "xauusd": 3990.899902,
  "xagusd": 48.747002,
  "fng": {
    "value": 37,
    "classification": "Fear"
  },
  "usd_thb": 32.4
}