{
  "ts": "2026-05-13T19:15:33.764Z",
  "xauusd": 4687.299805,
  "xagusd": 87.933998,
  "fng": {
    "value": 42,
    "classification": "Fear"
  },
  "usd_thb": 32.31
}