{
  "ts": "2025-12-30T21:36:19.698Z",
  "xauusd": 4347.600098,
  "xagusd": 76.587997,
  "fng": {
    "value": 23,
    "classification": "Extreme Fear"
  },
  "usd_thb": 31.41
}