{
  "ts": "2026-05-11T10:57:26.741Z",
  "xauusd": 4666.100098,
  "xagusd": 80.607002,
  "fng": {
    "value": 48,
    "classification": "Neutral"
  },
  "usd_thb": 32.4
}