{
  "ts": "2026-04-13T23:25:53.249Z",
  "xauusd": 4759.799805,
  "xagusd": 75.864998,
  "fng": {
    "value": 12,
    "classification": "Extreme Fear"
  },
  "usd_thb": 31.95
}