{
  "ts": "2025-09-17T14:35:18.548Z",
  "xauusd": 3684.300049,
  "xagusd": 42.022999,
  "fng": {
    "value": 53,
    "classification": "Neutral"
  },
  "usd_thb": 31.69
}