{
  "ts": "2025-12-24T22:14:00.158Z",
  "xauusd": 4480.600098,
  "xagusd": 71.968002,
  "fng": {
    "value": 24,
    "classification": "Extreme Fear"
  },
  "usd_thb": 31.03
}