{
  "ts": "2025-11-10T11:46:50.268Z",
  "xauusd": 4084.399902,
  "xagusd": 49.992001,
  "fng": {
    "value": 29,
    "classification": "Fear"
  },
  "usd_thb": 32.35
}