{
  "ts": "2026-01-12T06:00:33.467Z",
  "xauusd": 4583.399902,
  "xagusd": 84.411003,
  "fng": {
    "value": 27,
    "classification": "Fear"
  },
  "usd_thb": 31.2
}