{
  "ts": "2026-03-27T05:21:27.071Z",
  "xauusd": 4444.700195,
  "xagusd": 69.873001,
  "fng": {
    "value": 13,
    "classification": "Extreme Fear"
  },
  "usd_thb": 32.8
}