{
  "ts": "2025-09-17T21:54:59.691Z",
  "xauusd": 3660.800049,
  "xagusd": 41.707001,
  "fng": {
    "value": 53,
    "classification": "Neutral"
  },
  "usd_thb": 31.73
}