{
  "ts": "2026-01-16T10:46:06.625Z",
  "xauusd": 4608.200195,
  "xagusd": 91.191002,
  "fng": {
    "value": 49,
    "classification": "Neutral"
  },
  "usd_thb": 31.35
}