{
  "ts": "2025-12-16T09:55:37.776Z",
  "xauusd": 4279.200195,
  "xagusd": 63.044998,
  "fng": {
    "value": 11,
    "classification": "Extreme Fear"
  },
  "usd_thb": 31.49
}