{
  "ts": "2026-01-29T18:04:44.671Z",
  "xauusd": 5343.899902,
  "xagusd": 114.985001,
  "fng": {
    "value": 26,
    "classification": "Fear"
  },
  "usd_thb": 31.31
}