{
  "ts": "2026-01-27T18:18:30.836Z",
  "xauusd": 5087.100098,
  "xagusd": 106.700996,
  "fng": {
    "value": 29,
    "classification": "Fear"
  },
  "usd_thb": 30.98
}