{
  "ts": "2026-01-13T19:27:37.606Z",
  "xauusd": 4594.700195,
  "xagusd": 87.845001,
  "fng": {
    "value": 26,
    "classification": "Fear"
  },
  "usd_thb": 31.49
}