{
  "ts": "2025-09-11T15:40:20.619Z",
  "xauusd": 3636.199951,
  "xagusd": 41.515999,
  "fng": {
    "value": 54,
    "classification": "Neutral"
  },
  "usd_thb": 31.7
}