{
  "ts": "2026-04-17T12:04:53.309Z",
  "xauusd": 4805.399902,
  "xagusd": 79.883003,
  "fng": {
    "value": 21,
    "classification": "Extreme Fear"
  },
  "usd_thb": 32.03
}