{
  "ts": "2026-01-12T11:00:11.170Z",
  "xauusd": 4595.700195,
  "xagusd": 84.268997,
  "fng": {
    "value": 27,
    "classification": "Fear"
  },
  "usd_thb": 31.21
}