{
  "ts": "2026-02-04T18:45:37.998Z",
  "xauusd": 4921.700195,
  "xagusd": 85.932999,
  "fng": {
    "value": 14,
    "classification": "Extreme Fear"
  },
  "usd_thb": 31.72
}