{
  "ts": "2025-09-04T14:46:18.500Z",
  "xauusd": 3546.300049,
  "xagusd": 40.716999,
  "fng": {
    "value": 51,
    "classification": "Neutral"
  },
  "usd_thb": 32.31
}