{
  "ts": "2025-09-24T22:31:26.541Z",
  "xauusd": 3745.100098,
  "xagusd": 43.978001,
  "fng": {
    "value": 44,
    "classification": "Fear"
  },
  "usd_thb": 32.03
}