{
  "ts": "2026-01-27T17:22:45.248Z",
  "xauusd": 5086.700195,
  "xagusd": 107.385002,
  "fng": {
    "value": 29,
    "classification": "Fear"
  },
  "usd_thb": 31.011
}