{
  "ts": "2026-04-13T15:39:38.590Z",
  "xauusd": 4716.799805,
  "xagusd": 74.269997,
  "fng": {
    "value": 12,
    "classification": "Extreme Fear"
  },
  "usd_thb": 32.18
}