{
  "ts": "2025-11-19T10:56:39.699Z",
  "xauusd": 4112.899902,
  "xagusd": 52.261002,
  "fng": {
    "value": 15,
    "classification": "Extreme Fear"
  },
  "usd_thb": 32.42
}