{
  "ts": "2025-10-17T11:29:09.640Z",
  "xauusd": 4324.299805,
  "xagusd": 54.087002,
  "fng": {
    "value": 22,
    "classification": "Extreme Fear"
  },
  "usd_thb": 32.7
}