{
  "ts": "2025-11-16T23:29:45.329Z",
  "xauusd": 4105.899902,
  "xagusd": 50.977001,
  "fng": {
    "value": 10,
    "classification": "Extreme Fear"
  },
  "usd_thb": 32.27
}