{
  "ts": "2025-12-10T19:47:41.542Z",
  "xauusd": 4195.700195,
  "xagusd": 60.498001,
  "fng": {
    "value": 26,
    "classification": "Fear"
  },
  "usd_thb": 31.85
}