{
  "ts": "2025-08-15T06:24:24.642Z",
  "xauusd": 3344.300049,
  "xagusd": 38.102001,
  "fng": {
    "value": 60,
    "classification": "Greed"
  },
  "usd_thb": 32.42
}