{
  "ts": "2026-05-11T20:03:20.940Z",
  "xauusd": 4738.700195,
  "xagusd": 86.288002,
  "fng": {
    "value": 48,
    "classification": "Neutral"
  },
  "usd_thb": 32.3
}