{
  "ts": "2026-02-25T11:22:11.498Z",
  "xauusd": 5161.100098,
  "xagusd": 89.957001,
  "fng": {
    "value": 11,
    "classification": "Extreme Fear"
  },
  "usd_thb": 31.04
}