{
  "ts": "2025-09-30T15:42:07.970Z",
  "xauusd": 3840.800049,
  "xagusd": 46.381001,
  "fng": {
    "value": 50,
    "classification": "Neutral"
  },
  "usd_thb": 32.45
}