{
  "ts": "2025-11-26T17:59:10.678Z",
  "xauusd": 4168.200195,
  "xagusd": 53.154999,
  "fng": {
    "value": 15,
    "classification": "Extreme Fear"
  },
  "usd_thb": 32.2
}