{
  "ts": "2026-04-29T21:32:50.952Z",
  "xauusd": 4544.899902,
  "xagusd": 71.454002,
  "fng": {
    "value": 26,
    "classification": "Fear"
  },
  "usd_thb": 32.74
}