{
  "ts": "2025-09-10T19:47:34.991Z",
  "xauusd": 3638.300049,
  "xagusd": 41.178001,
  "fng": {
    "value": 49,
    "classification": "Neutral"
  },
  "usd_thb": 31.78
}