{
  "ts": "2026-03-04T01:47:45.409Z",
  "xauusd": 5161.799805,
  "xagusd": 83.434998,
  "fng": {
    "value": 10,
    "classification": "Extreme Fear"
  },
  "usd_thb": 31.77
}