{
  "ts": "2025-12-02T21:59:08.533Z",
  "xauusd": 4206.799805,
  "xagusd": 58.515999,
  "fng": {
    "value": 23,
    "classification": "Extreme Fear"
  },
  "usd_thb": 32.04
}