{
  "ts": "2025-11-07T14:49:59.396Z",
  "xauusd": 3992.600098,
  "xagusd": 48.439999,
  "fng": {
    "value": 24,
    "classification": "Extreme Fear"
  },
  "usd_thb": 32.35
}