{
  "ts": "2025-08-19T03:49:46.206Z",
  "xauusd": 3339.199951,
  "xagusd": 37.985001,
  "fng": {
    "value": 56,
    "classification": "Greed"
  },
  "usd_thb": 32.49
}