{
  "ts": "2025-12-18T07:18:06.749Z",
  "xauusd": 4331.899902,
  "xagusd": 66.463997,
  "fng": {
    "value": 17,
    "classification": "Extreme Fear"
  },
  "usd_thb": 31.47
}