{
  "ts": "2026-04-14T19:58:28.453Z",
  "xauusd": 4846.700195,
  "xagusd": 79.699997,
  "fng": {
    "value": 21,
    "classification": "Extreme Fear"
  },
  "usd_thb": 31.97
}