{
  "ts": "2025-11-03T07:51:13.403Z",
  "xauusd": 4023.699951,
  "xagusd": 49.098999,
  "fng": {
    "value": 42,
    "classification": "Fear"
  },
  "usd_thb": 32.4
}