{
  "ts": "2025-11-13T10:52:28.972Z",
  "xauusd": 4220.100098,
  "xagusd": 53.990002,
  "fng": {
    "value": 15,
    "classification": "Extreme Fear"
  },
  "usd_thb": 32.31
}