{
  "ts": "2025-12-29T17:21:55.169Z",
  "xauusd": 4329.299805,
  "xagusd": 72.238998,
  "fng": {
    "value": 24,
    "classification": "Extreme Fear"
  },
  "usd_thb": 31.6
}