{
  "ts": "2025-12-07T07:41:01.980Z",
  "xauusd": 4199.299805,
  "xagusd": 58.393002,
  "fng": {
    "value": 20,
    "classification": "Extreme Fear"
  },
  "usd_thb": 31.86
}