{
  "ts": "2025-09-28T22:29:01.828Z",
  "xauusd": 3768.800049,
  "xagusd": 46.317001,
  "fng": {
    "value": 37,
    "classification": "Fear"
  },
  "usd_thb": 32.14
}