{
  "ts": "2026-07-20T23:16:18.529Z",
  "xauusd": 4004.199951,
  "xagusd": 56.389999,
  "fng": {
    "value": 29,
    "classification": "Fear"
  },
  "usd_thb": 33.62
}