{
  "ts": "2025-09-25T20:49:19.396Z",
  "xauusd": 3753.600098,
  "xagusd": 45.278999,
  "fng": {
    "value": 44,
    "classification": "Fear"
  },
  "usd_thb": 32.18
}