{
  "ts": "2025-08-19T15:23:10.456Z",
  "xauusd": 3324.699951,
  "xagusd": 37.470001,
  "fng": {
    "value": 56,
    "classification": "Greed"
  },
  "usd_thb": 32.56
}