{
  "ts": "2025-11-27T16:57:09.807Z",
  "xauusd": 4157.100098,
  "xagusd": 53.346001,
  "fng": {
    "value": 22,
    "classification": "Extreme Fear"
  },
  "usd_thb": 32.22
}