{
  "ts": "2025-12-30T14:49:22.986Z",
  "xauusd": 4357.600098,
  "xagusd": 75.247002,
  "fng": {
    "value": 23,
    "classification": "Extreme Fear"
  },
  "usd_thb": 31.38
}