{
  "ts": "2025-08-26T13:32:41.976Z",
  "xauusd": 3373.600098,
  "xagusd": 38.481998,
  "fng": {
    "value": 48,
    "classification": "Neutral"
  },
  "usd_thb": 32.45
}