{
  "ts": "2025-10-10T06:50:02.109Z",
  "xauusd": 3973.100098,
  "xagusd": 49.994999,
  "fng": {
    "value": 64,
    "classification": "Greed"
  },
  "usd_thb": 32.7
}