{
  "ts": "2025-09-02T10:38:53.199Z",
  "xauusd": 3482.899902,
  "xagusd": 40.509998,
  "fng": {
    "value": 49,
    "classification": "Neutral"
  },
  "usd_thb": 32.38
}