{
  "ts": "2026-07-21T16:08:41.898Z",
  "xauusd": 4078.800049,
  "xagusd": 59.085999,
  "fng": {
    "value": 25,
    "classification": "Extreme Fear"
  },
  "usd_thb": 33.68
}