{
  "ts": "2026-01-22T08:29:42.373Z",
  "xauusd": 4828.700195,
  "xagusd": 94.185997,
  "fng": {
    "value": 20,
    "classification": "Extreme Fear"
  },
  "usd_thb": 31.36
}