{
  "ts": "2025-08-19T09:11:25.077Z",
  "xauusd": 3338.600098,
  "xagusd": 38.126999,
  "fng": {
    "value": 56,
    "classification": "Greed"
  },
  "usd_thb": 32.51
}