{
  "ts": "2025-12-09T07:29:24.033Z",
  "xauusd": 4179.399902,
  "xagusd": 58.009998,
  "fng": {
    "value": 22,
    "classification": "Extreme Fear"
  },
  "usd_thb": 31.88
}