{
  "ts": "2026-01-19T17:28:27.102Z",
  "xauusd": 4673.899902,
  "xagusd": 94.737999,
  "fng": {
    "value": 44,
    "classification": "Fear"
  },
  "usd_thb": 31.236
}