{
  "ts": "2025-09-12T15:10:40.930Z",
  "xauusd": 3645.899902,
  "xagusd": 42.176998,
  "fng": {
    "value": 57,
    "classification": "Greed"
  },
  "usd_thb": 31.71
}