{
  "ts": "2025-10-16T13:58:25.618Z",
  "xauusd": 4246.799805,
  "xagusd": 53.411999,
  "fng": {
    "value": 28,
    "classification": "Fear"
  },
  "usd_thb": 32.5
}