{
  "ts": "2025-08-25T04:25:48.001Z",
  "xauusd": 3365.800049,
  "xagusd": 38.875999,
  "fng": {
    "value": 47,
    "classification": "Neutral"
  },
  "usd_thb": 32.39
}