{
  "ts": "2025-10-21T23:36:24.672Z",
  "xauusd": 4126.899902,
  "xagusd": 48.641998,
  "fng": {
    "value": 34,
    "classification": "Fear"
  },
  "usd_thb": 32.84
}