{
  "ts": "2026-01-16T08:26:14.858Z",
  "xauusd": 4611.399902,
  "xagusd": 91.371002,
  "fng": {
    "value": 49,
    "classification": "Neutral"
  },
  "usd_thb": 31.32
}