{
  "ts": "2026-06-02T01:40:40.845Z",
  "xauusd": 4483.200195,
  "xagusd": 75.612999,
  "fng": {
    "value": 23,
    "classification": "Extreme Fear"
  },
  "usd_thb": 32.57
}