{
  "ts": "2025-09-12T16:47:59.941Z",
  "xauusd": 3648.600098,
  "xagusd": 42.299999,
  "fng": {
    "value": 57,
    "classification": "Greed"
  },
  "usd_thb": 31.71
}