{
  "ts": "2025-09-15T22:41:13.398Z",
  "xauusd": 3679.800049,
  "xagusd": 42.662998,
  "fng": {
    "value": 53,
    "classification": "Neutral"
  },
  "usd_thb": 31.79
}