{
  "ts": "2025-11-14T18:23:36.503Z",
  "xauusd": 4084.100098,
  "xagusd": 50.880001,
  "fng": {
    "value": 16,
    "classification": "Extreme Fear"
  },
  "usd_thb": 32.46
}