{
  "ts": "2025-08-15T17:17:14.100Z",
  "xauusd": 3336.199951,
  "xagusd": 37.945999,
  "fng": {
    "value": 60,
    "classification": "Greed"
  },
  "usd_thb": 32.45
}