{
  "ts": "2025-09-05T07:47:51.948Z",
  "xauusd": 3548.600098,
  "xagusd": 40.876999,
  "fng": {
    "value": 48,
    "classification": "Neutral"
  },
  "usd_thb": 32.24
}