{
  "ts": "2025-12-18T20:52:34.873Z",
  "xauusd": 4334.100098,
  "xagusd": 65.476997,
  "fng": {
    "value": 17,
    "classification": "Extreme Fear"
  },
  "usd_thb": 31.43
}