{
  "ts": "2026-05-18T12:41:49.596Z",
  "xauusd": 4560.700195,
  "xagusd": 77.207001,
  "fng": {
    "value": 28,
    "classification": "Fear"
  },
  "usd_thb": 32.54
}