{
  "ts": "2026-03-13T19:10:09.640Z",
  "xauusd": 5043.200195,
  "xagusd": 81.052002,
  "fng": {
    "value": 15,
    "classification": "Extreme Fear"
  },
  "usd_thb": 32.37
}