{
  "ts": "2025-08-26T16:56:51.295Z",
  "xauusd": 3383.800049,
  "xagusd": 38.566002,
  "fng": {
    "value": 48,
    "classification": "Neutral"
  },
  "usd_thb": 32.42
}