{
  "ts": "2026-06-23T23:39:11.966Z",
  "xauusd": 4094.300049,
  "xagusd": 61.221001,
  "fng": {
    "value": 23,
    "classification": "Extreme Fear"
  },
  "usd_thb": 33.28
}