{
  "ts": "2026-01-30T10:00:55.684Z",
  "xauusd": 5022.799805,
  "xagusd": 98.587997,
  "fng": {
    "value": 16,
    "classification": "Extreme Fear"
  },
  "usd_thb": 31.44
}