{
  "ts": "2025-10-21T15:21:16.306Z",
  "xauusd": 4133.529785,
  "xagusd": 48.720001,
  "fng": {
    "value": 34,
    "classification": "Fear"
  },
  "usd_thb": 32.73
}