{
  "ts": "2025-09-02T20:29:41.514Z",
  "xauusd": 3536.699951,
  "xagusd": 40.946999,
  "fng": {
    "value": 49,
    "classification": "Neutral"
  },
  "usd_thb": 32.33
}