{
  "ts": "2026-01-05T23:56:10.335Z",
  "xauusd": 4440.600098,
  "xagusd": 76.232002,
  "fng": {
    "value": 26,
    "classification": "Fear"
  },
  "usd_thb": 31.29
}