{
  "ts": "2026-03-27T10:26:24.200Z",
  "xauusd": 4428.600098,
  "xagusd": 68.910004,
  "fng": {
    "value": 13,
    "classification": "Extreme Fear"
  },
  "usd_thb": 32.83
}