{
  "ts": "2025-09-22T09:24:51.224Z",
  "xauusd": 3726.399902,
  "xagusd": 43.803001,
  "fng": {
    "value": 45,
    "classification": "Fear"
  },
  "usd_thb": 31.79
}