{
  "ts": "2025-11-14T03:33:05.642Z",
  "xauusd": 4210.200195,
  "xagusd": 53.557999,
  "fng": {
    "value": 16,
    "classification": "Extreme Fear"
  },
  "usd_thb": 32.31
}