{
  "ts": "2025-12-31T14:14:05.848Z",
  "xauusd": 4339.399902,
  "xagusd": 72.260002,
  "fng": {
    "value": 21,
    "classification": "Extreme Fear"
  },
  "usd_thb": 31.56
}