{
  "ts": "2025-09-11T22:15:13.416Z",
  "xauusd": 3636.800049,
  "xagusd": 41.571999,
  "fng": {
    "value": 54,
    "classification": "Neutral"
  },
  "usd_thb": 31.73
}