{
  "ts": "2025-09-10T09:44:18.466Z",
  "xauusd": 3648.899902,
  "xagusd": 41.162998,
  "fng": {
    "value": 49,
    "classification": "Neutral"
  },
  "usd_thb": 31.78
}