{
  "ts": "2025-08-18T07:35:38.806Z",
  "xauusd": 3354.699951,
  "xagusd": 38.150002,
  "fng": {
    "value": 60,
    "classification": "Greed"
  },
  "usd_thb": 32.43
}