{
  "ts": "2026-01-12T18:57:10.926Z",
  "xauusd": 4609.899902,
  "xagusd": 85.240997,
  "fng": {
    "value": 27,
    "classification": "Fear"
  },
  "usd_thb": 31.18
}