{
  "ts": "2025-12-26T13:05:45.369Z",
  "xauusd": 4515.700195,
  "xagusd": 74.748001,
  "fng": {
    "value": 20,
    "classification": "Extreme Fear"
  },
  "usd_thb": 30.97
}