{
  "ts": "2025-11-06T15:48:25.932Z",
  "xauusd": 3977.879883,
  "xagusd": 47.868401,
  "fng": {
    "value": 27,
    "classification": "Fear"
  },
  "usd_thb": 32.43
}