{
  "ts": "2026-02-12T09:11:09.605Z",
  "xauusd": 5075.899902,
  "xagusd": 84.056999,
  "fng": {
    "value": 5,
    "classification": "Extreme Fear"
  },
  "usd_thb": 30.97
}