{
  "ts": "2025-08-20T22:44:23.203Z",
  "xauusd": 3350.800049,
  "xagusd": 37.966999,
  "fng": {
    "value": 44,
    "classification": "Fear"
  },
  "usd_thb": 32.58
}