{
  "ts": "2026-01-08T04:51:51.449Z",
  "xauusd": 4432.200195,
  "xagusd": 77.661003,
  "fng": {
    "value": 28,
    "classification": "Fear"
  },
  "usd_thb": 31.34
}