{
  "ts": "2025-09-12T01:40:13.273Z",
  "xauusd": 3644.800049,
  "xagusd": 41.764999,
  "fng": {
    "value": 57,
    "classification": "Greed"
  },
  "usd_thb": 31.71
}