{
  "ts": "2025-11-19T08:43:09.815Z",
  "xauusd": 4084.899902,
  "xagusd": 51.308998,
  "fng": {
    "value": 15,
    "classification": "Extreme Fear"
  },
  "usd_thb": 32.42
}