{
  "ts": "2026-04-22T14:21:01.125Z",
  "xauusd": 4747.899902,
  "xagusd": 78.421997,
  "fng": {
    "value": 32,
    "classification": "Fear"
  },
  "usd_thb": 32.18
}