{
  "ts": "2025-12-22T21:52:13.976Z",
  "xauusd": 4446.700195,
  "xagusd": 69.133003,
  "fng": {
    "value": 25,
    "classification": "Extreme Fear"
  },
  "usd_thb": 31.14
}