{
  "ts": "2026-02-20T03:28:50.353Z",
  "xauusd": 4996.100098,
  "xagusd": 78.489998,
  "fng": {
    "value": 7,
    "classification": "Extreme Fear"
  },
  "usd_thb": 31.18
}