{
  "ts": "2026-03-25T15:09:19.986Z",
  "xauusd": 4555.700195,
  "xagusd": 72.893997,
  "fng": {
    "value": 14,
    "classification": "Extreme Fear"
  },
  "usd_thb": 32.54
}