{
  "ts": "2025-09-17T17:21:52.514Z",
  "xauusd": 3683.100098,
  "xagusd": 41.889999,
  "fng": {
    "value": 53,
    "classification": "Neutral"
  },
  "usd_thb": 31.71
}