{
  "ts": "2025-09-01T09:39:31.905Z",
  "xauusd": 3471.100098,
  "xagusd": 40.619999,
  "fng": {
    "value": 46,
    "classification": "Fear"
  },
  "usd_thb": 32.29
}