{
  "ts": "2025-09-26T17:15:58.256Z",
  "xauusd": 3779.600098,
  "xagusd": 46.389999,
  "fng": {
    "value": 28,
    "classification": "Fear"
  },
  "usd_thb": 32.24
}