{
  "ts": "2026-01-08T23:18:21.788Z",
  "xauusd": 4477.299805,
  "xagusd": 77.137001,
  "fng": {
    "value": 28,
    "classification": "Fear"
  },
  "usd_thb": 31.41
}