{
  "ts": "2025-11-24T05:00:46.106Z",
  "xauusd": 4045.399902,
  "xagusd": 49.933998,
  "fng": {
    "value": 19,
    "classification": "Extreme Fear"
  },
  "usd_thb": 32.48
}