{
  "ts": "2025-12-23T19:27:57.955Z",
  "xauusd": 4491.399902,
  "xagusd": 71.234001,
  "fng": {
    "value": 24,
    "classification": "Extreme Fear"
  },
  "usd_thb": 31.11
}