{
  "ts": "2026-01-02T20:12:45.707Z",
  "xauusd": 4321.899902,
  "xagusd": 72.219002,
  "fng": {
    "value": 28,
    "classification": "Fear"
  },
  "usd_thb": 31.41
}