{
  "ts": "2025-12-05T19:38:18.380Z",
  "xauusd": 4208.700195,
  "xagusd": 58.564999,
  "fng": {
    "value": 28,
    "classification": "Fear"
  },
  "usd_thb": 31.88
}