{
  "ts": "2025-11-20T20:31:05.988Z",
  "xauusd": 4078.300049,
  "xagusd": 50.676998,
  "fng": {
    "value": 11,
    "classification": "Extreme Fear"
  },
  "usd_thb": 32.43
}