{
  "ts": "2025-09-17T22:13:21.260Z",
  "xauusd": 3661.699951,
  "xagusd": 41.714001,
  "fng": {
    "value": 53,
    "classification": "Neutral"
  },
  "usd_thb": 31.77
}