{
  "ts": "2026-02-02T13:20:28.791Z",
  "xauusd": 4752.200195,
  "xagusd": 81.526001,
  "fng": {
    "value": 14,
    "classification": "Extreme Fear"
  },
  "usd_thb": 31.66
}