{
  "ts": "2026-04-08T07:56:11.550Z",
  "xauusd": 4818.899902,
  "xagusd": 77.183998,
  "fng": {
    "value": 17,
    "classification": "Extreme Fear"
  },
  "usd_thb": 32.01
}