{
  "ts": "2025-10-01T23:35:55.017Z",
  "xauusd": 3864.100098,
  "xagusd": 47.317001,
  "fng": {
    "value": 49,
    "classification": "Neutral"
  },
  "usd_thb": 32.39
}