{
  "ts": "2026-05-12T04:50:18.867Z",
  "xauusd": 4720.299805,
  "xagusd": 86.214996,
  "fng": {
    "value": 49,
    "classification": "Neutral"
  },
  "usd_thb": 32.29
}