{
  "ts": "2025-12-05T07:58:09.601Z",
  "xauusd": 4225.100098,
  "xagusd": 58.242001,
  "fng": {
    "value": 28,
    "classification": "Fear"
  },
  "usd_thb": 31.86
}