{
  "ts": "2025-09-30T23:53:36.639Z",
  "xauusd": 3863.800049,
  "xagusd": 46.761002,
  "fng": {
    "value": 50,
    "classification": "Neutral"
  },
  "usd_thb": 32.46
}