{
  "ts": "2025-10-14T17:50:32.774Z",
  "xauusd": 4145.799805,
  "xagusd": 51.935001,
  "fng": {
    "value": 38,
    "classification": "Fear"
  },
  "usd_thb": 32.66
}