{
  "ts": "2025-08-19T13:39:29.995Z",
  "xauusd": 3336.300049,
  "xagusd": 38.049999,
  "fng": {
    "value": 56,
    "classification": "Greed"
  },
  "usd_thb": 32.53
}