{
  "ts": "2026-01-05T21:58:33.141Z",
  "xauusd": 4449.899902,
  "xagusd": 76.627998,
  "fng": {
    "value": 26,
    "classification": "Fear"
  },
  "usd_thb": 31.27
}