{
  "ts": "2026-03-11T19:05:49.057Z",
  "xauusd": 5172.799805,
  "xagusd": 85.623001,
  "fng": {
    "value": 15,
    "classification": "Extreme Fear"
  },
  "usd_thb": 31.83
}