{
  "ts": "2025-10-07T04:39:31.172Z",
  "xauusd": 3975.600098,
  "xagusd": 48.526001,
  "fng": {
    "value": 70,
    "classification": "Greed"
  },
  "usd_thb": 32.41
}