{
  "ts": "2025-12-04T18:55:21.301Z",
  "xauusd": 4211.399902,
  "xagusd": 57.113998,
  "fng": {
    "value": 26,
    "classification": "Fear"
  },
  "usd_thb": 32.01
}