{
  "ts": "2026-03-19T14:31:43.301Z",
  "xauusd": 4587.799805,
  "xagusd": 69.424004,
  "fng": {
    "value": 23,
    "classification": "Extreme Fear"
  },
  "usd_thb": 32.84
}