{
  "ts": "2025-12-01T03:07:44.021Z",
  "xauusd": 4240.899902,
  "xagusd": 57.397999,
  "fng": {
    "value": 24,
    "classification": "Extreme Fear"
  },
  "usd_thb": 32.11
}