{
  "ts": "2025-12-05T11:30:26.458Z",
  "xauusd": 4222.299805,
  "xagusd": 58.074001,
  "fng": {
    "value": 28,
    "classification": "Fear"
  },
  "usd_thb": 31.85
}