{
  "ts": "2026-03-17T06:44:20.251Z",
  "xauusd": 5015.399902,
  "xagusd": 81.114998,
  "fng": {
    "value": 28,
    "classification": "Fear"
  },
  "usd_thb": 32.45
}