{
  "ts": "2025-09-26T20:52:17.173Z",
  "xauusd": 3762.699951,
  "xagusd": 46.124001,
  "fng": {
    "value": 28,
    "classification": "Fear"
  },
  "usd_thb": 32.23
}