{
  "ts": "2026-05-19T14:18:26.337Z",
  "xauusd": 4499.399902,
  "xagusd": 74.497002,
  "fng": {
    "value": 25,
    "classification": "Extreme Fear"
  },
  "usd_thb": 32.73
}