{
  "ts": "2026-01-06T20:14:04.232Z",
  "xauusd": 4485.399902,
  "xagusd": 80.234001,
  "fng": {
    "value": 44,
    "classification": "Fear"
  },
  "usd_thb": 31.2
}