{
  "ts": "2025-09-25T19:59:52.374Z",
  "xauusd": 3747.300049,
  "xagusd": 45.244999,
  "fng": {
    "value": 44,
    "classification": "Fear"
  },
  "usd_thb": 32.22
}