{
  "ts": "2025-10-10T10:33:48.898Z",
  "xauusd": 3999.800049,
  "xagusd": 50.470001,
  "fng": {
    "value": 64,
    "classification": "Greed"
  },
  "usd_thb": 32.74
}