{
  "ts": "2026-07-16T19:24:23.732Z",
  "xauusd": 3981.699951,
  "xagusd": 55.705002,
  "fng": {
    "value": 25,
    "classification": "Extreme Fear"
  },
  "usd_thb": 33.56
}