{
  "ts": "2025-10-28T21:36:25.283Z",
  "xauusd": 3953.399902,
  "xagusd": 47.098999,
  "fng": {
    "value": 50,
    "classification": "Neutral"
  },
  "usd_thb": 32.3
}