{
  "ts": "2025-10-09T23:00:12.121Z",
  "xauusd": 3975.899902,
  "xagusd": 49.129002,
  "fng": {
    "value": 70,
    "classification": "Greed"
  },
  "usd_thb": 32.75
}