{
  "ts": "2025-11-10T06:52:38.694Z",
  "xauusd": 4075.100098,
  "xagusd": 49.529999,
  "fng": {
    "value": 29,
    "classification": "Fear"
  },
  "usd_thb": 32.34
}