{
  "ts": "2026-02-05T15:22:19.278Z",
  "xauusd": 4834.299805,
  "xagusd": 74.483002,
  "fng": {
    "value": 12,
    "classification": "Extreme Fear"
  },
  "usd_thb": 31.74
}