{
  "ts": "2025-08-27T21:27:17.097Z",
  "xauusd": 3397.699951,
  "xagusd": 38.637001,
  "fng": {
    "value": 51,
    "classification": "Neutral"
  },
  "usd_thb": 32.43
}