{
  "ts": "2025-09-30T17:17:06.273Z",
  "xauusd": 3847.100098,
  "xagusd": 46.511002,
  "fng": {
    "value": 50,
    "classification": "Neutral"
  },
  "usd_thb": 32.43
}