{
  "ts": "2025-08-27T06:55:35.936Z",
  "xauusd": 3380.100098,
  "xagusd": 38.507999,
  "fng": {
    "value": 51,
    "classification": "Neutral"
  },
  "usd_thb": 32.46
}