{
  "ts": "2026-05-25T22:03:10.224Z",
  "xauusd": 4572.399902,
  "xagusd": 78.182999,
  "fng": {
    "value": 30,
    "classification": "Fear"
  },
  "usd_thb": 32.47
}