{
  "ts": "2025-11-13T23:43:28.161Z",
  "xauusd": 4180.200195,
  "xagusd": 52.537998,
  "fng": {
    "value": 15,
    "classification": "Extreme Fear"
  },
  "usd_thb": 32.35
}