{
  "ts": "2025-09-09T15:37:00.544Z",
  "xauusd": 3637.199951,
  "xagusd": 40.919998,
  "fng": {
    "value": 48,
    "classification": "Neutral"
  },
  "usd_thb": 31.75
}