{
  "ts": "2025-11-20T18:49:07.959Z",
  "xauusd": 4060.300049,
  "xagusd": 50.516998,
  "fng": {
    "value": 11,
    "classification": "Extreme Fear"
  },
  "usd_thb": 32.44
}