{
  "ts": "2026-03-02T13:39:25.842Z",
  "xauusd": 5403.899902,
  "xagusd": 94.245003,
  "fng": {
    "value": 10,
    "classification": "Extreme Fear"
  },
  "usd_thb": 31.44
}