{
  "ts": "2025-09-09T23:36:02.055Z",
  "xauusd": 3638.699951,
  "xagusd": 40.953999,
  "fng": {
    "value": 48,
    "classification": "Neutral"
  },
  "usd_thb": 31.78
}