{
  "ts": "2026-07-14T03:29:06.208Z",
  "xauusd": 4019.699951,
  "xagusd": 57.743999,
  "fng": {
    "value": 22,
    "classification": "Extreme Fear"
  },
  "usd_thb": 33.48
}