{
  "ts": "2025-11-17T13:49:37.820Z",
  "xauusd": 4070.699951,
  "xagusd": 50.717999,
  "fng": {
    "value": 14,
    "classification": "Extreme Fear"
  },
  "usd_thb": 32.48
}