{
  "ts": "2026-01-19T03:48:57.213Z",
  "xauusd": 4661.799805,
  "xagusd": 93.113998,
  "fng": {
    "value": 44,
    "classification": "Fear"
  },
  "usd_thb": 31.278
}