{
  "ts": "2026-04-24T23:23:52.809Z",
  "xauusd": 4710.799805,
  "xagusd": 75.806999,
  "fng": {
    "value": 39,
    "classification": "Fear"
  },
  "usd_thb": 32.32
}