{
  "ts": "2025-10-31T07:36:46.178Z",
  "xauusd": 4019.800049,
  "xagusd": 49.342999,
  "fng": {
    "value": 29,
    "classification": "Fear"
  },
  "usd_thb": 32.32
}