{
  "ts": "2025-08-19T08:34:44.189Z",
  "xauusd": 3339.399902,
  "xagusd": 38.088001,
  "fng": {
    "value": 56,
    "classification": "Greed"
  },
  "usd_thb": 32.51
}