{
  "ts": "2025-10-27T13:31:32.051Z",
  "xauusd": 4033.699951,
  "xagusd": 47.478001,
  "fng": {
    "value": 51,
    "classification": "Neutral"
  },
  "usd_thb": 32.69
}