{
  "ts": "2026-01-27T21:27:22.096Z",
  "xauusd": 5173.100098,
  "xagusd": 112.343002,
  "fng": {
    "value": 29,
    "classification": "Fear"
  },
  "usd_thb": 30.88
}