{
  "ts": "2025-11-25T20:52:35.808Z",
  "xauusd": 4133.899902,
  "xagusd": 51.467999,
  "fng": {
    "value": 20,
    "classification": "Extreme Fear"
  },
  "usd_thb": 32.26
}