{
  "ts": "2025-09-22T08:47:02.982Z",
  "xauusd": 3722.199951,
  "xagusd": 43.748001,
  "fng": {
    "value": 45,
    "classification": "Fear"
  },
  "usd_thb": 31.81
}