{
  "ts": "2025-12-18T16:56:41.728Z",
  "xauusd": 4358.799805,
  "xagusd": 65.778999,
  "fng": {
    "value": 17,
    "classification": "Extreme Fear"
  },
  "usd_thb": 31.42
}