{
  "ts": "2025-10-20T06:24:21.952Z",
  "xauusd": 4235.700195,
  "xagusd": 51.602001,
  "fng": {
    "value": 29,
    "classification": "Fear"
  },
  "usd_thb": 32.76
}