{
  "ts": "2025-10-14T04:51:21.839Z",
  "xauusd": 4168.200195,
  "xagusd": 53.332001,
  "fng": {
    "value": 38,
    "classification": "Fear"
  },
  "usd_thb": 32.54
}