{
  "ts": "2025-12-12T11:21:56.477Z",
  "xauusd": 4337.399902,
  "xagusd": 64.429001,
  "fng": {
    "value": 29,
    "classification": "Fear"
  },
  "usd_thb": 31.52
}