{
  "ts": "2026-04-01T11:04:27.699Z",
  "xauusd": 4733.700195,
  "xagusd": 75.068001,
  "fng": {
    "value": 8,
    "classification": "Extreme Fear"
  },
  "usd_thb": 32.51
}