{
  "ts": "2025-08-29T13:49:05.651Z",
  "xauusd": 3426.199951,
  "xagusd": 39.023998,
  "fng": {
    "value": 50,
    "classification": "Neutral"
  },
  "usd_thb": 32.35
}