{
  "ts": "2026-06-11T09:04:46.702Z",
  "xauusd": 4087.300049,
  "xagusd": 64.407997,
  "fng": {
    "value": 12,
    "classification": "Extreme Fear"
  },
  "usd_thb": 32.91
}