{
  "ts": "2025-12-18T10:48:51.137Z",
  "xauusd": 4327.600098,
  "xagusd": 66.150002,
  "fng": {
    "value": 17,
    "classification": "Extreme Fear"
  },
  "usd_thb": 31.44
}