{
  "ts": "2025-10-06T04:47:50.149Z",
  "xauusd": 3940.600098,
  "xagusd": 48.629002,
  "fng": {
    "value": 71,
    "classification": "Greed"
  },
  "usd_thb": 32.34
}