{
  "ts": "2025-09-02T05:54:33.290Z",
  "xauusd": 3495.899902,
  "xagusd": 40.806999,
  "fng": {
    "value": 49,
    "classification": "Neutral"
  },
  "usd_thb": 32.31
}