{
  "ts": "2025-08-28T17:30:07.903Z",
  "xauusd": 3416.399902,
  "xagusd": 39.120998,
  "fng": {
    "value": 48,
    "classification": "Neutral"
  },
  "usd_thb": 32.27
}