{
  "ts": "2025-08-28T03:24:44.199Z",
  "xauusd": 3391.800049,
  "xagusd": 38.803001,
  "fng": {
    "value": 48,
    "classification": "Neutral"
  },
  "usd_thb": 32.37
}