{
  "ts": "2026-07-22T23:30:17.410Z",
  "xauusd": 4121.200195,
  "xagusd": 59.584999,
  "fng": {
    "value": 33,
    "classification": "Fear"
  },
  "usd_thb": 33.76
}