{
  "ts": "2026-02-27T18:20:19.403Z",
  "xauusd": 5234.899902,
  "xagusd": 93.635002,
  "fng": {
    "value": 13,
    "classification": "Extreme Fear"
  },
  "usd_thb": 31.04
}