{
  "ts": "2025-11-12T04:37:48.626Z",
  "xauusd": 4109.399902,
  "xagusd": 51.112999,
  "fng": {
    "value": 24,
    "classification": "Extreme Fear"
  },
  "usd_thb": 32.52
}