{
  "ts": "2025-12-04T09:55:15.374Z",
  "xauusd": 4199.399902,
  "xagusd": 57.490002,
  "fng": {
    "value": 26,
    "classification": "Fear"
  },
  "usd_thb": 32.04
}