{
  "ts": "2025-12-31T16:13:30.298Z",
  "xauusd": 4328.600098,
  "xagusd": 72.010002,
  "fng": {
    "value": 21,
    "classification": "Extreme Fear"
  },
  "usd_thb": 31.4
}