{
  "ts": "2025-09-23T11:40:17.901Z",
  "xauusd": 3785.100098,
  "xagusd": 44.382999,
  "fng": {
    "value": 43,
    "classification": "Fear"
  },
  "usd_thb": 31.83
}