{
  "ts": "2025-10-05T23:55:38.679Z",
  "xauusd": 3909.800049,
  "xagusd": 48.296001,
  "fng": {
    "value": 74,
    "classification": "Greed"
  },
  "usd_thb": 32.39
}