{
  "ts": "2025-11-05T17:27:10.838Z",
  "xauusd": 3982.199951,
  "xagusd": 48.151001,
  "fng": {
    "value": 23,
    "classification": "Extreme Fear"
  },
  "usd_thb": 32.48
}