{
  "ts": "2026-04-21T16:43:29.428Z",
  "xauusd": 4725.299805,
  "xagusd": 76.843002,
  "fng": {
    "value": 33,
    "classification": "Fear"
  },
  "usd_thb": 32.2
}