{
  "ts": "2026-03-02T23:43:03.276Z",
  "xauusd": 5333.600098,
  "xagusd": 89.706001,
  "fng": {
    "value": 10,
    "classification": "Extreme Fear"
  },
  "usd_thb": 31.34
}