{
  "ts": "2025-10-28T17:59:00.804Z",
  "xauusd": 3964.300049,
  "xagusd": 47.221001,
  "fng": {
    "value": 50,
    "classification": "Neutral"
  },
  "usd_thb": 32.34
}