{
  "ts": "2026-07-01T18:21:04.781Z",
  "xauusd": 4068.100098,
  "xagusd": 59.983002,
  "fng": {
    "value": 11,
    "classification": "Extreme Fear"
  },
  "usd_thb": 33.34
}