{
  "ts": "2026-03-26T11:31:43.828Z",
  "xauusd": 4447.600098,
  "xagusd": 68.160004,
  "fng": {
    "value": 10,
    "classification": "Extreme Fear"
  },
  "usd_thb": 32.78
}