{
  "ts": "2025-10-19T23:35:45.913Z",
  "xauusd": 4247.600098,
  "xagusd": 51.978001,
  "fng": {
    "value": 29,
    "classification": "Fear"
  },
  "usd_thb": 32.8
}