{
  "ts": "2025-09-11T13:45:02.450Z",
  "xauusd": 3628.600098,
  "xagusd": 41.310001,
  "fng": {
    "value": 54,
    "classification": "Neutral"
  },
  "usd_thb": 31.76
}