{
  "ts": "2025-12-22T07:40:06.083Z",
  "xauusd": 4415.899902,
  "xagusd": 69.025002,
  "fng": {
    "value": 25,
    "classification": "Extreme Fear"
  },
  "usd_thb": 31.14
}