{
  "ts": "2026-02-27T07:52:49.289Z",
  "xauusd": 5180.899902,
  "xagusd": 90.203003,
  "fng": {
    "value": 13,
    "classification": "Extreme Fear"
  },
  "usd_thb": 31.02
}