{
  "ts": "2026-02-23T07:59:55.341Z",
  "xauusd": 5138.200195,
  "xagusd": 86.050003,
  "fng": {
    "value": 5,
    "classification": "Extreme Fear"
  },
  "usd_thb": 30.98
}