{
  "ts": "2025-09-02T22:17:25.186Z",
  "xauusd": 3533.199951,
  "xagusd": 40.897999,
  "fng": {
    "value": 49,
    "classification": "Neutral"
  },
  "usd_thb": 32.36
}