{
  "ts": "2026-01-28T11:47:14.984Z",
  "xauusd": 5262.799805,
  "xagusd": 112.196999,
  "fng": {
    "value": 29,
    "classification": "Fear"
  },
  "usd_thb": 31.122
}