{
  "ts": "2025-10-03T03:51:00.738Z",
  "xauusd": 3842.600098,
  "xagusd": 46.855999,
  "fng": {
    "value": 63,
    "classification": "Greed"
  },
  "usd_thb": 32.44
}