{
  "ts": "2025-11-11T19:49:44.523Z",
  "xauusd": 4125.799805,
  "xagusd": 51.202999,
  "fng": {
    "value": 26,
    "classification": "Fear"
  },
  "usd_thb": 32.41
}