{
  "ts": "2026-02-16T08:02:16.269Z",
  "xauusd": 5009.899902,
  "xagusd": 77.093002,
  "fng": {
    "value": 12,
    "classification": "Extreme Fear"
  },
  "usd_thb": 31
}