{
  "ts": "2025-10-15T13:41:11.992Z",
  "xauusd": 4194.100098,
  "xagusd": 52.625999,
  "fng": {
    "value": 34,
    "classification": "Fear"
  },
  "usd_thb": 32.57
}