{
  "ts": "2025-11-19T17:11:48.615Z",
  "xauusd": 4061.100098,
  "xagusd": 50.470001,
  "fng": {
    "value": 15,
    "classification": "Extreme Fear"
  },
  "usd_thb": 32.46
}