{
  "ts": "2026-01-16T17:41:31.470Z",
  "xauusd": 4585.899902,
  "xagusd": 88.684998,
  "fng": {
    "value": 49,
    "classification": "Neutral"
  },
  "usd_thb": 31.43
}