{
  "ts": "2025-11-06T08:21:54.366Z",
  "xauusd": 4013.300049,
  "xagusd": 48.669998,
  "fng": {
    "value": 27,
    "classification": "Fear"
  },
  "usd_thb": 32.37
}