{
  "ts": "2026-03-23T12:02:59.121Z",
  "xauusd": 4361.799805,
  "xagusd": 66.973999,
  "fng": {
    "value": 8,
    "classification": "Extreme Fear"
  },
  "usd_thb": 32.68
}