{
  "ts": "2025-11-18T06:59:14.319Z",
  "xauusd": 4012.300049,
  "xagusd": 49.623001,
  "fng": {
    "value": 11,
    "classification": "Extreme Fear"
  },
  "usd_thb": 32.47
}