{
  "ts": "2025-09-11T22:59:30.087Z",
  "xauusd": 3635.300049,
  "xagusd": 41.585999,
  "fng": {
    "value": 54,
    "classification": "Neutral"
  },
  "usd_thb": 31.72
}