{
  "ts": "2025-12-21T08:27:08.854Z",
  "xauusd": 4339.700195,
  "xagusd": 67.218002,
  "fng": {
    "value": 20,
    "classification": "Extreme Fear"
  },
  "usd_thb": 31.46
}