{
  "ts": "2025-09-01T10:54:07.507Z",
  "xauusd": 3470.300049,
  "xagusd": 40.619999,
  "fng": {
    "value": 46,
    "classification": "Fear"
  },
  "usd_thb": 32.29
}