{
  "ts": "2026-01-30T04:58:52.150Z",
  "xauusd": 5208.899902,
  "xagusd": 111.308998,
  "fng": {
    "value": 16,
    "classification": "Extreme Fear"
  },
  "usd_thb": 31.378
}