{
  "ts": "2025-08-26T20:33:07.818Z",
  "xauusd": 3391.100098,
  "xagusd": 38.639999,
  "fng": {
    "value": 48,
    "classification": "Neutral"
  },
  "usd_thb": 32.44
}