{
  "ts": "2025-10-26T22:31:54.000Z",
  "xauusd": 4094.199951,
  "xagusd": 48.647999,
  "fng": {
    "value": 40,
    "classification": "Fear"
  },
  "usd_thb": 32.63
}