{
  "ts": "2025-10-01T22:19:17.926Z",
  "xauusd": 3864.199951,
  "xagusd": 47.330002,
  "fng": {
    "value": 49,
    "classification": "Neutral"
  },
  "usd_thb": 32.37
}