{
  "ts": "2025-10-16T05:44:52.163Z",
  "xauusd": 4211.100098,
  "xagusd": 52.786999,
  "fng": {
    "value": 28,
    "classification": "Fear"
  },
  "usd_thb": 32.61
}