{
  "ts": "2026-02-27T20:59:18.198Z",
  "xauusd": 5263.399902,
  "xagusd": 93.845001,
  "fng": {
    "value": 13,
    "classification": "Extreme Fear"
  },
  "usd_thb": 31.06
}