{
  "ts": "2025-08-14T06:59:13.826Z",
  "xauusd": 3361.600098,
  "xagusd": 38.539001,
  "fng": {
    "value": 75,
    "classification": "Greed"
  },
  "usd_thb": 32.31
}