{
  "ts": "2025-09-12T10:23:52.670Z",
  "xauusd": 3651.899902,
  "xagusd": 42.325001,
  "fng": {
    "value": 57,
    "classification": "Greed"
  },
  "usd_thb": 31.7
}