{
  "ts": "2025-09-29T07:13:38.627Z",
  "xauusd": 3819.300049,
  "xagusd": 46.988998,
  "fng": {
    "value": 50,
    "classification": "Neutral"
  },
  "usd_thb": 32.26
}