{
  "ts": "2025-09-02T15:39:30.541Z",
  "xauusd": 3514.199951,
  "xagusd": 40.814999,
  "fng": {
    "value": 49,
    "classification": "Neutral"
  },
  "usd_thb": 32.24
}