{
  "ts": "2025-09-10T23:00:59.592Z",
  "xauusd": 3640.272461,
  "xagusd": 41.148499,
  "fng": {
    "value": 49,
    "classification": "Neutral"
  },
  "usd_thb": 31.76
}