{
  "ts": "2026-03-04T10:52:23.590Z",
  "xauusd": 5187.700195,
  "xagusd": 86.100998,
  "fng": {
    "value": 10,
    "classification": "Extreme Fear"
  },
  "usd_thb": 31.46
}