{
  "ts": "2025-10-28T05:27:33.776Z",
  "xauusd": 3975.699951,
  "xagusd": 46.744999,
  "fng": {
    "value": 50,
    "classification": "Neutral"
  },
  "usd_thb": 32.57
}