{
  "ts": "2026-01-29T09:02:37.946Z",
  "xauusd": 5513.100098,
  "xagusd": 116.950996,
  "fng": {
    "value": 26,
    "classification": "Fear"
  },
  "usd_thb": 31.15
}