{
  "ts": "2025-12-15T09:30:48.042Z",
  "xauusd": 4349.100098,
  "xagusd": 63.949001,
  "fng": {
    "value": 16,
    "classification": "Extreme Fear"
  },
  "usd_thb": 31.44
}