{
  "ts": "2025-12-22T17:14:01.096Z",
  "xauusd": 4440.600098,
  "xagusd": 68.712997,
  "fng": {
    "value": 25,
    "classification": "Extreme Fear"
  },
  "usd_thb": 31.12
}