{
  "ts": "2025-11-10T11:37:55.417Z",
  "xauusd": 4081.800049,
  "xagusd": 49.991001,
  "fng": {
    "value": 29,
    "classification": "Fear"
  },
  "usd_thb": 32.36
}