{
  "ts": "2026-01-06T09:33:02.367Z",
  "xauusd": 4456.899902,
  "xagusd": 78.211998,
  "fng": {
    "value": 44,
    "classification": "Fear"
  },
  "usd_thb": 31.19
}