{
  "ts": "2025-10-31T09:54:47.201Z",
  "xauusd": 4002.300049,
  "xagusd": 48.827999,
  "fng": {
    "value": 29,
    "classification": "Fear"
  },
  "usd_thb": 32.34
}