{
  "ts": "2025-11-21T03:07:55.325Z",
  "xauusd": 4055.699951,
  "xagusd": 49.849998,
  "fng": {
    "value": 14,
    "classification": "Extreme Fear"
  },
  "usd_thb": 32.45
}