{
  "ts": "2025-11-18T08:50:10.213Z",
  "xauusd": 4035.899902,
  "xagusd": 50.168999,
  "fng": {
    "value": 11,
    "classification": "Extreme Fear"
  },
  "usd_thb": 32.43
}