{
  "ts": "2025-12-16T17:50:02.227Z",
  "xauusd": 4306.399902,
  "xagusd": 63.518002,
  "fng": {
    "value": 11,
    "classification": "Extreme Fear"
  },
  "usd_thb": 31.41
}