{
  "ts": "2026-01-16T19:31:02.437Z",
  "xauusd": 4585.100098,
  "xagusd": 88.894997,
  "fng": {
    "value": 49,
    "classification": "Neutral"
  },
  "usd_thb": 31.41
}