{
  "ts": "2025-08-26T22:33:36.297Z",
  "xauusd": 3391.100098,
  "xagusd": 38.709999,
  "fng": {
    "value": 48,
    "classification": "Neutral"
  },
  "usd_thb": 32.48
}