{
  "ts": "2025-09-24T22:58:46.084Z",
  "xauusd": 3742.100098,
  "xagusd": 43.970001,
  "fng": {
    "value": 44,
    "classification": "Fear"
  },
  "usd_thb": 32.08
}