{
  "ts": "2026-07-07T13:03:38.317Z",
  "xauusd": 4168.799805,
  "xagusd": 61.566002,
  "fng": {
    "value": 27,
    "classification": "Fear"
  },
  "usd_thb": 33.24
}