{
  "ts": "2025-11-14T09:26:53.502Z",
  "xauusd": 4172.700195,
  "xagusd": 52.797001,
  "fng": {
    "value": 16,
    "classification": "Extreme Fear"
  },
  "usd_thb": 32.37
}