{
  "ts": "2026-02-16T13:46:59.674Z",
  "xauusd": 4999.200195,
  "xagusd": 77.050003,
  "fng": {
    "value": 12,
    "classification": "Extreme Fear"
  },
  "usd_thb": 31.08
}