{
  "ts": "2025-10-10T07:42:38.408Z",
  "xauusd": 3963.800049,
  "xagusd": 50.483002,
  "fng": {
    "value": 64,
    "classification": "Greed"
  },
  "usd_thb": 32.74
}