{
  "ts": "2026-03-13T11:18:43.935Z",
  "xauusd": 5092.200195,
  "xagusd": 83.367996,
  "fng": {
    "value": 15,
    "classification": "Extreme Fear"
  },
  "usd_thb": 32.21
}