{
  "ts": "2025-10-16T09:48:22.027Z",
  "xauusd": 4229.899902,
  "xagusd": 52.901001,
  "fng": {
    "value": 28,
    "classification": "Fear"
  },
  "usd_thb": 32.56
}