{
  "ts": "2025-08-18T16:50:26.430Z",
  "xauusd": 3333.800049,
  "xagusd": 38.044998,
  "fng": {
    "value": 60,
    "classification": "Greed"
  },
  "usd_thb": 32.52
}