{
  "ts": "2025-12-02T22:38:19.873Z",
  "xauusd": 4207.399902,
  "xagusd": 58.512001,
  "fng": {
    "value": 23,
    "classification": "Extreme Fear"
  },
  "usd_thb": 32.02
}