{
  "ts": "2025-10-31T05:47:35.238Z",
  "xauusd": 4008.699951,
  "xagusd": 48.994999,
  "fng": {
    "value": 29,
    "classification": "Fear"
  },
  "usd_thb": 32.34
}