{
  "ts": "2025-11-10T17:46:09.669Z",
  "xauusd": 4095.899902,
  "xagusd": 50.317001,
  "fng": {
    "value": 29,
    "classification": "Fear"
  },
  "usd_thb": 32.31
}