{
  "ts": "2025-12-31T18:52:28.420Z",
  "xauusd": 4317.899902,
  "xagusd": 71.495003,
  "fng": {
    "value": 21,
    "classification": "Extreme Fear"
  },
  "usd_thb": 31.44
}