{
  "ts": "2025-09-10T13:52:53.010Z",
  "xauusd": 3649.899902,
  "xagusd": 41.220001,
  "fng": {
    "value": 49,
    "classification": "Neutral"
  },
  "usd_thb": 31.75
}