{
  "ts": "2026-02-19T01:14:58.888Z",
  "xauusd": 4964.299805,
  "xagusd": 77.014999,
  "fng": {
    "value": 9,
    "classification": "Extreme Fear"
  },
  "usd_thb": 31.21
}