{
  "ts": "2026-07-15T15:07:14.253Z",
  "xauusd": 4058.399902,
  "xagusd": 58.112999,
  "fng": {
    "value": 25,
    "classification": "Extreme Fear"
  },
  "usd_thb": 33.53
}