{
  "ts": "2025-12-01T07:12:59.184Z",
  "xauusd": 4239.399902,
  "xagusd": 56.877998,
  "fng": {
    "value": 24,
    "classification": "Extreme Fear"
  },
  "usd_thb": 32
}