{
  "ts": "2025-10-03T18:48:37.003Z",
  "xauusd": 3889.199951,
  "xagusd": 48.118999,
  "fng": {
    "value": 63,
    "classification": "Greed"
  },
  "usd_thb": 32.3
}