{
  "ts": "2026-02-09T22:21:50.893Z",
  "xauusd": 5060.399902,
  "xagusd": 83.501999,
  "fng": {
    "value": 14,
    "classification": "Extreme Fear"
  },
  "usd_thb": 31.07
}