{
  "ts": "2025-08-28T13:20:26.070Z",
  "xauusd": 3399.899902,
  "xagusd": 38.950001,
  "fng": {
    "value": 48,
    "classification": "Neutral"
  },
  "usd_thb": 32.36
}