{
  "ts": "2026-03-13T15:56:01.224Z",
  "xauusd": 5041.399902,
  "xagusd": 80.593002,
  "fng": {
    "value": 15,
    "classification": "Extreme Fear"
  },
  "usd_thb": 32.35
}