{
  "ts": "2026-03-25T12:33:50.715Z",
  "xauusd": 4577.299805,
  "xagusd": 72.654999,
  "fng": {
    "value": 14,
    "classification": "Extreme Fear"
  },
  "usd_thb": 32.58
}