{
  "ts": "2026-07-17T19:12:49.269Z",
  "xauusd": 4006.600098,
  "xagusd": 56.106998,
  "fng": {
    "value": 27,
    "classification": "Fear"
  },
  "usd_thb": 33.62
}