{
  "ts": "2025-12-01T19:48:34.210Z",
  "xauusd": 4237.200195,
  "xagusd": 58.070999,
  "fng": {
    "value": 24,
    "classification": "Extreme Fear"
  },
  "usd_thb": 32.03
}