{
  "ts": "2026-04-23T07:28:48.134Z",
  "xauusd": 4710.299805,
  "xagusd": 76.102997,
  "fng": {
    "value": 46,
    "classification": "Fear"
  },
  "usd_thb": 32.41
}