{
  "ts": "2026-03-16T14:39:16.997Z",
  "xauusd": 5009.399902,
  "xagusd": 80.879997,
  "fng": {
    "value": 23,
    "classification": "Extreme Fear"
  },
  "usd_thb": 32.32
}