{
  "ts": "2026-02-20T06:04:33.337Z",
  "xauusd": 5015.600098,
  "xagusd": 78.882004,
  "fng": {
    "value": 7,
    "classification": "Extreme Fear"
  },
  "usd_thb": 31.19
}