{
  "ts": "2026-06-17T08:28:58.789Z",
  "xauusd": 4325.600098,
  "xagusd": 69.961998,
  "fng": {
    "value": 22,
    "classification": "Extreme Fear"
  },
  "usd_thb": 32.55
}