{
  "ts": "2026-01-20T09:53:26.709Z",
  "xauusd": 4737.799805,
  "xagusd": 95.306999,
  "fng": {
    "value": 32,
    "classification": "Fear"
  },
  "usd_thb": 31.05
}