{
  "ts": "2026-05-26T19:36:06.993Z",
  "xauusd": 4504.700195,
  "xagusd": 76.932999,
  "fng": {
    "value": 34,
    "classification": "Fear"
  },
  "usd_thb": 32.65
}