{
  "ts": "2025-09-24T22:49:33.498Z",
  "xauusd": 3743.300049,
  "xagusd": 43.969002,
  "fng": {
    "value": 44,
    "classification": "Fear"
  },
  "usd_thb": 32.08
}