{
  "ts": "2025-10-15T10:53:45.316Z",
  "xauusd": 4199.799805,
  "xagusd": 52.618999,
  "fng": {
    "value": 34,
    "classification": "Fear"
  },
  "usd_thb": 32.56
}