{
  "ts": "2025-12-06T17:13:40.085Z",
  "xauusd": 4199.299805,
  "xagusd": 58.393002,
  "fng": {
    "value": 23,
    "classification": "Extreme Fear"
  },
  "usd_thb": 31.81
}