{
  "ts": "2026-02-04T17:02:50.877Z",
  "xauusd": 4902.200195,
  "xagusd": 85.358002,
  "fng": {
    "value": 14,
    "classification": "Extreme Fear"
  },
  "usd_thb": 31.72
}