{
  "ts": "2026-02-13T06:13:33.157Z",
  "xauusd": 4961.399902,
  "xagusd": 76.663002,
  "fng": {
    "value": 9,
    "classification": "Extreme Fear"
  },
  "usd_thb": 31.11
}