{
  "ts": "2025-09-19T10:54:46.932Z",
  "xauusd": 3657.199951,
  "xagusd": 42.283001,
  "fng": {
    "value": 53,
    "classification": "Neutral"
  },
  "usd_thb": 31.83
}