{
  "ts": "2025-10-28T06:46:37.081Z",
  "xauusd": 3944.899902,
  "xagusd": 46.617001,
  "fng": {
    "value": 50,
    "classification": "Neutral"
  },
  "usd_thb": 32.56
}