{
  "ts": "2025-12-01T11:20:27.400Z",
  "xauusd": 4254.700195,
  "xagusd": 57.584999,
  "fng": {
    "value": 24,
    "classification": "Extreme Fear"
  },
  "usd_thb": 31.97
}