{
  "ts": "2026-03-10T20:51:22.078Z",
  "xauusd": 5197.399902,
  "xagusd": 88.648003,
  "fng": {
    "value": 13,
    "classification": "Extreme Fear"
  },
  "usd_thb": 31.57
}