{
  "ts": "2026-04-20T20:59:22.778Z",
  "xauusd": 4821.799805,
  "xagusd": 79.852997,
  "fng": {
    "value": 29,
    "classification": "Fear"
  },
  "usd_thb": 31.99
}