{
  "ts": "2025-12-16T10:58:01.010Z",
  "xauusd": 4277.100098,
  "xagusd": 63.088001,
  "fng": {
    "value": 11,
    "classification": "Extreme Fear"
  },
  "usd_thb": 31.51
}