{
  "ts": "2025-10-03T01:39:10.220Z",
  "xauusd": 3851.199951,
  "xagusd": 46.721001,
  "fng": {
    "value": 63,
    "classification": "Greed"
  },
  "usd_thb": 32.47
}