{
  "ts": "2025-12-17T05:27:09.087Z",
  "xauusd": 4337.399902,
  "xagusd": 66.314003,
  "fng": {
    "value": 16,
    "classification": "Extreme Fear"
  },
  "usd_thb": 31.42
}