{
  "ts": "2025-10-31T14:57:59.208Z",
  "xauusd": 4020.600098,
  "xagusd": 49.007999,
  "fng": {
    "value": 29,
    "classification": "Fear"
  },
  "usd_thb": 32.35
}