{
  "ts": "2026-03-23T07:48:35.146Z",
  "xauusd": 4220.600098,
  "xagusd": 63.665001,
  "fng": {
    "value": 8,
    "classification": "Extreme Fear"
  },
  "usd_thb": 32.94
}