{
  "ts": "2026-03-04T05:05:41.190Z",
  "xauusd": 5158.200195,
  "xagusd": 84.723999,
  "fng": {
    "value": 10,
    "classification": "Extreme Fear"
  },
  "usd_thb": 31.68
}