{
  "ts": "2025-09-29T11:29:38.453Z",
  "xauusd": 3823.800049,
  "xagusd": 47.088001,
  "fng": {
    "value": 50,
    "classification": "Neutral"
  },
  "usd_thb": 32.23
}