{
  "ts": "2026-01-20T21:54:14.144Z",
  "xauusd": 4763.799805,
  "xagusd": 94.710999,
  "fng": {
    "value": 32,
    "classification": "Fear"
  },
  "usd_thb": 31.024
}