{
  "ts": "2026-01-08T03:20:29.496Z",
  "xauusd": 4439.700195,
  "xagusd": 78.053001,
  "fng": {
    "value": 28,
    "classification": "Fear"
  },
  "usd_thb": 31.34
}