{
  "ts": "2025-09-12T19:22:09.024Z",
  "xauusd": 3647.600098,
  "xagusd": 42.273998,
  "fng": {
    "value": 57,
    "classification": "Greed"
  },
  "usd_thb": 31.7
}