{
  "ts": "2026-03-30T11:40:01.089Z",
  "xauusd": 4542.700195,
  "xagusd": 71.067001,
  "fng": {
    "value": 8,
    "classification": "Extreme Fear"
  },
  "usd_thb": 32.85
}