{
  "ts": "2026-04-06T23:48:37.342Z",
  "xauusd": 4656.899902,
  "xagusd": 72.918999,
  "fng": {
    "value": 13,
    "classification": "Extreme Fear"
  },
  "usd_thb": 32.55
}