{
  "ts": "2026-07-20T18:17:23.963Z",
  "xauusd": 4011.100098,
  "xagusd": 56.962002,
  "fng": {
    "value": 29,
    "classification": "Fear"
  },
  "usd_thb": 33.62
}