{
  "ts": "2025-10-22T18:17:41.789Z",
  "xauusd": 4078.600098,
  "xagusd": 48.234001,
  "fng": {
    "value": 25,
    "classification": "Extreme Fear"
  },
  "usd_thb": 32.77
}