{
  "ts": "2025-12-16T08:23:51.568Z",
  "xauusd": 4279.399902,
  "xagusd": 63.067001,
  "fng": {
    "value": 11,
    "classification": "Extreme Fear"
  },
  "usd_thb": 31.5
}