{
  "ts": "2026-03-17T02:50:13.193Z",
  "xauusd": 5026.399902,
  "xagusd": 81.516998,
  "fng": {
    "value": 28,
    "classification": "Fear"
  },
  "usd_thb": 32.42
}