{
  "ts": "2026-03-26T04:12:03.830Z",
  "xauusd": 4519.399902,
  "xagusd": 71.928001,
  "fng": {
    "value": 10,
    "classification": "Extreme Fear"
  },
  "usd_thb": 32.75
}