{
  "ts": "2025-12-08T06:58:59.553Z",
  "xauusd": 4218.799805,
  "xagusd": 58.436001,
  "fng": {
    "value": 20,
    "classification": "Extreme Fear"
  },
  "usd_thb": 31.85
}