{
  "ts": "2026-07-09T16:37:50.574Z",
  "xauusd": 4135.799805,
  "xagusd": 60.596001,
  "fng": {
    "value": 22,
    "classification": "Extreme Fear"
  },
  "usd_thb": 33.36
}