{
  "ts": "2025-08-18T12:26:15.359Z",
  "xauusd": 3347.800049,
  "xagusd": 38.217999,
  "fng": {
    "value": 60,
    "classification": "Greed"
  },
  "usd_thb": 32.45
}