{
  "ts": "2026-03-09T20:16:40.478Z",
  "xauusd": 5139.600098,
  "xagusd": 86.793999,
  "fng": {
    "value": 8,
    "classification": "Extreme Fear"
  },
  "usd_thb": 31.74
}