{
  "ts": "2026-01-13T11:41:37.938Z",
  "xauusd": 4586.299805,
  "xagusd": 85.886002,
  "fng": {
    "value": 26,
    "classification": "Fear"
  },
  "usd_thb": 31.41
}