{
  "ts": "2025-11-13T02:25:39.375Z",
  "xauusd": 4187.700195,
  "xagusd": 53.320999,
  "fng": {
    "value": 15,
    "classification": "Extreme Fear"
  },
  "usd_thb": 32.38
}