{
  "ts": "2025-11-06T04:35:16.297Z",
  "xauusd": 3987.800049,
  "xagusd": 48.286999,
  "fng": {
    "value": 27,
    "classification": "Fear"
  },
  "usd_thb": 32.48
}