{
  "ts": "2025-10-13T17:40:44.408Z",
  "xauusd": 4111.299805,
  "xagusd": 51.928001,
  "fng": {
    "value": 38,
    "classification": "Fear"
  },
  "usd_thb": 32.52
}