{
  "ts": "2026-01-13T07:03:36.907Z",
  "xauusd": 4581.700195,
  "xagusd": 85.001999,
  "fng": {
    "value": 26,
    "classification": "Fear"
  },
  "usd_thb": 31.31
}