{
  "ts": "2025-12-29T04:31:29.467Z",
  "xauusd": 4515.299805,
  "xagusd": 80.195999,
  "fng": {
    "value": 24,
    "classification": "Extreme Fear"
  },
  "usd_thb": 31.18
}