{
  "ts": "2025-12-04T19:32:02.050Z",
  "xauusd": 4206.399902,
  "xagusd": 56.863998,
  "fng": {
    "value": 26,
    "classification": "Fear"
  },
  "usd_thb": 31.26
}