{
  "ts": "2025-11-04T08:58:28.159Z",
  "xauusd": 3998.699951,
  "xagusd": 48.096001,
  "fng": {
    "value": 21,
    "classification": "Extreme Fear"
  },
  "usd_thb": 32.52
}