{
  "ts": "2026-01-13T12:18:57.886Z",
  "xauusd": 4584.799805,
  "xagusd": 85.865997,
  "fng": {
    "value": 26,
    "classification": "Fear"
  },
  "usd_thb": 31.44
}