{
  "ts": "2025-10-21T11:54:32.198Z",
  "xauusd": 4258.700195,
  "xagusd": 50.171001,
  "fng": {
    "value": 34,
    "classification": "Fear"
  },
  "usd_thb": 32.77
}