{
  "ts": "2025-11-04T09:27:18.195Z",
  "xauusd": 3994.300049,
  "xagusd": 47.994999,
  "fng": {
    "value": 21,
    "classification": "Extreme Fear"
  },
  "usd_thb": 32.52
}