{
  "ts": "2025-10-27T13:51:07.028Z",
  "xauusd": 4019.800049,
  "xagusd": 47.131001,
  "fng": {
    "value": 51,
    "classification": "Neutral"
  },
  "usd_thb": 32.71
}