{
  "ts": "2025-09-16T23:44:12.246Z",
  "xauusd": 3695.100098,
  "xagusd": 42.668999,
  "fng": {
    "value": 52,
    "classification": "Neutral"
  },
  "usd_thb": 31.67
}