{
  "ts": "2026-01-23T08:37:21.852Z",
  "xauusd": 4921.600098,
  "xagusd": 98.066002,
  "fng": {
    "value": 24,
    "classification": "Extreme Fear"
  },
  "usd_thb": 31.195
}