{
  "ts": "2026-02-20T09:23:00.748Z",
  "xauusd": 5041.600098,
  "xagusd": 81.178001,
  "fng": {
    "value": 7,
    "classification": "Extreme Fear"
  },
  "usd_thb": 31.14
}