{
  "ts": "2025-11-03T17:13:14.490Z",
  "xauusd": 4006.800049,
  "xagusd": 48.449001,
  "fng": {
    "value": 42,
    "classification": "Fear"
  },
  "usd_thb": 32.47
}