{
  "ts": "2025-08-27T10:18:51.402Z",
  "xauusd": 3377.800049,
  "xagusd": 38.228001,
  "fng": {
    "value": 51,
    "classification": "Neutral"
  },
  "usd_thb": 32.48
}