{
  "ts": "2026-01-09T21:49:28.505Z",
  "xauusd": 4510.700195,
  "xagusd": 79.977997,
  "fng": {
    "value": 27,
    "classification": "Fear"
  },
  "usd_thb": 31.34
}