{
  "ts": "2026-02-13T11:00:30.472Z",
  "xauusd": 4951.399902,
  "xagusd": 77.716003,
  "fng": {
    "value": 9,
    "classification": "Extreme Fear"
  },
  "usd_thb": 31.08
}