{
  "ts": "2026-01-21T21:19:36.071Z",
  "xauusd": 4828.700195,
  "xagusd": 92.961998,
  "fng": {
    "value": 24,
    "classification": "Extreme Fear"
  },
  "usd_thb": 31.21
}