{
  "ts": "2026-01-09T09:52:33.640Z",
  "xauusd": 4473.799805,
  "xagusd": 78.182999,
  "fng": {
    "value": 27,
    "classification": "Fear"
  },
  "usd_thb": 31.41
}