{
  "ts": "2026-01-02T14:56:58.042Z",
  "xauusd": 4358.799805,
  "xagusd": 73.809998,
  "fng": {
    "value": 28,
    "classification": "Fear"
  },
  "usd_thb": 31.36
}