{
  "ts": "2026-01-23T21:52:11.299Z",
  "xauusd": 4983.700195,
  "xagusd": 103.176003,
  "fng": {
    "value": 24,
    "classification": "Extreme Fear"
  },
  "usd_thb": 30.983
}