{
  "ts": "2025-11-12T20:28:42.187Z",
  "xauusd": 4196.399902,
  "xagusd": 53.560001,
  "fng": {
    "value": 24,
    "classification": "Extreme Fear"
  },
  "usd_thb": 32.35
}