{
  "ts": "2026-05-05T18:03:53.486Z",
  "xauusd": 4562.200195,
  "xagusd": 73.245003,
  "fng": {
    "value": 50,
    "classification": "Neutral"
  },
  "usd_thb": 32.54
}