{
  "ts": "2025-10-24T07:42:17.308Z",
  "xauusd": 4090.899902,
  "xagusd": 48.426998,
  "fng": {
    "value": 30,
    "classification": "Fear"
  },
  "usd_thb": 32.75
}