{
  "ts": "2026-03-30T06:13:09.875Z",
  "xauusd": 4534.899902,
  "xagusd": 70.830002,
  "fng": {
    "value": 8,
    "classification": "Extreme Fear"
  },
  "usd_thb": 32.74
}