{
  "ts": "2026-05-10T23:05:33.553Z",
  "xauusd": 4694.700195,
  "xagusd": 80.164001,
  "fng": {
    "value": 47,
    "classification": "Neutral"
  },
  "usd_thb": 32.25
}