{
  "ts": "2025-10-14T19:49:15.173Z",
  "xauusd": 4143.799805,
  "xagusd": 51.492001,
  "fng": {
    "value": 38,
    "classification": "Fear"
  },
  "usd_thb": 32.65
}