{
  "ts": "2025-11-03T23:52:17.149Z",
  "xauusd": 3997.600098,
  "xagusd": 47.995998,
  "fng": {
    "value": 42,
    "classification": "Fear"
  },
  "usd_thb": 32.48
}