{
  "ts": "2026-01-23T07:02:59.883Z",
  "xauusd": 4955.200195,
  "xagusd": 99.175003,
  "fng": {
    "value": 24,
    "classification": "Extreme Fear"
  },
  "usd_thb": 31.149
}