{
  "ts": "2025-12-23T21:43:37.564Z",
  "xauusd": 4491.200195,
  "xagusd": 71.543999,
  "fng": {
    "value": 24,
    "classification": "Extreme Fear"
  },
  "usd_thb": 31.09
}