{
  "ts": "2025-09-04T21:41:20.158Z",
  "xauusd": 3547.199951,
  "xagusd": 40.703999,
  "fng": {
    "value": 51,
    "classification": "Neutral"
  },
  "usd_thb": 32.3
}