{
  "ts": "2026-07-03T23:36:19.259Z",
  "xauusd": 4176.100098,
  "xagusd": 62.516998,
  "fng": {
    "value": 21,
    "classification": "Extreme Fear"
  },
  "usd_thb": 33.14
}