{
  "ts": "2025-11-21T07:34:39.144Z",
  "xauusd": 4036.600098,
  "xagusd": 49.428001,
  "fng": {
    "value": 14,
    "classification": "Extreme Fear"
  },
  "usd_thb": 32.49
}