{
  "ts": "2025-11-18T08:27:53.011Z",
  "xauusd": 4023.199951,
  "xagusd": 50.009998,
  "fng": {
    "value": 11,
    "classification": "Extreme Fear"
  },
  "usd_thb": 32.43
}