{
  "ts": "2025-09-25T01:43:05.775Z",
  "xauusd": 3740.300049,
  "xagusd": 43.931999,
  "fng": {
    "value": 44,
    "classification": "Fear"
  },
  "usd_thb": 32.11
}