{
  "ts": "2026-04-20T11:46:58.150Z",
  "xauusd": 4797.299805,
  "xagusd": 79.574997,
  "fng": {
    "value": 29,
    "classification": "Fear"
  },
  "usd_thb": 32.05
}