{
  "ts": "2026-06-18T23:00:42.184Z",
  "xauusd": 4208.700195,
  "xagusd": 65.801003,
  "fng": {
    "value": 15,
    "classification": "Extreme Fear"
  },
  "usd_thb": 32.77
}