{
  "ts": "2025-09-01T14:57:07.587Z",
  "xauusd": 3476.399902,
  "xagusd": 40.759998,
  "fng": {
    "value": 46,
    "classification": "Fear"
  },
  "usd_thb": 32.32
}