{
  "ts": "2025-12-17T03:10:53.708Z",
  "xauusd": 4317.299805,
  "xagusd": 65.796997,
  "fng": {
    "value": 16,
    "classification": "Extreme Fear"
  },
  "usd_thb": 31.49
}