{
  "ts": "2025-09-24T12:17:53.067Z",
  "xauusd": 3767.800049,
  "xagusd": 44.081001,
  "fng": {
    "value": 44,
    "classification": "Fear"
  },
  "usd_thb": 32.02
}