{
  "ts": "2026-01-06T07:00:06.853Z",
  "xauusd": 4467.100098,
  "xagusd": 78.955002,
  "fng": {
    "value": 44,
    "classification": "Fear"
  },
  "usd_thb": 31.16
}