{
  "ts": "2025-10-22T16:47:57.650Z",
  "xauusd": 4055.800049,
  "xagusd": 48.372002,
  "fng": {
    "value": 25,
    "classification": "Extreme Fear"
  },
  "usd_thb": 32.78
}