{
  "ts": "2026-04-07T22:35:11.710Z",
  "xauusd": 4746.399902,
  "xagusd": 74.315002,
  "fng": {
    "value": 11,
    "classification": "Extreme Fear"
  },
  "usd_thb": 32.4
}