{
  "ts": "2025-09-11T15:49:29.984Z",
  "xauusd": 3634.399902,
  "xagusd": 41.519001,
  "fng": {
    "value": 54,
    "classification": "Neutral"
  },
  "usd_thb": 31.71
}