{
  "ts": "2025-10-14T06:58:27.912Z",
  "xauusd": 4108.899902,
  "xagusd": 51.626999,
  "fng": {
    "value": 38,
    "classification": "Fear"
  },
  "usd_thb": 32.95
}