{
  "ts": "2025-11-10T16:48:19.352Z",
  "xauusd": 4091.199951,
  "xagusd": 50.085999,
  "fng": {
    "value": 29,
    "classification": "Fear"
  },
  "usd_thb": 32.34
}