{
  "ts": "2026-04-01T01:19:50.346Z",
  "xauusd": 4701.299805,
  "xagusd": 74.988998,
  "fng": {
    "value": 8,
    "classification": "Extreme Fear"
  },
  "usd_thb": 32.56
}