{
  "ts": "2026-05-12T19:14:08.032Z",
  "xauusd": 4703.299805,
  "xagusd": 86.623001,
  "fng": {
    "value": 49,
    "classification": "Neutral"
  },
  "usd_thb": 32.35
}