{
  "ts": "2025-09-15T08:52:30.157Z",
  "xauusd": 3642.600098,
  "xagusd": 42.224998,
  "fng": {
    "value": 53,
    "classification": "Neutral"
  },
  "usd_thb": 31.9
}