{
  "ts": "2025-09-08T17:51:59.928Z",
  "xauusd": 3635.122559,
  "xagusd": 41.327999,
  "fng": {
    "value": 51,
    "classification": "Neutral"
  },
  "usd_thb": 31.72
}