{
  "ts": "2025-10-21T18:44:25.472Z",
  "xauusd": 4117.600098,
  "xagusd": 48.668999,
  "fng": {
    "value": 34,
    "classification": "Fear"
  },
  "usd_thb": 32.84
}