{
  "ts": "2025-10-17T05:46:22.471Z",
  "xauusd": 4361.600098,
  "xagusd": 54.369999,
  "fng": {
    "value": 22,
    "classification": "Extreme Fear"
  },
  "usd_thb": 32.56
}