{
  "ts": "2025-09-02T14:34:45.135Z",
  "xauusd": 3499.300049,
  "xagusd": 40.610001,
  "fng": {
    "value": 49,
    "classification": "Neutral"
  },
  "usd_thb": 32.32
}