{
  "ts": "2025-11-25T09:52:25.328Z",
  "xauusd": 4131.100098,
  "xagusd": 51.119999,
  "fng": {
    "value": 20,
    "classification": "Extreme Fear"
  },
  "usd_thb": 32.3
}