{
  "ts": "2025-12-19T22:38:55.976Z",
  "xauusd": 4339.700195,
  "xagusd": 67.218002,
  "fng": {
    "value": 16,
    "classification": "Extreme Fear"
  },
  "usd_thb": 31.47
}