{
  "ts": "2025-12-26T17:32:33.393Z",
  "xauusd": 4518.299805,
  "xagusd": 75.963997,
  "fng": {
    "value": 20,
    "classification": "Extreme Fear"
  },
  "usd_thb": 30.98
}