{
  "ts": "2025-12-01T07:56:07.316Z",
  "xauusd": 4242.899902,
  "xagusd": 56.804001,
  "fng": {
    "value": 24,
    "classification": "Extreme Fear"
  },
  "usd_thb": 31.98
}