{
  "ts": "2026-01-14T23:43:45.926Z",
  "xauusd": 4607.299805,
  "xagusd": 92.008003,
  "fng": {
    "value": 48,
    "classification": "Neutral"
  },
  "usd_thb": 31.41
}