{
  "ts": "2026-04-16T23:28:37.669Z",
  "xauusd": 4797.200195,
  "xagusd": 78.953003,
  "fng": {
    "value": 23,
    "classification": "Extreme Fear"
  },
  "usd_thb": 31.99
}