{
  "ts": "2025-09-16T09:46:49.738Z",
  "xauusd": 3697.800049,
  "xagusd": 42.759998,
  "fng": {
    "value": 52,
    "classification": "Neutral"
  },
  "usd_thb": 31.67
}