{
  "ts": "2026-01-19T10:54:59.010Z",
  "xauusd": 4666.899902,
  "xagusd": 93.365997,
  "fng": {
    "value": 44,
    "classification": "Fear"
  },
  "usd_thb": 31.247
}