{
  "ts": "2026-03-12T08:34:26.969Z",
  "xauusd": 5181.899902,
  "xagusd": 87.115997,
  "fng": {
    "value": 18,
    "classification": "Extreme Fear"
  },
  "usd_thb": 31.77
}