{
  "ts": "2025-12-31T14:58:53.311Z",
  "xauusd": 4352.399902,
  "xagusd": 73.730003,
  "fng": {
    "value": 21,
    "classification": "Extreme Fear"
  },
  "usd_thb": 31.52
}