{
  "ts": "2025-10-03T17:59:07.744Z",
  "xauusd": 3882.699951,
  "xagusd": 47.868999,
  "fng": {
    "value": 63,
    "classification": "Greed"
  },
  "usd_thb": 32.31
}