{
  "ts": "2025-08-21T08:29:28.756Z",
  "xauusd": 3341.100098,
  "xagusd": 37.869999,
  "fng": {
    "value": 50,
    "classification": "Neutral"
  },
  "usd_thb": 32.59
}