{
  "ts": "2025-11-19T15:50:05.165Z",
  "xauusd": 4108.799805,
  "xagusd": 51.959999,
  "fng": {
    "value": 15,
    "classification": "Extreme Fear"
  },
  "usd_thb": 32.46
}