{
  "ts": "2025-10-23T17:52:18.236Z",
  "xauusd": 4134.899902,
  "xagusd": 49.137001,
  "fng": {
    "value": 27,
    "classification": "Fear"
  },
  "usd_thb": 32.78
}