{
  "ts": "2026-03-17T13:43:54.881Z",
  "xauusd": 5030.600098,
  "xagusd": 81.438004,
  "fng": {
    "value": 28,
    "classification": "Fear"
  },
  "usd_thb": 32.27
}