{
  "ts": "2026-02-11T23:57:18.958Z",
  "xauusd": 5066.399902,
  "xagusd": 83.578003,
  "fng": {
    "value": 11,
    "classification": "Extreme Fear"
  },
  "usd_thb": 31.06
}