{
  "ts": "2026-03-10T14:30:55.300Z",
  "xauusd": 5210.100098,
  "xagusd": 89.052002,
  "fng": {
    "value": 13,
    "classification": "Extreme Fear"
  },
  "usd_thb": 31.56
}