{
  "ts": "2025-12-17T14:30:44.500Z",
  "xauusd": 4329.899902,
  "xagusd": 65.411003,
  "fng": {
    "value": 16,
    "classification": "Extreme Fear"
  },
  "usd_thb": 31.47
}