{
  "ts": "2025-11-18T12:56:59.553Z",
  "xauusd": 4033.800049,
  "xagusd": 50.043999,
  "fng": {
    "value": 11,
    "classification": "Extreme Fear"
  },
  "usd_thb": 32.41
}