{
  "ts": "2026-07-21T22:31:05.727Z",
  "xauusd": 4083.899902,
  "xagusd": 59.012001,
  "fng": {
    "value": 25,
    "classification": "Extreme Fear"
  },
  "usd_thb": 33.68
}