{
  "ts": "2025-10-06T21:38:42.511Z",
  "xauusd": 3961.199951,
  "xagusd": 48.567001,
  "fng": {
    "value": 71,
    "classification": "Greed"
  },
  "usd_thb": 32.42
}