{
  "ts": "2025-12-03T19:10:05.640Z",
  "xauusd": 4202.700195,
  "xagusd": 58.449001,
  "fng": {
    "value": 28,
    "classification": "Fear"
  },
  "usd_thb": 31.89
}