{
  "ts": "2026-03-01T23:33:11.827Z",
  "xauusd": 5354.799805,
  "xagusd": 95.332001,
  "fng": {
    "value": 14,
    "classification": "Extreme Fear"
  },
  "usd_thb": 31.15
}