{
  "ts": "2025-12-01T07:34:54.162Z",
  "xauusd": 4242.299805,
  "xagusd": 56.776001,
  "fng": {
    "value": 24,
    "classification": "Extreme Fear"
  },
  "usd_thb": 32
}