{
  "ts": "2026-02-06T02:48:04.792Z",
  "xauusd": 4823.899902,
  "xagusd": 72.117996,
  "fng": {
    "value": 9,
    "classification": "Extreme Fear"
  },
  "usd_thb": 31.82
}