{
  "ts": "2026-03-03T02:51:42.336Z",
  "xauusd": 5365.299805,
  "xagusd": 89.914001,
  "fng": {
    "value": 14,
    "classification": "Extreme Fear"
  },
  "usd_thb": 31.44
}