{
  "ts": "2026-02-03T11:59:42.324Z",
  "xauusd": 4916.700195,
  "xagusd": 86.461998,
  "fng": {
    "value": 17,
    "classification": "Extreme Fear"
  },
  "usd_thb": 31.53
}