{
  "ts": "2025-09-12T07:12:22.779Z",
  "xauusd": 3650.899902,
  "xagusd": 42.098999,
  "fng": {
    "value": 57,
    "classification": "Greed"
  },
  "usd_thb": 31.67
}