{
  "ts": "2025-09-01T05:20:08.593Z",
  "xauusd": 3476.600098,
  "xagusd": 40.509998,
  "fng": {
    "value": 46,
    "classification": "Fear"
  },
  "usd_thb": 32.31
}