{
  "ts": "2026-01-03T21:31:16.138Z",
  "xauusd": 4332.299805,
  "xagusd": 72.890999,
  "fng": {
    "value": 29,
    "classification": "Fear"
  },
  "usd_thb": 31.48
}