{
  "ts": "2025-08-28T21:58:24.075Z",
  "xauusd": 3418.100098,
  "xagusd": 39.098999,
  "fng": {
    "value": 48,
    "classification": "Neutral"
  },
  "usd_thb": 32.27
}