{
  "ts": "2025-11-14T04:54:10.289Z",
  "xauusd": 4203.100098,
  "xagusd": 53.080002,
  "fng": {
    "value": 16,
    "classification": "Extreme Fear"
  },
  "usd_thb": 32.33
}