{
  "ts": "2025-12-17T06:30:19.777Z",
  "xauusd": 4333.399902,
  "xagusd": 66.065002,
  "fng": {
    "value": 16,
    "classification": "Extreme Fear"
  },
  "usd_thb": 31.46
}