{
  "ts": "2025-12-25T22:48:14.503Z",
  "xauusd": 4480.600098,
  "xagusd": 71.968002,
  "fng": {
    "value": 23,
    "classification": "Extreme Fear"
  },
  "usd_thb": 30.99
}