{
  "ts": "2026-01-07T18:15:38.209Z",
  "xauusd": 4450.799805,
  "xagusd": 77.623001,
  "fng": {
    "value": 42,
    "classification": "Fear"
  },
  "usd_thb": 31.32
}