{
  "ts": "2025-11-28T04:40:03.088Z",
  "xauusd": 4185.700195,
  "xagusd": 53.737999,
  "fng": {
    "value": 25,
    "classification": "Extreme Fear"
  },
  "usd_thb": 32.18
}