{
  "ts": "2025-10-02T07:57:17.726Z",
  "xauusd": 3867.399902,
  "xagusd": 47.473999,
  "fng": {
    "value": 64,
    "classification": "Greed"
  },
  "usd_thb": 32.41
}