{
  "ts": "2025-10-03T15:29:44.534Z",
  "xauusd": 3889.300049,
  "xagusd": 48.379002,
  "fng": {
    "value": 63,
    "classification": "Greed"
  },
  "usd_thb": 32.31
}