{
  "ts": "2025-09-03T23:48:54.960Z",
  "xauusd": 3559.199951,
  "xagusd": 41.057999,
  "fng": {
    "value": 55,
    "classification": "Greed"
  },
  "usd_thb": 32.25
}