{
  "ts": "2026-01-15T21:54:40.293Z",
  "xauusd": 4616.200195,
  "xagusd": 92.589996,
  "fng": {
    "value": 61,
    "classification": "Greed"
  },
  "usd_thb": 31.35
}