{
  "ts": "2025-10-24T20:13:10.107Z",
  "xauusd": 4099.299805,
  "xagusd": 48.573002,
  "fng": {
    "value": 30,
    "classification": "Fear"
  },
  "usd_thb": 32.67
}