{
  "ts": "2025-12-24T04:41:01.891Z",
  "xauusd": 4499.799805,
  "xagusd": 72.443001,
  "fng": {
    "value": 24,
    "classification": "Extreme Fear"
  },
  "usd_thb": 31.02
}