{
  "ts": "2025-09-06T22:49:10.873Z",
  "xauusd": 3586.754883,
  "xagusd": 41.008499,
  "fng": {
    "value": 48,
    "classification": "Neutral"
  },
  "usd_thb": 32.05
}