{
  "ts": "2025-10-21T11:09:20.312Z",
  "xauusd": 4260.700195,
  "xagusd": 50.002998,
  "fng": {
    "value": 34,
    "classification": "Fear"
  },
  "usd_thb": 32.75
}