{
  "ts": "2025-09-19T03:49:09.400Z",
  "xauusd": 3657.199951,
  "xagusd": 42.335999,
  "fng": {
    "value": 53,
    "classification": "Neutral"
  },
  "usd_thb": 31.85
}