{
  "ts": "2025-09-29T19:12:26.232Z",
  "xauusd": 3825.699951,
  "xagusd": 46.806999,
  "fng": {
    "value": 50,
    "classification": "Neutral"
  },
  "usd_thb": 32.25
}