{
  "ts": "2025-08-15T09:56:07.494Z",
  "xauusd": 3341.800049,
  "xagusd": 37.905998,
  "fng": {
    "value": 60,
    "classification": "Greed"
  },
  "usd_thb": 32.42
}