{
  "ts": "2025-09-18T15:44:43.638Z",
  "xauusd": 3640.899902,
  "xagusd": 41.740002,
  "fng": {
    "value": 52,
    "classification": "Neutral"
  },
  "usd_thb": 31.91
}