{
  "ts": "2025-09-25T11:39:42.998Z",
  "xauusd": 3751.800049,
  "xagusd": 44.910999,
  "fng": {
    "value": 44,
    "classification": "Fear"
  },
  "usd_thb": 32.15
}