{
  "ts": "2026-01-13T19:58:30.021Z",
  "xauusd": 4599.299805,
  "xagusd": 87.667999,
  "fng": {
    "value": 26,
    "classification": "Fear"
  },
  "usd_thb": 31.48
}