{
  "ts": "2025-09-22T04:58:05.847Z",
  "xauusd": 3692.300049,
  "xagusd": 43.541599,
  "fng": {
    "value": 45,
    "classification": "Fear"
  },
  "usd_thb": 31.84
}