{
  "ts": "2025-11-05T19:54:14.987Z",
  "xauusd": 3988.399902,
  "xagusd": 48.244999,
  "fng": {
    "value": 23,
    "classification": "Extreme Fear"
  },
  "usd_thb": 32.46
}