{
  "ts": "2025-12-26T18:59:03.706Z",
  "xauusd": 4531.100098,
  "xagusd": 77.232002,
  "fng": {
    "value": 20,
    "classification": "Extreme Fear"
  },
  "usd_thb": 30.98
}