{
  "ts": "2025-12-31T20:39:28.408Z",
  "xauusd": 4320.799805,
  "xagusd": 71.401001,
  "fng": {
    "value": 21,
    "classification": "Extreme Fear"
  },
  "usd_thb": 31.44
}