{
  "ts": "2025-09-03T07:32:13.960Z",
  "xauusd": 3531.800049,
  "xagusd": 40.769001,
  "fng": {
    "value": 55,
    "classification": "Greed"
  },
  "usd_thb": 32.4
}