{
  "ts": "2026-02-17T17:13:12.516Z",
  "xauusd": 4857.600098,
  "xagusd": 72.718002,
  "fng": {
    "value": 10,
    "classification": "Extreme Fear"
  },
  "usd_thb": 31.33
}