{
  "ts": "2025-08-25T17:52:54.478Z",
  "xauusd": 3373.399902,
  "xagusd": 38.785999,
  "fng": {
    "value": 47,
    "classification": "Neutral"
  },
  "usd_thb": 32.45
}