{
  "ts": "2025-10-12T22:41:30.317Z",
  "xauusd": 4038.100098,
  "xagusd": 50.317001,
  "fng": {
    "value": 24,
    "classification": "Extreme Fear"
  },
  "usd_thb": 32.59
}