{
  "ts": "2026-03-18T21:04:11.832Z",
  "xauusd": 4820.600098,
  "xagusd": 75.456001,
  "fng": {
    "value": 26,
    "classification": "Fear"
  },
  "usd_thb": 32.77
}