{
  "ts": "2026-02-18T16:04:11.882Z",
  "xauusd": 5000.700195,
  "xagusd": 77.931999,
  "fng": {
    "value": 8,
    "classification": "Extreme Fear"
  },
  "usd_thb": 31.15
}