{
  "ts": "2025-11-17T05:59:01.415Z",
  "xauusd": 4059.800049,
  "xagusd": 50.702999,
  "fng": {
    "value": 14,
    "classification": "Extreme Fear"
  },
  "usd_thb": 32.42
}