{
  "ts": "2026-05-21T03:57:40.770Z",
  "xauusd": 4529.299805,
  "xagusd": 75.480003,
  "fng": {
    "value": 29,
    "classification": "Fear"
  },
  "usd_thb": 32.64
}