{
  "ts": "2025-09-04T06:51:12.033Z",
  "xauusd": 3539.699951,
  "xagusd": 40.900002,
  "fng": {
    "value": 51,
    "classification": "Neutral"
  },
  "usd_thb": 32.31
}