{
  "ts": "2025-12-23T08:58:44.691Z",
  "xauusd": 4490.700195,
  "xagusd": 69.565002,
  "fng": {
    "value": 24,
    "classification": "Extreme Fear"
  },
  "usd_thb": 31.11
}