{
  "ts": "2025-10-14T07:53:42.756Z",
  "xauusd": 4127.399902,
  "xagusd": 52.196999,
  "fng": {
    "value": 38,
    "classification": "Fear"
  },
  "usd_thb": 32.75
}