{
  "ts": "2026-01-23T04:02:32.852Z",
  "xauusd": 4962.600098,
  "xagusd": 98.901001,
  "fng": {
    "value": 24,
    "classification": "Extreme Fear"
  },
  "usd_thb": 31.18
}