{
  "ts": "2026-02-25T06:45:08.285Z",
  "xauusd": 5193.100098,
  "xagusd": 90.650002,
  "fng": {
    "value": 11,
    "classification": "Extreme Fear"
  },
  "usd_thb": 30.92
}