{
  "ts": "2025-11-11T17:47:31.151Z",
  "xauusd": 4114.100098,
  "xagusd": 50.893002,
  "fng": {
    "value": 26,
    "classification": "Fear"
  },
  "usd_thb": 32.42
}