{
  "ts": "2025-10-14T09:33:41.589Z",
  "xauusd": 4143.600098,
  "xagusd": 51.671001,
  "fng": {
    "value": 38,
    "classification": "Fear"
  },
  "usd_thb": 32.72
}