{
  "ts": "2025-10-13T16:42:16.455Z",
  "xauusd": 4107.200195,
  "xagusd": 51.993999,
  "fng": {
    "value": 38,
    "classification": "Fear"
  },
  "usd_thb": 32.53
}