{
  "ts": "2025-10-03T11:26:21.977Z",
  "xauusd": 3860.399902,
  "xagusd": 47.505001,
  "fng": {
    "value": 63,
    "classification": "Greed"
  },
  "usd_thb": 32.4
}