{
  "ts": "2025-12-16T06:59:41.129Z",
  "xauusd": 4291.100098,
  "xagusd": 63.139999,
  "fng": {
    "value": 11,
    "classification": "Extreme Fear"
  },
  "usd_thb": 31.49
}