{
  "ts": "2026-06-29T19:56:36.867Z",
  "xauusd": 4016.100098,
  "xagusd": 58.323002,
  "fng": {
    "value": 12,
    "classification": "Extreme Fear"
  },
  "usd_thb": 33.24
}