{
  "ts": "2025-09-05T17:58:20.720Z",
  "xauusd": 3597.300049,
  "xagusd": 40.997002,
  "fng": {
    "value": 48,
    "classification": "Neutral"
  },
  "usd_thb": 32.05
}