{
  "ts": "2025-10-29T13:22:13.630Z",
  "xauusd": 4017.699951,
  "xagusd": 48.317001,
  "fng": {
    "value": 51,
    "classification": "Neutral"
  },
  "usd_thb": 32.32
}