{
  "ts": "2025-12-30T15:28:16.607Z",
  "xauusd": 4371.100098,
  "xagusd": 75.978996,
  "fng": {
    "value": 23,
    "classification": "Extreme Fear"
  },
  "usd_thb": 31.41
}