{
  "ts": "2026-07-08T16:50:50.346Z",
  "xauusd": 4059.399902,
  "xagusd": 58.016998,
  "fng": {
    "value": 20,
    "classification": "Extreme Fear"
  },
  "usd_thb": 33.46
}