{
  "ts": "2026-07-21T11:15:51.594Z",
  "xauusd": 4059.399902,
  "xagusd": 59.032001,
  "fng": {
    "value": 25,
    "classification": "Extreme Fear"
  },
  "usd_thb": 33.63
}