{
  "ts": "2026-02-18T11:23:17.506Z",
  "xauusd": 4916.600098,
  "xagusd": 75.931999,
  "fng": {
    "value": 8,
    "classification": "Extreme Fear"
  },
  "usd_thb": 31.26
}