{
  "ts": "2025-10-13T08:46:02.557Z",
  "xauusd": 4073.899902,
  "xagusd": 51.255001,
  "fng": {
    "value": 38,
    "classification": "Fear"
  },
  "usd_thb": 32.54
}