{
  "ts": "2026-01-30T05:52:24.951Z",
  "xauusd": 5218.299805,
  "xagusd": 111.531998,
  "fng": {
    "value": 16,
    "classification": "Extreme Fear"
  },
  "usd_thb": 31.396
}