{
  "ts": "2026-01-22T17:47:41.786Z",
  "xauusd": 4882.299805,
  "xagusd": 96.525002,
  "fng": {
    "value": 20,
    "classification": "Extreme Fear"
  },
  "usd_thb": 31.073
}