{
  "ts": "2025-10-30T09:52:29.340Z",
  "xauusd": 3995.199951,
  "xagusd": 48.151001,
  "fng": {
    "value": 34,
    "classification": "Fear"
  },
  "usd_thb": 32.37
}