{
  "ts": "2025-10-14T11:40:06.454Z",
  "xauusd": 4130.700195,
  "xagusd": 51.568001,
  "fng": {
    "value": 38,
    "classification": "Fear"
  },
  "usd_thb": 32.81
}