{
  "ts": "2025-09-04T20:42:19.992Z",
  "xauusd": 3546.800049,
  "xagusd": 40.709999,
  "fng": {
    "value": 51,
    "classification": "Neutral"
  },
  "usd_thb": 32.29
}