{
  "ts": "2026-03-16T18:39:16.698Z",
  "xauusd": 5012.200195,
  "xagusd": 81.252998,
  "fng": {
    "value": 23,
    "classification": "Extreme Fear"
  },
  "usd_thb": 32.3
}