{
  "ts": "2025-09-19T17:50:56.041Z",
  "xauusd": 3677.600098,
  "xagusd": 42.867001,
  "fng": {
    "value": 53,
    "classification": "Neutral"
  },
  "usd_thb": 31.81
}