{
  "ts": "2025-10-17T20:15:17.677Z",
  "xauusd": 4232.399902,
  "xagusd": 51.814999,
  "fng": {
    "value": 22,
    "classification": "Extreme Fear"
  },
  "usd_thb": 32.77
}