{
  "ts": "2026-03-31T22:02:43.910Z",
  "xauusd": 4669.799805,
  "xagusd": 75.621002,
  "fng": {
    "value": 11,
    "classification": "Extreme Fear"
  },
  "usd_thb": 32.55
}