{
  "ts": "2025-12-29T22:19:06.326Z",
  "xauusd": 4333.399902,
  "xagusd": 72.219002,
  "fng": {
    "value": 24,
    "classification": "Extreme Fear"
  },
  "usd_thb": 31.58
}