{
  "ts": "2026-01-12T15:59:34.035Z",
  "xauusd": 4622.299805,
  "xagusd": 85.384003,
  "fng": {
    "value": 27,
    "classification": "Fear"
  },
  "usd_thb": 31.13
}