{
  "ts": "2026-02-10T06:47:04.499Z",
  "xauusd": 5031.600098,
  "xagusd": 81.782997,
  "fng": {
    "value": 9,
    "classification": "Extreme Fear"
  },
  "usd_thb": 31.17
}