{
  "ts": "2025-11-20T14:59:05.131Z",
  "xauusd": 4094.600098,
  "xagusd": 51.240002,
  "fng": {
    "value": 11,
    "classification": "Extreme Fear"
  },
  "usd_thb": 32.36
}