{
  "ts": "2025-12-03T08:58:17.200Z",
  "xauusd": 4208.799805,
  "xagusd": 58.202999,
  "fng": {
    "value": 28,
    "classification": "Fear"
  },
  "usd_thb": 31.89
}