{
  "ts": "2025-09-12T09:29:30.000Z",
  "xauusd": 3644.300049,
  "xagusd": 42.431999,
  "fng": {
    "value": 57,
    "classification": "Greed"
  },
  "usd_thb": 31.71
}