{
  "ts": "2025-10-07T23:29:50.457Z",
  "xauusd": 3989.899902,
  "xagusd": 47.918999,
  "fng": {
    "value": 70,
    "classification": "Greed"
  },
  "usd_thb": 32.49
}