{
  "ts": "2025-09-19T15:43:24.345Z",
  "xauusd": 3671.100098,
  "xagusd": 42.778999,
  "fng": {
    "value": 53,
    "classification": "Neutral"
  },
  "usd_thb": 31.86
}