{
  "ts": "2026-04-23T00:09:14.414Z",
  "xauusd": 4720.399902,
  "xagusd": 77.500999,
  "fng": {
    "value": 46,
    "classification": "Fear"
  },
  "usd_thb": 32.23
}