{
  "ts": "2026-02-18T05:03:36.877Z",
  "xauusd": 4936.700195,
  "xagusd": 76.059998,
  "fng": {
    "value": 8,
    "classification": "Extreme Fear"
  },
  "usd_thb": 31.21
}