{
  "ts": "2025-09-23T20:44:16.960Z",
  "xauusd": 3764.899902,
  "xagusd": 44.078999,
  "fng": {
    "value": 43,
    "classification": "Fear"
  },
  "usd_thb": 31.91
}