{
  "ts": "2025-09-26T16:31:59.248Z",
  "xauusd": 3775.800049,
  "xagusd": 46.167999,
  "fng": {
    "value": 28,
    "classification": "Fear"
  },
  "usd_thb": 32.24
}