{
  "ts": "2026-01-02T07:02:52.005Z",
  "xauusd": 4375.399902,
  "xagusd": 74.017998,
  "fng": {
    "value": 28,
    "classification": "Fear"
  },
  "usd_thb": 31.44
}