{
  "ts": "2026-02-10T14:49:25.540Z",
  "xauusd": 5038.299805,
  "xagusd": 81.810997,
  "fng": {
    "value": 9,
    "classification": "Extreme Fear"
  },
  "usd_thb": 31.17
}