{
  "ts": "2025-09-24T06:55:55.073Z",
  "xauusd": 3775.399902,
  "xagusd": 44.226002,
  "fng": {
    "value": 44,
    "classification": "Fear"
  },
  "usd_thb": 31.96
}