{
  "ts": "2026-02-25T07:40:15.044Z",
  "xauusd": 5188.700195,
  "xagusd": 90.593002,
  "fng": {
    "value": 11,
    "classification": "Extreme Fear"
  },
  "usd_thb": 31.03
}