{
  "ts": "2026-02-05T14:32:16.646Z",
  "xauusd": 4829.200195,
  "xagusd": 75.057999,
  "fng": {
    "value": 12,
    "classification": "Extreme Fear"
  },
  "usd_thb": 31.74
}