{
  "ts": "2025-08-27T17:44:16.585Z",
  "xauusd": 3396.699951,
  "xagusd": 38.667999,
  "fng": {
    "value": 51,
    "classification": "Neutral"
  },
  "usd_thb": 32.4
}