{
  "ts": "2025-10-10T11:37:27.314Z",
  "xauusd": 3996.699951,
  "xagusd": 50.130001,
  "fng": {
    "value": 64,
    "classification": "Greed"
  },
  "usd_thb": 32.7
}