{
  "ts": "2025-09-30T23:09:12.017Z",
  "xauusd": 3862.600098,
  "xagusd": 46.742001,
  "fng": {
    "value": 50,
    "classification": "Neutral"
  },
  "usd_thb": 32.44
}