{
  "ts": "2025-11-19T15:58:55.723Z",
  "xauusd": 4095.600098,
  "xagusd": 51.727001,
  "fng": {
    "value": 15,
    "classification": "Extreme Fear"
  },
  "usd_thb": 32.45
}