{
  "ts": "2025-09-17T07:41:12.968Z",
  "xauusd": 3670.899902,
  "xagusd": 41.779999,
  "fng": {
    "value": 53,
    "classification": "Neutral"
  },
  "usd_thb": 31.76
}