{
  "ts": "2025-10-08T11:40:37.228Z",
  "xauusd": 4035.800049,
  "xagusd": 48.987999,
  "fng": {
    "value": 60,
    "classification": "Greed"
  },
  "usd_thb": 32.49
}