{
  "ts": "2025-09-30T09:19:56.953Z",
  "xauusd": 3806.199951,
  "xagusd": 46.155998,
  "fng": {
    "value": 50,
    "classification": "Neutral"
  },
  "usd_thb": 32.4
}