{
  "ts": "2025-09-22T19:27:38.635Z",
  "xauusd": 3747.399902,
  "xagusd": 44.147999,
  "fng": {
    "value": 45,
    "classification": "Fear"
  },
  "usd_thb": 31.75
}