{
  "ts": "2026-01-09T10:43:07.551Z",
  "xauusd": 4471.299805,
  "xagusd": 78.050003,
  "fng": {
    "value": 27,
    "classification": "Fear"
  },
  "usd_thb": 31.43
}