{
  "ts": "2025-11-06T07:55:00.483Z",
  "xauusd": 4007.899902,
  "xagusd": 48.540001,
  "fng": {
    "value": 27,
    "classification": "Fear"
  },
  "usd_thb": 32.41
}