{
  "ts": "2026-03-26T09:41:38.747Z",
  "xauusd": 4428.600098,
  "xagusd": 68.045998,
  "fng": {
    "value": 10,
    "classification": "Extreme Fear"
  },
  "usd_thb": 32.78
}