{
  "ts": "2025-09-25T17:51:05.442Z",
  "xauusd": 3741.199951,
  "xagusd": 44.891998,
  "fng": {
    "value": 44,
    "classification": "Fear"
  },
  "usd_thb": 32.24
}