{
  "ts": "2025-12-10T04:02:28.877Z",
  "xauusd": 4207.200195,
  "xagusd": 61.063999,
  "fng": {
    "value": 26,
    "classification": "Fear"
  },
  "usd_thb": 31.82
}