{
  "ts": "2026-03-17T22:54:30.423Z",
  "xauusd": 5001.100098,
  "xagusd": 79.107002,
  "fng": {
    "value": 28,
    "classification": "Fear"
  },
  "usd_thb": 32.3
}