{
  "ts": "2026-05-14T18:16:56.800Z",
  "xauusd": 4675.799805,
  "xagusd": 84.739998,
  "fng": {
    "value": 34,
    "classification": "Fear"
  },
  "usd_thb": 32.35
}