{
  "ts": "2026-01-07T08:58:14.923Z",
  "xauusd": 4469.700195,
  "xagusd": 79.849998,
  "fng": {
    "value": 42,
    "classification": "Fear"
  },
  "usd_thb": 31.25
}