{
  "ts": "2025-09-05T21:08:01.375Z",
  "xauusd": 3587.300049,
  "xagusd": 41.049999,
  "fng": {
    "value": 48,
    "classification": "Neutral"
  },
  "usd_thb": 32.15
}