{
  "ts": "2025-12-03T20:48:43.483Z",
  "xauusd": 4208.700195,
  "xagusd": 58.497002,
  "fng": {
    "value": 28,
    "classification": "Fear"
  },
  "usd_thb": 31.92
}