{
  "ts": "2026-04-10T11:34:05.491Z",
  "xauusd": 4761.200195,
  "xagusd": 75.684998,
  "fng": {
    "value": 16,
    "classification": "Extreme Fear"
  },
  "usd_thb": 32.08
}