{
  "ts": "2025-11-13T07:53:18.161Z",
  "xauusd": 4213.799805,
  "xagusd": 54.040001,
  "fng": {
    "value": 15,
    "classification": "Extreme Fear"
  },
  "usd_thb": 32.29
}