{
  "ts": "2025-09-11T20:29:27.281Z",
  "xauusd": 3636.899902,
  "xagusd": 41.619999,
  "fng": {
    "value": 54,
    "classification": "Neutral"
  },
  "usd_thb": 31.7
}