{
  "ts": "2025-11-28T15:49:26.498Z",
  "xauusd": 4200.200195,
  "xagusd": 55.363998,
  "fng": {
    "value": 25,
    "classification": "Extreme Fear"
  },
  "usd_thb": 32.12
}