{
  "ts": "2025-11-03T05:54:55.523Z",
  "xauusd": 4016.399902,
  "xagusd": 48.997002,
  "fng": {
    "value": 42,
    "classification": "Fear"
  },
  "usd_thb": 32.38
}