{
  "ts": "2026-01-29T14:55:58.144Z",
  "xauusd": 5506.799805,
  "xagusd": 119.586998,
  "fng": {
    "value": 26,
    "classification": "Fear"
  },
  "usd_thb": 31.22
}