{
  "ts": "2026-05-15T14:42:24.945Z",
  "xauusd": 4557.600098,
  "xagusd": 76.901001,
  "fng": {
    "value": 43,
    "classification": "Fear"
  },
  "usd_thb": 32.61
}