{
  "ts": "2026-03-05T20:34:41.022Z",
  "xauusd": 5080.799805,
  "xagusd": 82.005997,
  "fng": {
    "value": 22,
    "classification": "Extreme Fear"
  },
  "usd_thb": 31.76
}