{
  "ts": "2025-12-01T17:14:07.611Z",
  "xauusd": 4233.299805,
  "xagusd": 58.435001,
  "fng": {
    "value": 24,
    "classification": "Extreme Fear"
  },
  "usd_thb": 32
}