{
  "ts": "2025-11-11T16:45:32.531Z",
  "xauusd": 4115.100098,
  "xagusd": 50.782001,
  "fng": {
    "value": 26,
    "classification": "Fear"
  },
  "usd_thb": 32.42
}