{
  "ts": "2026-02-19T10:27:22.593Z",
  "xauusd": 4991.899902,
  "xagusd": 78.691002,
  "fng": {
    "value": 9,
    "classification": "Extreme Fear"
  },
  "usd_thb": 31.15
}