{
  "ts": "2026-03-03T00:00:01.810Z",
  "xauusd": 5346.399902,
  "xagusd": 90.115997,
  "fng": {
    "value": 10,
    "classification": "Extreme Fear"
  },
  "usd_thb": 31.32
}