{
  "ts": "2025-11-06T16:30:12.070Z",
  "xauusd": 3983.780029,
  "xagusd": 47.985699,
  "fng": {
    "value": 27,
    "classification": "Fear"
  },
  "usd_thb": 32.42
}