{
  "ts": "2026-01-15T16:48:38.228Z",
  "xauusd": 4605.399902,
  "xagusd": 91.092003,
  "fng": {
    "value": 61,
    "classification": "Greed"
  },
  "usd_thb": 31.33
}