{
  "ts": "2025-09-24T16:54:49.568Z",
  "xauusd": 3736.600098,
  "xagusd": 43.891998,
  "fng": {
    "value": 44,
    "classification": "Fear"
  },
  "usd_thb": 32.09
}