{
  "ts": "2026-03-25T05:13:28.002Z",
  "xauusd": 4569.799805,
  "xagusd": 73.507004,
  "fng": {
    "value": 14,
    "classification": "Extreme Fear"
  },
  "usd_thb": 32.65
}