{
  "ts": "2025-12-29T09:35:53.550Z",
  "xauusd": 4463.899902,
  "xagusd": 75.084999,
  "fng": {
    "value": 24,
    "classification": "Extreme Fear"
  },
  "usd_thb": 29.49
}