{
  "ts": "2026-01-15T17:20:40.079Z",
  "xauusd": 4613.200195,
  "xagusd": 91.867996,
  "fng": {
    "value": 61,
    "classification": "Greed"
  },
  "usd_thb": 31.32
}