{
  "ts": "2025-11-10T13:19:14.436Z",
  "xauusd": 4101.700195,
  "xagusd": 50.113998,
  "fng": {
    "value": 29,
    "classification": "Fear"
  },
  "usd_thb": 32.33
}