{
  "ts": "2026-04-05T22:01:26.681Z",
  "xauusd": 4637.600098,
  "xagusd": 72.688004,
  "fng": {
    "value": 12,
    "classification": "Extreme Fear"
  },
  "usd_thb": 32.64
}