{
  "ts": "2025-10-02T06:54:24.231Z",
  "xauusd": 3867.899902,
  "xagusd": 47.363998,
  "fng": {
    "value": 64,
    "classification": "Greed"
  },
  "usd_thb": 32.44
}