{
  "ts": "2025-08-22T14:31:51.606Z",
  "xauusd": 3365.100098,
  "xagusd": 38.740002,
  "fng": {
    "value": 50,
    "classification": "Neutral"
  },
  "usd_thb": 32.41
}