{
  "ts": "2025-10-27T22:16:04.260Z",
  "xauusd": 3986.699951,
  "xagusd": 47.022999,
  "fng": {
    "value": 51,
    "classification": "Neutral"
  },
  "usd_thb": 32.69
}