{
  "ts": "2026-06-14T23:23:00.211Z",
  "xauusd": 4284.399902,
  "xagusd": 69.977997,
  "fng": {
    "value": 18,
    "classification": "Extreme Fear"
  },
  "usd_thb": 32.59
}