{
  "ts": "2025-10-01T23:44:32.729Z",
  "xauusd": 3860.600098,
  "xagusd": 47.161999,
  "fng": {
    "value": 49,
    "classification": "Neutral"
  },
  "usd_thb": 32.41
}