{
  "ts": "2026-07-09T22:57:48.525Z",
  "xauusd": 4123.399902,
  "xagusd": 60.067001,
  "fng": {
    "value": 22,
    "classification": "Extreme Fear"
  },
  "usd_thb": 33.36
}