{
  "ts": "2025-09-30T10:38:04.611Z",
  "xauusd": 3809.699951,
  "xagusd": 46.256001,
  "fng": {
    "value": 50,
    "classification": "Neutral"
  },
  "usd_thb": 32.36
}