{
  "ts": "2025-11-13T20:57:37.320Z",
  "xauusd": 4165.200195,
  "xagusd": 52.332001,
  "fng": {
    "value": 15,
    "classification": "Extreme Fear"
  },
  "usd_thb": 32.34
}