{
  "ts": "2025-09-15T19:37:09.367Z",
  "xauusd": 3681.300049,
  "xagusd": 42.740002,
  "fng": {
    "value": 53,
    "classification": "Neutral"
  },
  "usd_thb": 31.79
}