{
  "ts": "2025-12-08T14:28:23.619Z",
  "xauusd": 4209.200195,
  "xagusd": 58.324001,
  "fng": {
    "value": 20,
    "classification": "Extreme Fear"
  },
  "usd_thb": 31.84
}