{
  "ts": "2025-11-12T05:00:06.193Z",
  "xauusd": 4111.799805,
  "xagusd": 51.129002,
  "fng": {
    "value": 24,
    "classification": "Extreme Fear"
  },
  "usd_thb": 32.51
}