{
  "ts": "2026-01-28T20:38:46.721Z",
  "xauusd": 5370.600098,
  "xagusd": 115.995003,
  "fng": {
    "value": 29,
    "classification": "Fear"
  },
  "usd_thb": 31.109
}