{
  "ts": "2025-09-29T23:57:49.479Z",
  "xauusd": 3833.199951,
  "xagusd": 46.830002,
  "fng": {
    "value": 50,
    "classification": "Neutral"
  },
  "usd_thb": 32.22
}