{
  "ts": "2026-01-02T17:37:21.453Z",
  "xauusd": 4330.299805,
  "xagusd": 72.574997,
  "fng": {
    "value": 28,
    "classification": "Fear"
  },
  "usd_thb": 31.37
}