{
  "ts": "2026-03-30T08:00:21.121Z",
  "xauusd": 4528.299805,
  "xagusd": 70.684998,
  "fng": {
    "value": 8,
    "classification": "Extreme Fear"
  },
  "usd_thb": 32.84
}