{
  "ts": "2025-10-07T07:50:11.376Z",
  "xauusd": 3950.600098,
  "xagusd": 48.165001,
  "fng": {
    "value": 70,
    "classification": "Greed"
  },
  "usd_thb": 32.52
}