{
  "ts": "2025-10-22T16:58:57.553Z",
  "xauusd": 4064.699951,
  "xagusd": 48.405998,
  "fng": {
    "value": 25,
    "classification": "Extreme Fear"
  },
  "usd_thb": 32.79
}