{
  "ts": "2025-10-10T17:42:14.751Z",
  "xauusd": 3990.100098,
  "xagusd": 50.205002,
  "fng": {
    "value": 64,
    "classification": "Greed"
  },
  "usd_thb": 32.67
}