{
  "ts": "2025-10-07T08:49:02.766Z",
  "xauusd": 3953.899902,
  "xagusd": 48.192001,
  "fng": {
    "value": 70,
    "classification": "Greed"
  },
  "usd_thb": 32.52
}