{
  "ts": "2025-11-11T20:50:49.641Z",
  "xauusd": 4130.799805,
  "xagusd": 51.231998,
  "fng": {
    "value": 26,
    "classification": "Fear"
  },
  "usd_thb": 32.43
}