{
  "ts": "2026-03-26T05:49:37.867Z",
  "xauusd": 4479.899902,
  "xagusd": 70.571999,
  "fng": {
    "value": 10,
    "classification": "Extreme Fear"
  },
  "usd_thb": 32.77
}