{
  "ts": "2026-04-06T10:34:14.091Z",
  "xauusd": 4693.799805,
  "xagusd": 73.293999,
  "fng": {
    "value": 13,
    "classification": "Extreme Fear"
  },
  "usd_thb": 32.46
}