{
  "ts": "2025-10-31T19:36:34.851Z",
  "xauusd": 3999.100098,
  "xagusd": 48.643002,
  "fng": {
    "value": 29,
    "classification": "Fear"
  },
  "usd_thb": 32.4
}