{
  "ts": "2025-09-08T20:27:15.642Z",
  "xauusd": 3635.800049,
  "xagusd": 41.358002,
  "fng": {
    "value": 51,
    "classification": "Neutral"
  },
  "usd_thb": 31.67
}