{
  "ts": "2025-08-29T14:47:34.651Z",
  "xauusd": 3435.100098,
  "xagusd": 39.247002,
  "fng": {
    "value": 50,
    "classification": "Neutral"
  },
  "usd_thb": 32.33
}