{
  "ts": "2025-12-29T18:40:07.257Z",
  "xauusd": 4333.100098,
  "xagusd": 71.241997,
  "fng": {
    "value": 24,
    "classification": "Extreme Fear"
  },
  "usd_thb": 31.62
}