{
  "ts": "2025-10-30T18:53:15.879Z",
  "xauusd": 4013.899902,
  "xagusd": 48.928001,
  "fng": {
    "value": 34,
    "classification": "Fear"
  },
  "usd_thb": 32.34
}