{
  "ts": "2025-09-12T09:11:24.313Z",
  "xauusd": 3641.800049,
  "xagusd": 42.299999,
  "fng": {
    "value": 57,
    "classification": "Greed"
  },
  "usd_thb": 31.74
}