{
  "ts": "2025-08-28T22:20:50.324Z",
  "xauusd": 3418.100098,
  "xagusd": 39.073002,
  "fng": {
    "value": 48,
    "classification": "Neutral"
  },
  "usd_thb": 32.27
}