{
  "ts": "2025-09-17T15:15:28.488Z",
  "xauusd": 3687.399902,
  "xagusd": 42.110001,
  "fng": {
    "value": 53,
    "classification": "Neutral"
  },
  "usd_thb": 31.7
}