{
  "ts": "2025-12-18T11:56:49.561Z",
  "xauusd": 4327.299805,
  "xagusd": 66.325996,
  "fng": {
    "value": 17,
    "classification": "Extreme Fear"
  },
  "usd_thb": 31.45
}