{
  "ts": "2025-10-21T06:26:17.438Z",
  "xauusd": 4324.600098,
  "xagusd": 51.582001,
  "fng": {
    "value": 34,
    "classification": "Fear"
  },
  "usd_thb": 32.66
}