{
  "ts": "2025-10-17T10:41:00.421Z",
  "xauusd": 4324.200195,
  "xagusd": 53.876999,
  "fng": {
    "value": 22,
    "classification": "Extreme Fear"
  },
  "usd_thb": 32.72
}