{
  "ts": "2025-11-18T16:15:40.539Z",
  "xauusd": 4054.600098,
  "xagusd": 50.573002,
  "fng": {
    "value": 11,
    "classification": "Extreme Fear"
  },
  "usd_thb": 32.4
}