{
  "ts": "2025-11-04T17:36:22.515Z",
  "xauusd": 3965.399902,
  "xagusd": 47.665001,
  "fng": {
    "value": 21,
    "classification": "Extreme Fear"
  },
  "usd_thb": 32.56
}