{
  "ts": "2026-03-23T20:48:51.902Z",
  "xauusd": 4413.700195,
  "xagusd": 69.438004,
  "fng": {
    "value": 8,
    "classification": "Extreme Fear"
  },
  "usd_thb": 32.12
}