{
  "ts": "2025-11-12T18:56:02.693Z",
  "xauusd": 4209.700195,
  "xagusd": 53.702999,
  "fng": {
    "value": 24,
    "classification": "Extreme Fear"
  },
  "usd_thb": 32.33
}