{
  "ts": "2025-11-24T18:55:58.534Z",
  "xauusd": 4121.100098,
  "xagusd": 51.002998,
  "fng": {
    "value": 19,
    "classification": "Extreme Fear"
  },
  "usd_thb": 32.36
}