{
  "ts": "2025-10-27T14:51:46.857Z",
  "xauusd": 3995.699951,
  "xagusd": 46.362999,
  "fng": {
    "value": 51,
    "classification": "Neutral"
  },
  "usd_thb": 32.74
}