{
  "ts": "2025-10-31T13:24:29.441Z",
  "xauusd": 4029.300049,
  "xagusd": 49.116001,
  "fng": {
    "value": 29,
    "classification": "Fear"
  },
  "usd_thb": 32.32
}