{
  "ts": "2025-10-08T07:50:14.169Z",
  "xauusd": 4037.699951,
  "xagusd": 48.901001,
  "fng": {
    "value": 60,
    "classification": "Greed"
  },
  "usd_thb": 32.33
}