{
  "ts": "2026-06-25T02:28:24.865Z",
  "xauusd": 3986.300049,
  "xagusd": 57.085999,
  "fng": {
    "value": 12,
    "classification": "Extreme Fear"
  },
  "usd_thb": 33.38
}