{
  "ts": "2025-11-07T09:39:59.684Z",
  "xauusd": 4007.100098,
  "xagusd": 48.797001,
  "fng": {
    "value": 24,
    "classification": "Extreme Fear"
  },
  "usd_thb": 32.36
}