{
  "ts": "2026-05-06T20:20:32.749Z",
  "xauusd": 4699.600098,
  "xagusd": 77.686996,
  "fng": {
    "value": 46,
    "classification": "Fear"
  },
  "usd_thb": 32.2
}