{
  "ts": "2026-04-27T22:31:31.836Z",
  "xauusd": 4690.200195,
  "xagusd": 76.031998,
  "fng": {
    "value": 47,
    "classification": "Neutral"
  },
  "usd_thb": 32.31
}