{
  "ts": "2026-03-20T10:59:17.736Z",
  "xauusd": 4645.899902,
  "xagusd": 71.703003,
  "fng": {
    "value": 11,
    "classification": "Extreme Fear"
  },
  "usd_thb": 32.72
}