{
  "ts": "2026-01-15T18:25:00.988Z",
  "xauusd": 4620.700195,
  "xagusd": 92.678001,
  "fng": {
    "value": 61,
    "classification": "Greed"
  },
  "usd_thb": 31.34
}