{
  "ts": "2025-12-17T20:49:35.433Z",
  "xauusd": 4345.799805,
  "xagusd": 66.571999,
  "fng": {
    "value": 16,
    "classification": "Extreme Fear"
  },
  "usd_thb": 31.45
}