{
  "ts": "2026-01-05T15:13:21.758Z",
  "xauusd": 4450.799805,
  "xagusd": 76.528999,
  "fng": {
    "value": 26,
    "classification": "Fear"
  },
  "usd_thb": 31.28
}