{
  "ts": "2025-11-18T07:25:40.003Z",
  "xauusd": 4004.800049,
  "xagusd": 49.481998,
  "fng": {
    "value": 11,
    "classification": "Extreme Fear"
  },
  "usd_thb": 32.47
}