{
  "ts": "2025-10-22T07:55:11.225Z",
  "xauusd": 4141.899902,
  "xagusd": 49.047001,
  "fng": {
    "value": 25,
    "classification": "Extreme Fear"
  },
  "usd_thb": 32.78
}