{
  "ts": "2025-11-25T08:33:21.788Z",
  "xauusd": 4136.799805,
  "xagusd": 51.323002,
  "fng": {
    "value": 20,
    "classification": "Extreme Fear"
  },
  "usd_thb": 32.3
}