{
  "ts": "2025-12-02T11:53:14.332Z",
  "xauusd": 4200.700195,
  "xagusd": 57.445999,
  "fng": {
    "value": 23,
    "classification": "Extreme Fear"
  },
  "usd_thb": 32.06
}