{
  "ts": "2026-03-25T17:31:28.854Z",
  "xauusd": 4555.399902,
  "xagusd": 72.557999,
  "fng": {
    "value": 14,
    "classification": "Extreme Fear"
  },
  "usd_thb": 32.63
}