{
  "ts": "2025-10-06T22:59:49.722Z",
  "xauusd": 3965.100098,
  "xagusd": 48.507999,
  "fng": {
    "value": 71,
    "classification": "Greed"
  },
  "usd_thb": 32.43
}