{
  "ts": "2025-12-14T23:35:14.821Z",
  "xauusd": 4307.700195,
  "xagusd": 62.127998,
  "fng": {
    "value": 21,
    "classification": "Extreme Fear"
  },
  "usd_thb": 31.44
}