{
  "ts": "2025-10-02T23:29:37.457Z",
  "xauusd": 3859.699951,
  "xagusd": 46.950001,
  "fng": {
    "value": 64,
    "classification": "Greed"
  },
  "usd_thb": 32.43
}