{
  "ts": "2026-01-27T16:22:40.474Z",
  "xauusd": 5096.299805,
  "xagusd": 109.364998,
  "fng": {
    "value": 29,
    "classification": "Fear"
  },
  "usd_thb": 31.027
}