{
  "ts": "2026-01-25T23:35:33.173Z",
  "xauusd": 5024.100098,
  "xagusd": 104.858002,
  "fng": {
    "value": 25,
    "classification": "Extreme Fear"
  },
  "usd_thb": 30.96
}