{
  "ts": "2026-06-04T00:15:12.543Z",
  "xauusd": 4455.200195,
  "xagusd": 73.240997,
  "fng": {
    "value": 12,
    "classification": "Extreme Fear"
  },
  "usd_thb": 32.67
}