{
  "ts": "2026-01-02T15:52:29.088Z",
  "xauusd": 4344.100098,
  "xagusd": 73.325996,
  "fng": {
    "value": 28,
    "classification": "Fear"
  },
  "usd_thb": 31.39
}