{
  "ts": "2026-07-06T20:23:08.204Z",
  "xauusd": 4162.700195,
  "xagusd": 62.123001,
  "fng": {
    "value": 24,
    "classification": "Extreme Fear"
  },
  "usd_thb": 33.25
}