{
  "ts": "2025-12-21T23:17:03.659Z",
  "xauusd": 4347.299805,
  "xagusd": 67.495003,
  "fng": {
    "value": 20,
    "classification": "Extreme Fear"
  },
  "usd_thb": 31.45
}