{
  "ts": "2026-02-02T07:52:35.705Z",
  "xauusd": 4595.399902,
  "xagusd": 77.059998,
  "fng": {
    "value": 14,
    "classification": "Extreme Fear"
  },
  "usd_thb": 31.69
}