{
  "ts": "2026-06-18T18:31:52.584Z",
  "xauusd": 4226.200195,
  "xagusd": 66.149002,
  "fng": {
    "value": 15,
    "classification": "Extreme Fear"
  },
  "usd_thb": 32.78
}