{
  "ts": "2025-10-12T22:16:40.664Z",
  "xauusd": 4029.699951,
  "xagusd": 49.970001,
  "fng": {
    "value": 24,
    "classification": "Extreme Fear"
  },
  "usd_thb": 32.61
}