{
  "ts": "2025-09-23T16:41:13.935Z",
  "xauusd": 3774.399902,
  "xagusd": 44.240002,
  "fng": {
    "value": 43,
    "classification": "Fear"
  },
  "usd_thb": 31.86
}