{
  "ts": "2025-09-23T03:53:15.876Z",
  "xauusd": 3746.899902,
  "xagusd": 43.860001,
  "fng": {
    "value": 43,
    "classification": "Fear"
  },
  "usd_thb": 31.83
}