{
  "ts": "2026-02-18T17:16:17.378Z",
  "xauusd": 5000.200195,
  "xagusd": 78.009003,
  "fng": {
    "value": 8,
    "classification": "Extreme Fear"
  },
  "usd_thb": 31.14
}