{
  "ts": "2026-01-22T09:58:56.630Z",
  "xauusd": 4823.200195,
  "xagusd": 94.056999,
  "fng": {
    "value": 20,
    "classification": "Extreme Fear"
  },
  "usd_thb": 31.388
}