{
  "ts": "2025-10-23T10:41:36.539Z",
  "xauusd": 4117.299805,
  "xagusd": 49.202999,
  "fng": {
    "value": 27,
    "classification": "Fear"
  },
  "usd_thb": 32.8
}