{
  "ts": "2026-03-16T10:13:52.431Z",
  "xauusd": 4980.100098,
  "xagusd": 77.391998,
  "fng": {
    "value": 23,
    "classification": "Extreme Fear"
  },
  "usd_thb": 32.51
}