{
  "ts": "2026-01-27T21:43:15.010Z",
  "xauusd": 5182.399902,
  "xagusd": 112.838997,
  "fng": {
    "value": 29,
    "classification": "Fear"
  },
  "usd_thb": 30.88
}