{
  "ts": "2026-02-26T21:20:12.521Z",
  "xauusd": 5195.299805,
  "xagusd": 88.935997,
  "fng": {
    "value": 11,
    "classification": "Extreme Fear"
  },
  "usd_thb": 31
}