{
  "ts": "2025-10-19T22:43:38.587Z",
  "xauusd": 4257.600098,
  "xagusd": 51.905998,
  "fng": {
    "value": 29,
    "classification": "Fear"
  },
  "usd_thb": 32.81
}