{
  "ts": "2025-10-10T07:51:52.589Z",
  "xauusd": 3968.800049,
  "xagusd": 50.518002,
  "fng": {
    "value": 64,
    "classification": "Greed"
  },
  "usd_thb": 32.75
}