{
  "ts": "2025-08-28T10:41:10.254Z",
  "xauusd": 3399.399902,
  "xagusd": 39.018002,
  "fng": {
    "value": 48,
    "classification": "Neutral"
  },
  "usd_thb": 32.35
}