{
  "ts": "2026-02-20T14:24:01.486Z",
  "xauusd": 5042.399902,
  "xagusd": 80.835999,
  "fng": {
    "value": 7,
    "classification": "Extreme Fear"
  },
  "usd_thb": 31.17
}