{
  "ts": "2025-10-09T05:54:00.863Z",
  "xauusd": 4038.699951,
  "xagusd": 49.199001,
  "fng": {
    "value": 70,
    "classification": "Greed"
  },
  "usd_thb": 32.58
}