{
  "ts": "2026-03-12T15:35:50.012Z",
  "xauusd": 5127.100098,
  "xagusd": 85.195999,
  "fng": {
    "value": 18,
    "classification": "Extreme Fear"
  },
  "usd_thb": 32.13
}