{
  "ts": "2026-01-16T21:50:12.612Z",
  "xauusd": 4596.700195,
  "xagusd": 90.084999,
  "fng": {
    "value": 49,
    "classification": "Neutral"
  },
  "usd_thb": 31.39
}