{
  "ts": "2025-09-30T17:43:08.561Z",
  "xauusd": 3848.199951,
  "xagusd": 46.547001,
  "fng": {
    "value": 50,
    "classification": "Neutral"
  },
  "usd_thb": 32.43
}