{
  "ts": "2025-10-08T19:54:22.277Z",
  "xauusd": 4045.100098,
  "xagusd": 49.120998,
  "fng": {
    "value": 60,
    "classification": "Greed"
  },
  "usd_thb": 32.55
}