{
  "ts": "2025-12-09T13:50:30.928Z",
  "xauusd": 4200.899902,
  "xagusd": 58.780998,
  "fng": {
    "value": 22,
    "classification": "Extreme Fear"
  },
  "usd_thb": 31.84
}