{
  "ts": "2025-10-07T10:49:01.699Z",
  "xauusd": 3960.100098,
  "xagusd": 48.471001,
  "fng": {
    "value": 70,
    "classification": "Greed"
  },
  "usd_thb": 32.51
}