{
  "ts": "2025-10-27T04:57:23.200Z",
  "xauusd": 4070.800049,
  "xagusd": 48.066002,
  "fng": {
    "value": 51,
    "classification": "Neutral"
  },
  "usd_thb": 32.69
}