{
  "ts": "2025-09-15T09:12:13.307Z",
  "xauusd": 3645.399902,
  "xagusd": 42.240002,
  "fng": {
    "value": 53,
    "classification": "Neutral"
  },
  "usd_thb": 31.86
}