{
  "ts": "2025-11-26T04:56:34.836Z",
  "xauusd": 4162.200195,
  "xagusd": 52.077999,
  "fng": {
    "value": 15,
    "classification": "Extreme Fear"
  },
  "usd_thb": 32.22
}