{
  "ts": "2026-03-06T08:58:44.740Z",
  "xauusd": 5116.299805,
  "xagusd": 84.209999,
  "fng": {
    "value": 18,
    "classification": "Extreme Fear"
  },
  "usd_thb": 31.82
}