{
  "ts": "2026-02-15T23:21:36.426Z",
  "xauusd": 5026.600098,
  "xagusd": 76.720001,
  "fng": {
    "value": 8,
    "classification": "Extreme Fear"
  },
  "usd_thb": 31.03
}