{
  "ts": "2025-11-20T03:59:54.927Z",
  "xauusd": 4072.199951,
  "xagusd": 51.269001,
  "fng": {
    "value": 11,
    "classification": "Extreme Fear"
  },
  "usd_thb": 32.47
}