{
  "ts": "2026-02-04T09:09:04.002Z",
  "xauusd": 5079.799805,
  "xagusd": 89.878998,
  "fng": {
    "value": 14,
    "classification": "Extreme Fear"
  },
  "usd_thb": 31.6
}