{
  "ts": "2025-11-20T11:23:55.915Z",
  "xauusd": 4054.399902,
  "xagusd": 50.755001,
  "fng": {
    "value": 11,
    "classification": "Extreme Fear"
  },
  "usd_thb": 32.43
}