{
  "ts": "2025-10-14T09:45:34.775Z",
  "xauusd": 4138.299805,
  "xagusd": 51.185001,
  "fng": {
    "value": 38,
    "classification": "Fear"
  },
  "usd_thb": 32.76
}