{
  "ts": "2025-09-25T22:16:10.764Z",
  "xauusd": 3747.800049,
  "xagusd": 45.165001,
  "fng": {
    "value": 44,
    "classification": "Fear"
  },
  "usd_thb": 32.18
}