{
  "ts": "2025-12-30T08:57:45.069Z",
  "xauusd": 4365.700195,
  "xagusd": 74.227997,
  "fng": {
    "value": 23,
    "classification": "Extreme Fear"
  },
  "usd_thb": 31.45
}