{
  "ts": "2025-08-17T22:56:28.565Z",
  "xauusd": 3335.199951,
  "xagusd": 37.942001,
  "fng": {
    "value": 64,
    "classification": "Greed"
  },
  "usd_thb": 32.37
}