{
  "ts": "2026-03-20T20:17:25.052Z",
  "xauusd": 4505.700195,
  "xagusd": 68.143997,
  "fng": {
    "value": 11,
    "classification": "Extreme Fear"
  },
  "usd_thb": 32.87
}