{
  "ts": "2025-10-13T06:58:45.533Z",
  "xauusd": 4070.800049,
  "xagusd": 51.637001,
  "fng": {
    "value": 38,
    "classification": "Fear"
  },
  "usd_thb": 32.54
}