{
  "ts": "2025-11-21T06:38:01.671Z",
  "xauusd": 4037.100098,
  "xagusd": 49.605999,
  "fng": {
    "value": 14,
    "classification": "Extreme Fear"
  },
  "usd_thb": 32.45
}