{
  "ts": "2026-06-17T18:39:45.794Z",
  "xauusd": 4303.200195,
  "xagusd": 69.629997,
  "fng": {
    "value": 22,
    "classification": "Extreme Fear"
  },
  "usd_thb": 32.64
}