{
  "ts": "2026-05-21T17:06:54.877Z",
  "xauusd": 4516.700195,
  "xagusd": 76.113998,
  "fng": {
    "value": 29,
    "classification": "Fear"
  },
  "usd_thb": 32.6
}