{
  "ts": "2025-12-26T16:54:45.451Z",
  "xauusd": 4536.799805,
  "xagusd": 76.289001,
  "fng": {
    "value": 20,
    "classification": "Extreme Fear"
  },
  "usd_thb": 30.98
}