{
  "ts": "2025-10-10T11:46:32.475Z",
  "xauusd": 3993.199951,
  "xagusd": 50.095001,
  "fng": {
    "value": 64,
    "classification": "Greed"
  },
  "usd_thb": 32.67
}