{
  "ts": "2025-11-05T13:23:39.695Z",
  "xauusd": 3973.199951,
  "xagusd": 47.824001,
  "fng": {
    "value": 23,
    "classification": "Extreme Fear"
  },
  "usd_thb": 32.51
}