{
  "ts": "2026-02-09T21:49:29.176Z",
  "xauusd": 5061.700195,
  "xagusd": 83.551003,
  "fng": {
    "value": 14,
    "classification": "Extreme Fear"
  },
  "usd_thb": 31.08
}