{
  "ts": "2025-09-02T19:44:46.445Z",
  "xauusd": 3540.300049,
  "xagusd": 40.955002,
  "fng": {
    "value": 49,
    "classification": "Neutral"
  },
  "usd_thb": 32.31
}