{
  "ts": "2025-09-17T20:39:15.823Z",
  "xauusd": 3660.300049,
  "xagusd": 41.669998,
  "fng": {
    "value": 53,
    "classification": "Neutral"
  },
  "usd_thb": 31.8
}