{
  "ts": "2025-08-25T13:04:13.375Z",
  "xauusd": 3364.800049,
  "xagusd": 38.759998,
  "fng": {
    "value": 47,
    "classification": "Neutral"
  },
  "usd_thb": 32.44
}