{
  "ts": "2025-09-15T18:30:01.091Z",
  "xauusd": 3680.800049,
  "xagusd": 42.669998,
  "fng": {
    "value": 53,
    "classification": "Neutral"
  },
  "usd_thb": 31.79
}