{
  "ts": "2025-12-18T23:44:05.262Z",
  "xauusd": 4335.700195,
  "xagusd": 65.553001,
  "fng": {
    "value": 17,
    "classification": "Extreme Fear"
  },
  "usd_thb": 31.4
}