{
  "ts": "2026-03-27T18:00:41.031Z",
  "xauusd": 4487.700195,
  "xagusd": 69.685997,
  "fng": {
    "value": 13,
    "classification": "Extreme Fear"
  },
  "usd_thb": 32.89
}