{
  "ts": "2026-05-12T10:09:53.356Z",
  "xauusd": 4708.600098,
  "xagusd": 84.383003,
  "fng": {
    "value": 49,
    "classification": "Neutral"
  },
  "usd_thb": 32.37
}