{
  "ts": "2026-01-14T17:47:17.842Z",
  "xauusd": 4609.399902,
  "xagusd": 90.517998,
  "fng": {
    "value": 48,
    "classification": "Neutral"
  },
  "usd_thb": 31.36
}