{
  "ts": "2025-09-02T18:33:42.056Z",
  "xauusd": 3530.300049,
  "xagusd": 40.900002,
  "fng": {
    "value": 49,
    "classification": "Neutral"
  },
  "usd_thb": 32.32
}