{
  "ts": "2025-11-07T13:08:19.833Z",
  "xauusd": 3998.800049,
  "xagusd": 48.537998,
  "fng": {
    "value": 24,
    "classification": "Extreme Fear"
  },
  "usd_thb": 32.33
}