{
  "ts": "2025-09-18T22:49:35.719Z",
  "xauusd": 3642.899902,
  "xagusd": 41.846001,
  "fng": {
    "value": 52,
    "classification": "Neutral"
  },
  "usd_thb": 31.9
}