{
  "ts": "2026-03-16T21:33:01.930Z",
  "xauusd": 5007.200195,
  "xagusd": 80.876999,
  "fng": {
    "value": 23,
    "classification": "Extreme Fear"
  },
  "usd_thb": 32.3
}