{
  "ts": "2026-03-19T18:28:39.644Z",
  "xauusd": 4614.399902,
  "xagusd": 71.523003,
  "fng": {
    "value": 23,
    "classification": "Extreme Fear"
  },
  "usd_thb": 32.58
}