{
  "ts": "2026-01-07T14:28:59.673Z",
  "xauusd": 4444.899902,
  "xagusd": 76.901001,
  "fng": {
    "value": 42,
    "classification": "Fear"
  },
  "usd_thb": 31.28
}