{
  "ts": "2026-01-11T23:49:06.823Z",
  "xauusd": 4542.600098,
  "xagusd": 81.768997,
  "fng": {
    "value": 29,
    "classification": "Fear"
  },
  "usd_thb": 31.43
}