{
  "ts": "2025-10-08T16:46:02.298Z",
  "xauusd": 4059.199951,
  "xagusd": 49.499001,
  "fng": {
    "value": 60,
    "classification": "Greed"
  },
  "usd_thb": 32.47
}