{
  "ts": "2026-01-15T21:30:22.511Z",
  "xauusd": 4615.399902,
  "xagusd": 92.553001,
  "fng": {
    "value": 61,
    "classification": "Greed"
  },
  "usd_thb": 31.34
}