{
  "ts": "2026-06-10T18:11:05.943Z",
  "xauusd": 4115.700195,
  "xagusd": 65.081001,
  "fng": {
    "value": 9,
    "classification": "Extreme Fear"
  },
  "usd_thb": 32.9
}