{
  "ts": "2026-02-03T17:58:50.391Z",
  "xauusd": 4939.100098,
  "xagusd": 84.387001,
  "fng": {
    "value": 17,
    "classification": "Extreme Fear"
  },
  "usd_thb": 31.62
}