{
  "ts": "2025-11-19T11:51:57.910Z",
  "xauusd": 4117.799805,
  "xagusd": 52.314999,
  "fng": {
    "value": 15,
    "classification": "Extreme Fear"
  },
  "usd_thb": 32.42
}