{
  "ts": "2025-09-08T17:42:55.907Z",
  "xauusd": 3637.300049,
  "xagusd": 41.345001,
  "fng": {
    "value": 51,
    "classification": "Neutral"
  },
  "usd_thb": 31.72
}