{
  "ts": "2026-01-14T22:54:59.008Z",
  "xauusd": 4628.200195,
  "xagusd": 93.348999,
  "fng": {
    "value": 48,
    "classification": "Neutral"
  },
  "usd_thb": 31.32
}