{
  "ts": "2025-10-21T19:17:37.538Z",
  "xauusd": 4109.799805,
  "xagusd": 48.098999,
  "fng": {
    "value": 34,
    "classification": "Fear"
  },
  "usd_thb": 32.86
}