{
  "ts": "2026-03-11T09:57:32.020Z",
  "xauusd": 5191.399902,
  "xagusd": 86.995003,
  "fng": {
    "value": 15,
    "classification": "Extreme Fear"
  },
  "usd_thb": 31.53
}