{
  "ts": "2026-03-06T07:05:24.223Z",
  "xauusd": 5114.200195,
  "xagusd": 84.439003,
  "fng": {
    "value": 18,
    "classification": "Extreme Fear"
  },
  "usd_thb": 31.76
}