{
  "ts": "2025-09-25T17:17:55.149Z",
  "xauusd": 3742.899902,
  "xagusd": 44.941002,
  "fng": {
    "value": 44,
    "classification": "Fear"
  },
  "usd_thb": 32.21
}