{
  "ts": "2025-12-25T23:21:03.785Z",
  "xauusd": 4493.899902,
  "xagusd": 72.961998,
  "fng": {
    "value": 23,
    "classification": "Extreme Fear"
  },
  "usd_thb": 30.99
}