{
  "ts": "2026-01-09T16:36:48.574Z",
  "xauusd": 4504.399902,
  "xagusd": 80.267998,
  "fng": {
    "value": 27,
    "classification": "Fear"
  },
  "usd_thb": 31.34
}