{
  "ts": "2025-12-30T04:26:57.425Z",
  "xauusd": 4366.200195,
  "xagusd": 74.624001,
  "fng": {
    "value": 23,
    "classification": "Extreme Fear"
  },
  "usd_thb": 31.46
}