{
  "ts": "2026-03-11T12:28:08.516Z",
  "xauusd": 5191.600098,
  "xagusd": 86.559998,
  "fng": {
    "value": 15,
    "classification": "Extreme Fear"
  },
  "usd_thb": 31.64
}