{
  "ts": "2026-03-24T09:30:36.688Z",
  "xauusd": 4408.700195,
  "xagusd": 69.814003,
  "fng": {
    "value": 11,
    "classification": "Extreme Fear"
  },
  "usd_thb": 32.54
}