{
  "ts": "2025-11-11T14:21:08.618Z",
  "xauusd": 4138.399902,
  "xagusd": 51.139999,
  "fng": {
    "value": 26,
    "classification": "Fear"
  },
  "usd_thb": 32.39
}