{
  "ts": "2025-11-05T20:37:11.220Z",
  "xauusd": 3988.899902,
  "xagusd": 48.282001,
  "fng": {
    "value": 23,
    "classification": "Extreme Fear"
  },
  "usd_thb": 32.46
}