{
  "ts": "2025-10-23T23:08:24.779Z",
  "xauusd": 4115.899902,
  "xagusd": 48.804001,
  "fng": {
    "value": 27,
    "classification": "Fear"
  },
  "usd_thb": 32.81
}