{
  "ts": "2025-10-24T10:49:03.700Z",
  "xauusd": 4059.399902,
  "xagusd": 48.082001,
  "fng": {
    "value": 30,
    "classification": "Fear"
  },
  "usd_thb": 32.75
}