{
  "ts": "2025-11-25T13:44:06.419Z",
  "xauusd": 4148.299805,
  "xagusd": 51.662998,
  "fng": {
    "value": 20,
    "classification": "Extreme Fear"
  },
  "usd_thb": 32.27
}