{
  "ts": "2026-07-09T18:23:33.247Z",
  "xauusd": 4126.399902,
  "xagusd": 60.275002,
  "fng": {
    "value": 22,
    "classification": "Extreme Fear"
  },
  "usd_thb": 33.38
}