{
  "ts": "2025-10-26T23:37:42.250Z",
  "xauusd": 4080.199951,
  "xagusd": 48.264999,
  "fng": {
    "value": 40,
    "classification": "Fear"
  },
  "usd_thb": 32.63
}