{
  "ts": "2025-09-16T23:35:14.091Z",
  "xauusd": 3695.399902,
  "xagusd": 42.657001,
  "fng": {
    "value": 52,
    "classification": "Neutral"
  },
  "usd_thb": 31.66
}