{
  "ts": "2025-08-25T14:44:54.497Z",
  "xauusd": 3373.699951,
  "xagusd": 38.900002,
  "fng": {
    "value": 47,
    "classification": "Neutral"
  },
  "usd_thb": 32.42
}