{
  "ts": "2025-09-25T23:59:00.165Z",
  "xauusd": 3745.899902,
  "xagusd": 44.926998,
  "fng": {
    "value": 44,
    "classification": "Fear"
  },
  "usd_thb": 32.2
}