{
  "ts": "2026-01-02T08:52:08.063Z",
  "xauusd": 4395.200195,
  "xagusd": 74.546997,
  "fng": {
    "value": 28,
    "classification": "Fear"
  },
  "usd_thb": 31.37
}