{
  "ts": "2025-08-27T16:30:35.953Z",
  "xauusd": 3391.699951,
  "xagusd": 38.580002,
  "fng": {
    "value": 51,
    "classification": "Neutral"
  },
  "usd_thb": 32.39
}