{
  "ts": "2025-10-23T04:53:07.771Z",
  "xauusd": 4090.600098,
  "xagusd": 48.518002,
  "fng": {
    "value": 27,
    "classification": "Fear"
  },
  "usd_thb": 32.83
}