{
  "ts": "2025-12-23T17:00:53.857Z",
  "xauusd": 4475.299805,
  "xagusd": 70.533997,
  "fng": {
    "value": 24,
    "classification": "Extreme Fear"
  },
  "usd_thb": 31.09
}