{
  "ts": "2026-02-23T05:56:48.598Z",
  "xauusd": 5159.899902,
  "xagusd": 87.147003,
  "fng": {
    "value": 5,
    "classification": "Extreme Fear"
  },
  "usd_thb": 30.96
}