{
  "ts": "2025-12-30T19:18:03.585Z",
  "xauusd": 4366.700195,
  "xagusd": 77.566002,
  "fng": {
    "value": 23,
    "classification": "Extreme Fear"
  },
  "usd_thb": 31.36
}