{
  "ts": "2025-08-28T04:40:45.692Z",
  "xauusd": 3392.100098,
  "xagusd": 38.783001,
  "fng": {
    "value": 48,
    "classification": "Neutral"
  },
  "usd_thb": 32.39
}