{
  "ts": "2025-08-26T07:14:40.964Z",
  "xauusd": 3373.600098,
  "xagusd": 38.689999,
  "fng": {
    "value": 48,
    "classification": "Neutral"
  },
  "usd_thb": 32.47
}