{
  "ts": "2026-06-23T21:13:06.193Z",
  "xauusd": 4121.799805,
  "xagusd": 61.713001,
  "fng": {
    "value": 23,
    "classification": "Extreme Fear"
  },
  "usd_thb": 33.19
}