{
  "ts": "2025-11-04T21:54:43.855Z",
  "xauusd": 3934.600098,
  "xagusd": 47.227001,
  "fng": {
    "value": 21,
    "classification": "Extreme Fear"
  },
  "usd_thb": 32.59
}