{
  "ts": "2026-06-19T01:47:35.350Z",
  "xauusd": 4188.200195,
  "xagusd": 65.275002,
  "fng": {
    "value": 14,
    "classification": "Extreme Fear"
  },
  "usd_thb": 32.77
}