{
  "ts": "2026-02-25T05:49:31.422Z",
  "xauusd": 5203.799805,
  "xagusd": 90.999001,
  "fng": {
    "value": 11,
    "classification": "Extreme Fear"
  },
  "usd_thb": 30.94
}