{
  "ts": "2025-12-02T13:59:26.700Z",
  "xauusd": 4212.299805,
  "xagusd": 57.588001,
  "fng": {
    "value": 23,
    "classification": "Extreme Fear"
  },
  "usd_thb": 32
}