{
  "ts": "2025-09-01T16:37:39.481Z",
  "xauusd": 3475.600098,
  "xagusd": 40.745998,
  "fng": {
    "value": 46,
    "classification": "Fear"
  },
  "usd_thb": 32.3
}