{
  "ts": "2026-03-01T08:40:26.683Z",
  "xauusd": 5280.200195,
  "xagusd": 93.914001,
  "fng": {
    "value": 14,
    "classification": "Extreme Fear"
  },
  "usd_thb": 31
}