{
  "ts": "2025-08-14T08:56:44.344Z",
  "xauusd": 3347.699951,
  "xagusd": 38.299999,
  "fng": {
    "value": 75,
    "classification": "Greed"
  },
  "usd_thb": 32.37
}