{
  "ts": "2026-03-15T23:15:52.791Z",
  "xauusd": 5008.399902,
  "xagusd": 80.128998,
  "fng": {
    "value": 15,
    "classification": "Extreme Fear"
  },
  "usd_thb": 32.46
}