{
  "ts": "2025-09-03T19:11:39.843Z",
  "xauusd": 3572.100098,
  "xagusd": 41.209999,
  "fng": {
    "value": 55,
    "classification": "Greed"
  },
  "usd_thb": 32.26
}