{
  "ts": "2025-10-21T15:56:48.132Z",
  "xauusd": 4142.899902,
  "xagusd": 49.000999,
  "fng": {
    "value": 34,
    "classification": "Fear"
  },
  "usd_thb": 32.8
}