{
  "ts": "2025-12-02T23:33:59.426Z",
  "xauusd": 4208.100098,
  "xagusd": 58.425999,
  "fng": {
    "value": 23,
    "classification": "Extreme Fear"
  },
  "usd_thb": 32
}