{
  "ts": "2025-09-12T04:40:54.452Z",
  "xauusd": 3655.399902,
  "xagusd": 42.118999,
  "fng": {
    "value": 57,
    "classification": "Greed"
  },
  "usd_thb": 31.66
}