{
  "ts": "2025-09-10T23:31:39.228Z",
  "xauusd": 3641.899902,
  "xagusd": 41.235001,
  "fng": {
    "value": 49,
    "classification": "Neutral"
  },
  "usd_thb": 31.75
}