{
  "ts": "2025-08-14T17:38:57.671Z",
  "xauusd": 3337.300049,
  "xagusd": 38.023998,
  "fng": {
    "value": 75,
    "classification": "Greed"
  },
  "usd_thb": 32.45
}