{
  "ts": "2025-11-07T16:56:15.868Z",
  "xauusd": 4013.304932,
  "xagusd": 48.535599,
  "fng": {
    "value": 24,
    "classification": "Extreme Fear"
  },
  "usd_thb": 32.38
}