{
  "ts": "2025-08-15T05:45:58.460Z",
  "xauusd": 3346.100098,
  "xagusd": 38.130001,
  "fng": {
    "value": 60,
    "classification": "Greed"
  },
  "usd_thb": 32.42
}