{
  "ts": "2025-10-10T11:12:57.132Z",
  "xauusd": 3999.600098,
  "xagusd": 50.490002,
  "fng": {
    "value": 64,
    "classification": "Greed"
  },
  "usd_thb": 32.7
}