{
  "ts": "2025-08-21T19:27:54.652Z",
  "xauusd": 3342.399902,
  "xagusd": 38.172001,
  "fng": {
    "value": 50,
    "classification": "Neutral"
  },
  "usd_thb": 32.66
}