{
  "ts": "2025-09-02T11:58:35.584Z",
  "xauusd": 3486.100098,
  "xagusd": 40.609001,
  "fng": {
    "value": 49,
    "classification": "Neutral"
  },
  "usd_thb": 32.37
}