{
  "ts": "2025-10-29T17:20:38.942Z",
  "xauusd": 3995.899902,
  "xagusd": 48.139999,
  "fng": {
    "value": 51,
    "classification": "Neutral"
  },
  "usd_thb": 32.29
}