{
  "ts": "2026-04-08T10:13:42.664Z",
  "xauusd": 4786.200195,
  "xagusd": 76.969002,
  "fng": {
    "value": 17,
    "classification": "Extreme Fear"
  },
  "usd_thb": 31.96
}