{
  "ts": "2026-03-25T07:19:15.059Z",
  "xauusd": 4538.399902,
  "xagusd": 73.021004,
  "fng": {
    "value": 14,
    "classification": "Extreme Fear"
  },
  "usd_thb": 32.66
}