{
  "ts": "2025-11-20T09:53:02.992Z",
  "xauusd": 4066.300049,
  "xagusd": 51.030998,
  "fng": {
    "value": 11,
    "classification": "Extreme Fear"
  },
  "usd_thb": 32.43
}