{
  "ts": "2025-11-24T17:39:09.718Z",
  "xauusd": 4095.399902,
  "xagusd": 50.619999,
  "fng": {
    "value": 19,
    "classification": "Extreme Fear"
  },
  "usd_thb": 32.39
}