{
  "ts": "2025-11-04T06:55:45.222Z",
  "xauusd": 3985.600098,
  "xagusd": 47.676998,
  "fng": {
    "value": 21,
    "classification": "Extreme Fear"
  },
  "usd_thb": 32.63
}