{
  "ts": "2025-09-03T23:39:43.229Z",
  "xauusd": 3557.300049,
  "xagusd": 41.030998,
  "fng": {
    "value": 55,
    "classification": "Greed"
  },
  "usd_thb": 32.27
}