{
  "ts": "2026-04-30T19:27:12.786Z",
  "xauusd": 4619.700195,
  "xagusd": 73.690002,
  "fng": {
    "value": 29,
    "classification": "Fear"
  },
  "usd_thb": 32.46
}