{
  "ts": "2025-11-17T18:27:42.258Z",
  "xauusd": 4070.399902,
  "xagusd": 50.880001,
  "fng": {
    "value": 14,
    "classification": "Extreme Fear"
  },
  "usd_thb": 32.43
}