{
  "ts": "2025-09-07T10:59:29.516Z",
  "xauusd": 3587.300049,
  "xagusd": 41.008499,
  "fng": {
    "value": 44,
    "classification": "Fear"
  },
  "usd_thb": 32.04
}