{
  "ts": "2025-10-06T08:58:58.080Z",
  "xauusd": 3944.800049,
  "xagusd": 48.748001,
  "fng": {
    "value": 71,
    "classification": "Greed"
  },
  "usd_thb": 32.42
}