{
  "ts": "2026-01-08T17:35:49.107Z",
  "xauusd": 4463.600098,
  "xagusd": 76.386002,
  "fng": {
    "value": 28,
    "classification": "Fear"
  },
  "usd_thb": 31.51
}