{
  "ts": "2025-12-02T13:48:40.454Z",
  "xauusd": 4205.700195,
  "xagusd": 57.558998,
  "fng": {
    "value": 23,
    "classification": "Extreme Fear"
  },
  "usd_thb": 31.98
}