{
  "ts": "2026-04-21T22:09:17.337Z",
  "xauusd": 4722.899902,
  "xagusd": 77.035004,
  "fng": {
    "value": 33,
    "classification": "Fear"
  },
  "usd_thb": 32.16
}