{
  "ts": "2026-01-06T20:51:44.080Z",
  "xauusd": 4491.100098,
  "xagusd": 80.995003,
  "fng": {
    "value": 44,
    "classification": "Fear"
  },
  "usd_thb": 31.2
}