{
  "ts": "2026-01-15T04:49:53.699Z",
  "xauusd": 4593.899902,
  "xagusd": 87.943001,
  "fng": {
    "value": 61,
    "classification": "Greed"
  },
  "usd_thb": 31.47
}