{
  "ts": "2025-11-19T05:49:23.216Z",
  "xauusd": 4093.199951,
  "xagusd": 51.346001,
  "fng": {
    "value": 15,
    "classification": "Extreme Fear"
  },
  "usd_thb": 32.41
}