{
  "ts": "2026-05-14T01:22:30.946Z",
  "xauusd": 4693.100098,
  "xagusd": 87.552002,
  "fng": {
    "value": 34,
    "classification": "Fear"
  },
  "usd_thb": 32.3
}