{
  "ts": "2026-01-05T10:01:21.019Z",
  "xauusd": 4436.100098,
  "xagusd": 76.344002,
  "fng": {
    "value": 26,
    "classification": "Fear"
  },
  "usd_thb": 31.3
}