{
  "ts": "2026-07-02T19:50:37.575Z",
  "xauusd": 4116.799805,
  "xagusd": 60.796001,
  "fng": {
    "value": 19,
    "classification": "Extreme Fear"
  },
  "usd_thb": 33.2
}