{
  "ts": "2025-08-14T11:52:58.257Z",
  "xauusd": 3354.800049,
  "xagusd": 38.386002,
  "fng": {
    "value": 75,
    "classification": "Greed"
  },
  "usd_thb": 32.38
}