{
  "ts": "2026-05-13T20:56:24.625Z",
  "xauusd": 4689.200195,
  "xagusd": 87.617996,
  "fng": {
    "value": 42,
    "classification": "Fear"
  },
  "usd_thb": 32.3
}