{
  "ts": "2025-09-23T07:51:41.378Z",
  "xauusd": 3755.800049,
  "xagusd": 43.891998,
  "fng": {
    "value": 43,
    "classification": "Fear"
  },
  "usd_thb": 31.84
}