{
  "ts": "2025-09-06T17:09:41.595Z",
  "xauusd": 3587.300049,
  "xagusd": 41.049999,
  "fng": {
    "value": 48,
    "classification": "Neutral"
  },
  "usd_thb": 32.04
}