{
  "ts": "2025-12-23T11:46:53.251Z",
  "xauusd": 4489.299805,
  "xagusd": 69.707001,
  "fng": {
    "value": 24,
    "classification": "Extreme Fear"
  },
  "usd_thb": 31.08
}