{
  "ts": "2025-11-18T13:58:43.438Z",
  "xauusd": 4070.800049,
  "xagusd": 50.387001,
  "fng": {
    "value": 11,
    "classification": "Extreme Fear"
  },
  "usd_thb": 32.41
}