{
  "ts": "2025-08-22T11:18:59.020Z",
  "xauusd": 3331.100098,
  "xagusd": 38.042999,
  "fng": {
    "value": 50,
    "classification": "Neutral"
  },
  "usd_thb": 32.64
}