{
  "ts": "2025-10-14T22:19:58.129Z",
  "xauusd": 4162.600098,
  "xagusd": 51.674999,
  "fng": {
    "value": 38,
    "classification": "Fear"
  },
  "usd_thb": 32.71
}