{
  "ts": "2025-10-21T17:44:14.913Z",
  "xauusd": 4117.399902,
  "xagusd": 48.606998,
  "fng": {
    "value": 34,
    "classification": "Fear"
  },
  "usd_thb": 32.9
}