{
  "ts": "2025-10-02T10:58:10.175Z",
  "xauusd": 3882.600098,
  "xagusd": 47.459999,
  "fng": {
    "value": 64,
    "classification": "Greed"
  },
  "usd_thb": 32.35
}