{
  "ts": "2025-09-09T05:24:48.468Z",
  "xauusd": 3655.300049,
  "xagusd": 41.452999,
  "fng": {
    "value": 48,
    "classification": "Neutral"
  },
  "usd_thb": 31.65
}