{
  "ts": "2025-10-22T10:15:50.356Z",
  "xauusd": 4074.600098,
  "xagusd": 48.547001,
  "fng": {
    "value": 25,
    "classification": "Extreme Fear"
  },
  "usd_thb": 32.86
}