{
  "ts": "2026-01-16T21:59:21.978Z",
  "xauusd": 4597.600098,
  "xagusd": 90.258003,
  "fng": {
    "value": 49,
    "classification": "Neutral"
  },
  "usd_thb": 31.41
}