{
  "ts": "2025-11-11T05:56:49.226Z",
  "xauusd": 4135.600098,
  "xagusd": 50.933998,
  "fng": {
    "value": 26,
    "classification": "Fear"
  },
  "usd_thb": 32.41
}