{
  "ts": "2026-04-29T16:13:01.903Z",
  "xauusd": 4563.899902,
  "xagusd": 71.842003,
  "fng": {
    "value": 26,
    "classification": "Fear"
  },
  "usd_thb": 32.73
}