{
  "ts": "2026-04-13T02:28:43.202Z",
  "xauusd": 4723.299805,
  "xagusd": 74.415001,
  "fng": {
    "value": 12,
    "classification": "Extreme Fear"
  },
  "usd_thb": 32.25
}