{
  "ts": "2026-04-14T21:58:43.896Z",
  "xauusd": 4841.899902,
  "xagusd": 79.657997,
  "fng": {
    "value": 21,
    "classification": "Extreme Fear"
  },
  "usd_thb": 31.91
}