{
  "ts": "2025-12-16T04:00:45.766Z",
  "xauusd": 4291.899902,
  "xagusd": 62.773998,
  "fng": {
    "value": 11,
    "classification": "Extreme Fear"
  },
  "usd_thb": 31.53
}