{
  "ts": "2025-10-15T20:11:49.918Z",
  "xauusd": 4211.200195,
  "xagusd": 53.198002,
  "fng": {
    "value": 34,
    "classification": "Fear"
  },
  "usd_thb": 32.57
}