{
  "ts": "2026-07-10T20:10:55.876Z",
  "xauusd": 4112.899902,
  "xagusd": 59.875999,
  "fng": {
    "value": 23,
    "classification": "Extreme Fear"
  },
  "usd_thb": 33.25
}