{
  "ts": "2025-12-03T14:00:33.049Z",
  "xauusd": 4237.100098,
  "xagusd": 58.943001,
  "fng": {
    "value": 28,
    "classification": "Fear"
  },
  "usd_thb": 31.9
}