{
  "ts": "2025-11-19T11:31:33.032Z",
  "xauusd": 4115.600098,
  "xagusd": 52.280998,
  "fng": {
    "value": 15,
    "classification": "Extreme Fear"
  },
  "usd_thb": 32.41
}