{
  "ts": "2025-09-03T23:19:25.815Z",
  "xauusd": 3556.100098,
  "xagusd": 41.060001,
  "fng": {
    "value": 55,
    "classification": "Greed"
  },
  "usd_thb": 32.28
}