{
  "ts": "2025-09-18T04:13:29.568Z",
  "xauusd": 3658.800049,
  "xagusd": 41.490002,
  "fng": {
    "value": 52,
    "classification": "Neutral"
  },
  "usd_thb": 31.8
}