{
  "ts": "2026-01-27T16:54:03.816Z",
  "xauusd": 5090.299805,
  "xagusd": 108.544998,
  "fng": {
    "value": 29,
    "classification": "Fear"
  },
  "usd_thb": 31
}