{
  "ts": "2025-12-16T05:31:09.090Z",
  "xauusd": 4283.399902,
  "xagusd": 62.556999,
  "fng": {
    "value": 11,
    "classification": "Extreme Fear"
  },
  "usd_thb": 31.51
}