{
  "ts": "2025-08-24T23:28:36.180Z",
  "xauusd": 3367.699951,
  "xagusd": 38.936001,
  "fng": {
    "value": 53,
    "classification": "Neutral"
  },
  "usd_thb": 32.31
}