{
  "ts": "2025-08-22T18:42:24.190Z",
  "xauusd": 3374.100098,
  "xagusd": 39.058998,
  "fng": {
    "value": 50,
    "classification": "Neutral"
  },
  "usd_thb": 32.38
}