{
  "ts": "2025-08-20T23:57:32.757Z",
  "xauusd": 3348.399902,
  "xagusd": 37.960999,
  "fng": {
    "value": 44,
    "classification": "Fear"
  },
  "usd_thb": 32.56
}