{
  "ts": "2025-12-17T09:52:50.817Z",
  "xauusd": 4318.899902,
  "xagusd": 65.785004,
  "fng": {
    "value": 16,
    "classification": "Extreme Fear"
  },
  "usd_thb": 31.5
}