{
  "ts": "2026-04-08T22:56:44.263Z",
  "xauusd": 4717.399902,
  "xagusd": 74.220001,
  "fng": {
    "value": 17,
    "classification": "Extreme Fear"
  },
  "usd_thb": 32.04
}