{
  "ts": "2026-03-02T00:00:01.384Z",
  "xauusd": 5384.299805,
  "xagusd": 95.860001,
  "fng": {
    "value": 14,
    "classification": "Extreme Fear"
  },
  "usd_thb": 31.19
}