{
  "ts": "2025-09-10T09:53:32.331Z",
  "xauusd": 3655.300049,
  "xagusd": 41.237999,
  "fng": {
    "value": 49,
    "classification": "Neutral"
  },
  "usd_thb": 31.79
}