{
  "ts": "2026-04-13T09:17:40.330Z",
  "xauusd": 4719.799805,
  "xagusd": 74.455002,
  "fng": {
    "value": 12,
    "classification": "Extreme Fear"
  },
  "usd_thb": 32.21
}