{
  "ts": "2026-03-06T18:25:20.533Z",
  "xauusd": 5149.200195,
  "xagusd": 84.017998,
  "fng": {
    "value": 18,
    "classification": "Extreme Fear"
  },
  "usd_thb": 31.77
}