{
  "ts": "2025-10-17T08:50:46.229Z",
  "xauusd": 4347.399902,
  "xagusd": 53.887001,
  "fng": {
    "value": 22,
    "classification": "Extreme Fear"
  },
  "usd_thb": 32.64
}