{
  "ts": "2025-11-07T15:26:02.782Z",
  "xauusd": 3991.199951,
  "xagusd": 48.275002,
  "fng": {
    "value": 24,
    "classification": "Extreme Fear"
  },
  "usd_thb": 32.35
}