{
  "ts": "2025-10-03T20:30:42.002Z",
  "xauusd": 3885.399902,
  "xagusd": 48.028999,
  "fng": {
    "value": 63,
    "classification": "Greed"
  },
  "usd_thb": 32.33
}