{
  "ts": "2026-01-16T08:52:47.588Z",
  "xauusd": 4604.399902,
  "xagusd": 91.445999,
  "fng": {
    "value": 49,
    "classification": "Neutral"
  },
  "usd_thb": 31.3
}