{
  "ts": "2025-09-19T11:36:54.371Z",
  "xauusd": 3652.100098,
  "xagusd": 42.202999,
  "fng": {
    "value": 53,
    "classification": "Neutral"
  },
  "usd_thb": 31.85
}