{
  "ts": "2026-01-14T13:56:32.334Z",
  "xauusd": 4635.700195,
  "xagusd": 92.001999,
  "fng": {
    "value": 48,
    "classification": "Neutral"
  },
  "usd_thb": 31.33
}