{
  "ts": "2025-12-30T20:31:45.830Z",
  "xauusd": 4352.299805,
  "xagusd": 76.393997,
  "fng": {
    "value": 23,
    "classification": "Extreme Fear"
  },
  "usd_thb": 31.4
}