{
  "ts": "2026-02-03T07:26:04.876Z",
  "xauusd": 4892.799805,
  "xagusd": 86.125999,
  "fng": {
    "value": 17,
    "classification": "Extreme Fear"
  },
  "usd_thb": 31.4
}