{
  "ts": "2026-03-12T10:04:56.257Z",
  "xauusd": 5190.399902,
  "xagusd": 87.261002,
  "fng": {
    "value": 18,
    "classification": "Extreme Fear"
  },
  "usd_thb": 31.78
}