{
  "ts": "2026-01-14T21:53:48.551Z",
  "xauusd": 4624.399902,
  "xagusd": 93.032997,
  "fng": {
    "value": 48,
    "classification": "Neutral"
  },
  "usd_thb": 31.32
}