{
  "ts": "2025-11-21T15:09:05.089Z",
  "xauusd": 4071.399902,
  "xagusd": 49.712002,
  "fng": {
    "value": 14,
    "classification": "Extreme Fear"
  },
  "usd_thb": 32.45
}