{
  "ts": "2025-12-29T14:15:41.300Z",
  "xauusd": 4399.600098,
  "xagusd": 72.824997,
  "fng": {
    "value": 24,
    "classification": "Extreme Fear"
  },
  "usd_thb": 31.51
}