{
  "ts": "2025-09-16T08:26:27.579Z",
  "xauusd": 3696.600098,
  "xagusd": 42.790001,
  "fng": {
    "value": 52,
    "classification": "Neutral"
  },
  "usd_thb": 31.71
}