{
  "ts": "2026-02-20T21:52:56.844Z",
  "xauusd": 5103.600098,
  "xagusd": 84.703003,
  "fng": {
    "value": 7,
    "classification": "Extreme Fear"
  },
  "usd_thb": 31.03
}