{
  "ts": "2026-01-08T19:52:47.724Z",
  "xauusd": 4451.200195,
  "xagusd": 75.869003,
  "fng": {
    "value": 28,
    "classification": "Fear"
  },
  "usd_thb": 31.47
}