{
  "ts": "2025-10-21T09:59:04.961Z",
  "xauusd": 4266.600098,
  "xagusd": 50.182999,
  "fng": {
    "value": 34,
    "classification": "Fear"
  },
  "usd_thb": 32.74
}