{
  "ts": "2026-01-21T22:55:46.963Z",
  "xauusd": 4833.399902,
  "xagusd": 93.230003,
  "fng": {
    "value": 24,
    "classification": "Extreme Fear"
  },
  "usd_thb": 31.178
}