{
  "ts": "2025-12-26T19:20:49.981Z",
  "xauusd": 4536.299805,
  "xagusd": 77.675003,
  "fng": {
    "value": 20,
    "classification": "Extreme Fear"
  },
  "usd_thb": 30.98
}