{
  "ts": "2025-09-10T03:35:08.995Z",
  "xauusd": 3634.877441,
  "xagusd": 41.081001,
  "fng": {
    "value": 49,
    "classification": "Neutral"
  },
  "usd_thb": 31.74
}