{
  "ts": "2025-10-01T08:44:09.257Z",
  "xauusd": 3893.199951,
  "xagusd": 47.436001,
  "fng": {
    "value": 49,
    "classification": "Neutral"
  },
  "usd_thb": 32.29
}