{
  "ts": "2025-12-19T17:22:36.249Z",
  "xauusd": 4350.600098,
  "xagusd": 67.239998,
  "fng": {
    "value": 16,
    "classification": "Extreme Fear"
  },
  "usd_thb": 31.43
}