{
  "ts": "2025-09-18T14:34:32.430Z",
  "xauusd": 3639.199951,
  "xagusd": 41.720001,
  "fng": {
    "value": 52,
    "classification": "Neutral"
  },
  "usd_thb": 31.87
}