{
  "ts": "2025-10-13T11:50:20.039Z",
  "xauusd": 4077.199951,
  "xagusd": 51.560001,
  "fng": {
    "value": 38,
    "classification": "Fear"
  },
  "usd_thb": 32.52
}