{
  "ts": "2026-01-07T15:56:44.463Z",
  "xauusd": 4444.100098,
  "xagusd": 77.220001,
  "fng": {
    "value": 42,
    "classification": "Fear"
  },
  "usd_thb": 31.28
}