{
  "ts": "2025-09-19T07:18:33.089Z",
  "xauusd": 3650.600098,
  "xagusd": 42.147999,
  "fng": {
    "value": 53,
    "classification": "Neutral"
  },
  "usd_thb": 31.85
}