{
  "ts": "2025-10-01T21:29:11.659Z",
  "xauusd": 3866.800049,
  "xagusd": 47.370998,
  "fng": {
    "value": 49,
    "classification": "Neutral"
  },
  "usd_thb": 32.41
}