{
  "ts": "2026-01-22T21:41:23.584Z",
  "xauusd": 4937.899902,
  "xagusd": 96.467003,
  "fng": {
    "value": 20,
    "classification": "Extreme Fear"
  },
  "usd_thb": 31.02
}