{
  "ts": "2026-01-26T14:50:07.388Z",
  "xauusd": 5088.600098,
  "xagusd": 110.426003,
  "fng": {
    "value": 20,
    "classification": "Extreme Fear"
  },
  "usd_thb": 31.06
}