{
  "ts": "2025-11-21T03:49:16.317Z",
  "xauusd": 4058.399902,
  "xagusd": 49.873001,
  "fng": {
    "value": 14,
    "classification": "Extreme Fear"
  },
  "usd_thb": 32.45
}