{
  "ts": "2025-10-09T07:59:30.664Z",
  "xauusd": 4032.199951,
  "xagusd": 49.127998,
  "fng": {
    "value": 70,
    "classification": "Greed"
  },
  "usd_thb": 32.7
}