{
  "ts": "2025-11-05T08:43:17.280Z",
  "xauusd": 3985.600098,
  "xagusd": 47.990002,
  "fng": {
    "value": 23,
    "classification": "Extreme Fear"
  },
  "usd_thb": 32.54
}