{
  "ts": "2025-10-08T20:32:50.752Z",
  "xauusd": 4044.399902,
  "xagusd": 48.882999,
  "fng": {
    "value": 60,
    "classification": "Greed"
  },
  "usd_thb": 32.49
}