{
  "ts": "2025-08-25T03:18:55.057Z",
  "xauusd": 3367.100098,
  "xagusd": 38.880001,
  "fng": {
    "value": 47,
    "classification": "Neutral"
  },
  "usd_thb": 32.45
}