{
  "ts": "2026-01-15T11:11:54.350Z",
  "xauusd": 4620.299805,
  "xagusd": 91.223999,
  "fng": {
    "value": 61,
    "classification": "Greed"
  },
  "usd_thb": 31.29
}