{
  "ts": "2026-07-14T14:26:46.524Z",
  "xauusd": 4076.100098,
  "xagusd": 59.191002,
  "fng": {
    "value": 22,
    "classification": "Extreme Fear"
  },
  "usd_thb": 33.42
}