{
  "ts": "2026-01-29T13:17:57.272Z",
  "xauusd": 5517.700195,
  "xagusd": 118.989998,
  "fng": {
    "value": 26,
    "classification": "Fear"
  },
  "usd_thb": 31.205
}