{
  "ts": "2026-03-04T11:48:11.215Z",
  "xauusd": 5194.100098,
  "xagusd": 86.303001,
  "fng": {
    "value": 10,
    "classification": "Extreme Fear"
  },
  "usd_thb": 31.46
}