{
  "ts": "2025-09-04T14:55:36.392Z",
  "xauusd": 3544.699951,
  "xagusd": 40.655998,
  "fng": {
    "value": 51,
    "classification": "Neutral"
  },
  "usd_thb": 32.32
}