{
  "ts": "2025-10-10T20:18:37.763Z",
  "xauusd": 4010.199951,
  "xagusd": 50.139999,
  "fng": {
    "value": 64,
    "classification": "Greed"
  },
  "usd_thb": 32.71
}