{
  "ts": "2026-01-25T23:48:01.151Z",
  "xauusd": 5033.700195,
  "xagusd": 105.112999,
  "fng": {
    "value": 25,
    "classification": "Extreme Fear"
  },
  "usd_thb": 31.007
}