{
  "ts": "2025-12-12T13:25:34.995Z",
  "xauusd": 4338.799805,
  "xagusd": 64.572998,
  "fng": {
    "value": 29,
    "classification": "Fear"
  },
  "usd_thb": 31.54
}