{
  "ts": "2026-02-21T02:42:22.731Z",
  "xauusd": 5107.899902,
  "xagusd": 84.765999,
  "fng": {
    "value": 8,
    "classification": "Extreme Fear"
  },
  "usd_thb": 31.03
}