{
  "ts": "2025-12-18T07:37:31.466Z",
  "xauusd": 4336.399902,
  "xagusd": 66.599998,
  "fng": {
    "value": 17,
    "classification": "Extreme Fear"
  },
  "usd_thb": 31.45
}