{
  "ts": "2025-10-23T16:54:29.439Z",
  "xauusd": 4133.799805,
  "xagusd": 49.126999,
  "fng": {
    "value": 27,
    "classification": "Fear"
  },
  "usd_thb": 32.8
}