{
  "ts": "2025-10-06T23:22:35.121Z",
  "xauusd": 3967.699951,
  "xagusd": 48.533001,
  "fng": {
    "value": 71,
    "classification": "Greed"
  },
  "usd_thb": 32.44
}