{
  "ts": "2025-09-15T20:52:23.628Z",
  "xauusd": 3681.899902,
  "xagusd": 42.794998,
  "fng": {
    "value": 53,
    "classification": "Neutral"
  },
  "usd_thb": 31.78
}