{
  "ts": "2026-05-22T13:54:57.339Z",
  "xauusd": 4517.399902,
  "xagusd": 76.133003,
  "fng": {
    "value": 28,
    "classification": "Fear"
  },
  "usd_thb": 32.6
}