{
  "ts": "2026-01-05T18:50:59.649Z",
  "xauusd": 4446.700195,
  "xagusd": 76.542999,
  "fng": {
    "value": 26,
    "classification": "Fear"
  },
  "usd_thb": 31.27
}