{
  "ts": "2026-07-03T16:09:23.260Z",
  "xauusd": 4165.200195,
  "xagusd": 62.362999,
  "fng": {
    "value": 21,
    "classification": "Extreme Fear"
  },
  "usd_thb": 33.14
}