{
  "ts": "2025-09-05T08:25:35.963Z",
  "xauusd": 3546.300049,
  "xagusd": 40.786999,
  "fng": {
    "value": 48,
    "classification": "Neutral"
  },
  "usd_thb": 32.18
}