{
  "ts": "2026-04-29T20:16:33.282Z",
  "xauusd": 4546.799805,
  "xagusd": 71.501999,
  "fng": {
    "value": 26,
    "classification": "Fear"
  },
  "usd_thb": 32.77
}