{
  "ts": "2026-01-14T07:49:03.971Z",
  "xauusd": 4636.200195,
  "xagusd": 90.529999,
  "fng": {
    "value": 48,
    "classification": "Neutral"
  },
  "usd_thb": 31.41
}