{
  "ts": "2025-11-13T15:27:12.768Z",
  "xauusd": 4201.100098,
  "xagusd": 53.075001,
  "fng": {
    "value": 15,
    "classification": "Extreme Fear"
  },
  "usd_thb": 32.34
}