{
  "ts": "2026-06-29T01:58:10.979Z",
  "xauusd": 4063.100098,
  "xagusd": 58.536999,
  "fng": {
    "value": 12,
    "classification": "Extreme Fear"
  },
  "usd_thb": 33.4
}