{
  "ts": "2025-11-17T19:30:03.555Z",
  "xauusd": 4056.899902,
  "xagusd": 50.514999,
  "fng": {
    "value": 14,
    "classification": "Extreme Fear"
  },
  "usd_thb": 32.42
}