{
  "ts": "2025-11-18T02:22:31.936Z",
  "xauusd": 4030.699951,
  "xagusd": 49.956001,
  "fng": {
    "value": 11,
    "classification": "Extreme Fear"
  },
  "usd_thb": 32.44
}