{
  "ts": "2025-10-08T10:59:26.161Z",
  "xauusd": 4037.899902,
  "xagusd": 49.004002,
  "fng": {
    "value": 60,
    "classification": "Greed"
  },
  "usd_thb": 32.5
}