{
  "ts": "2025-09-15T22:50:20.052Z",
  "xauusd": 3680.199951,
  "xagusd": 42.653999,
  "fng": {
    "value": 53,
    "classification": "Neutral"
  },
  "usd_thb": 31.78
}