{
  "ts": "2026-03-11T05:01:01.861Z",
  "xauusd": 5205.799805,
  "xagusd": 88.375999,
  "fng": {
    "value": 15,
    "classification": "Extreme Fear"
  },
  "usd_thb": 31.53
}