{
  "ts": "2026-01-06T09:51:18.808Z",
  "xauusd": 4449.100098,
  "xagusd": 77.839996,
  "fng": {
    "value": 44,
    "classification": "Fear"
  },
  "usd_thb": 31.21
}