{
  "ts": "2025-08-15T04:23:45.201Z",
  "xauusd": 3346.199951,
  "xagusd": 38.095001,
  "fng": {
    "value": 60,
    "classification": "Greed"
  },
  "usd_thb": 32.41
}