{
  "ts": "2025-10-22T20:27:27.882Z",
  "xauusd": 4095.899902,
  "xagusd": 48.547001,
  "fng": {
    "value": 25,
    "classification": "Extreme Fear"
  },
  "usd_thb": 32.81
}