{
  "ts": "2025-11-26T17:50:35.898Z",
  "xauusd": 4169.899902,
  "xagusd": 53.101002,
  "fng": {
    "value": 15,
    "classification": "Extreme Fear"
  },
  "usd_thb": 32.21
}