{
  "ts": "2025-09-08T19:22:53.770Z",
  "xauusd": 3633.399902,
  "xagusd": 41.349998,
  "fng": {
    "value": 51,
    "classification": "Neutral"
  },
  "usd_thb": 31.69
}