{
  "ts": "2025-12-16T19:47:47.386Z",
  "xauusd": 4314.399902,
  "xagusd": 63.921001,
  "fng": {
    "value": 11,
    "classification": "Extreme Fear"
  },
  "usd_thb": 31.47
}