{
  "ts": "2025-09-09T15:48:03.598Z",
  "xauusd": 3643.185059,
  "xagusd": 40.919998,
  "fng": {
    "value": 48,
    "classification": "Neutral"
  },
  "usd_thb": 31.73
}