{
  "ts": "2025-12-05T20:21:18.033Z",
  "xauusd": 4205.899902,
  "xagusd": 58.432999,
  "fng": {
    "value": 28,
    "classification": "Fear"
  },
  "usd_thb": 31.86
}