{
  "ts": "2026-01-20T07:37:50.153Z",
  "xauusd": 4721.399902,
  "xagusd": 94.636002,
  "fng": {
    "value": 32,
    "classification": "Fear"
  },
  "usd_thb": 31.103
}