{
  "ts": "2025-11-14T10:10:40.856Z",
  "xauusd": 4168.700195,
  "xagusd": 52.720001,
  "fng": {
    "value": 16,
    "classification": "Extreme Fear"
  },
  "usd_thb": 32.4
}