{
  "ts": "2026-02-16T19:56:40.713Z",
  "xauusd": 4993.899902,
  "xagusd": 76.734001,
  "fng": {
    "value": 12,
    "classification": "Extreme Fear"
  },
  "usd_thb": 31.11
}