{
  "ts": "2026-01-14T07:34:54.202Z",
  "xauusd": 4637.100098,
  "xagusd": 90.328003,
  "fng": {
    "value": 48,
    "classification": "Neutral"
  },
  "usd_thb": 31.41
}