{
  "ts": "2025-10-27T19:37:17.281Z",
  "xauusd": 3991.899902,
  "xagusd": 46.776001,
  "fng": {
    "value": 51,
    "classification": "Neutral"
  },
  "usd_thb": 32.68
}