{
  "ts": "2025-12-17T10:13:59.973Z",
  "xauusd": 4318.899902,
  "xagusd": 65.783997,
  "fng": {
    "value": 16,
    "classification": "Extreme Fear"
  },
  "usd_thb": 31.51
}