{
  "ts": "2025-10-20T00:58:34.478Z",
  "xauusd": 4249.399902,
  "xagusd": 51.932999,
  "fng": {
    "value": 29,
    "classification": "Fear"
  },
  "usd_thb": 32.66
}