{
  "ts": "2025-10-07T20:13:57.610Z",
  "xauusd": 3982.600098,
  "xagusd": 47.799999,
  "fng": {
    "value": 70,
    "classification": "Greed"
  },
  "usd_thb": 32.51
}