{
  "ts": "2025-11-25T07:40:20.693Z",
  "xauusd": 4135.600098,
  "xagusd": 51.375999,
  "fng": {
    "value": 20,
    "classification": "Extreme Fear"
  },
  "usd_thb": 32.33
}