{
  "ts": "2026-01-23T07:34:54.895Z",
  "xauusd": 4956.200195,
  "xagusd": 98.977997,
  "fng": {
    "value": 24,
    "classification": "Extreme Fear"
  },
  "usd_thb": 31.23
}