{
  "ts": "2025-09-01T10:27:43.149Z",
  "xauusd": 3472.100098,
  "xagusd": 40.689999,
  "fng": {
    "value": 46,
    "classification": "Fear"
  },
  "usd_thb": 32.3
}