{
  "ts": "2026-01-09T07:48:11.560Z",
  "xauusd": 4473.799805,
  "xagusd": 77.310997,
  "fng": {
    "value": 27,
    "classification": "Fear"
  },
  "usd_thb": 31.41
}