{
  "ts": "2025-10-29T04:46:15.058Z",
  "xauusd": 3960.100098,
  "xagusd": 47.506001,
  "fng": {
    "value": 51,
    "classification": "Neutral"
  },
  "usd_thb": 32.39
}