{
  "ts": "2025-10-29T16:57:49.138Z",
  "xauusd": 3995.100098,
  "xagusd": 48.171001,
  "fng": {
    "value": 51,
    "classification": "Neutral"
  },
  "usd_thb": 32.31
}