{
  "ts": "2026-04-12T23:21:06.786Z",
  "xauusd": 4653.200195,
  "xagusd": 73.228996,
  "fng": {
    "value": 16,
    "classification": "Extreme Fear"
  },
  "usd_thb": 32.37
}