{
  "ts": "2026-05-26T14:17:05.626Z",
  "xauusd": 4510.799805,
  "xagusd": 76.238998,
  "fng": {
    "value": 34,
    "classification": "Fear"
  },
  "usd_thb": 32.63
}