{
  "ts": "2025-09-02T17:31:28.899Z",
  "xauusd": 3528.300049,
  "xagusd": 40.830002,
  "fng": {
    "value": 49,
    "classification": "Neutral"
  },
  "usd_thb": 32.31
}