{
  "ts": "2025-08-25T07:45:18.148Z",
  "xauusd": 3367.899902,
  "xagusd": 38.939999,
  "fng": {
    "value": 47,
    "classification": "Neutral"
  },
  "usd_thb": 32.42
}