{
  "ts": "2025-12-19T18:20:48.843Z",
  "xauusd": 4354.399902,
  "xagusd": 67.415001,
  "fng": {
    "value": 16,
    "classification": "Extreme Fear"
  },
  "usd_thb": 31.38
}