{
  "ts": "2025-08-26T14:50:08.745Z",
  "xauusd": 3376.899902,
  "xagusd": 38.610001,
  "fng": {
    "value": 48,
    "classification": "Neutral"
  },
  "usd_thb": 32.46
}