{
  "ts": "2025-11-24T20:56:59.200Z",
  "xauusd": 4132.100098,
  "xagusd": 51.442001,
  "fng": {
    "value": 19,
    "classification": "Extreme Fear"
  },
  "usd_thb": 32.43
}