{
  "ts": "2025-09-12T14:43:48.072Z",
  "xauusd": 3650.100098,
  "xagusd": 42.290001,
  "fng": {
    "value": 57,
    "classification": "Greed"
  },
  "usd_thb": 31.74
}