{
  "ts": "2025-10-21T09:40:18.479Z",
  "xauusd": 4271.600098,
  "xagusd": 49.945999,
  "fng": {
    "value": 34,
    "classification": "Fear"
  },
  "usd_thb": 32.71
}