{
  "ts": "2026-06-23T17:26:09.210Z",
  "xauusd": 4132.799805,
  "xagusd": 62.094002,
  "fng": {
    "value": 23,
    "classification": "Extreme Fear"
  },
  "usd_thb": 33.25
}