{
  "ts": "2026-01-28T08:58:54.097Z",
  "xauusd": 5295.200195,
  "xagusd": 114.040001,
  "fng": {
    "value": 29,
    "classification": "Fear"
  },
  "usd_thb": 31
}