{
  "ts": "2025-11-25T14:42:16.560Z",
  "xauusd": 4124.799805,
  "xagusd": 51.234001,
  "fng": {
    "value": 20,
    "classification": "Extreme Fear"
  },
  "usd_thb": 32.26
}