{
  "ts": "2025-10-07T22:30:04.225Z",
  "xauusd": 3991.100098,
  "xagusd": 47.891998,
  "fng": {
    "value": 70,
    "classification": "Greed"
  },
  "usd_thb": 32.49
}