{
  "ts": "2025-09-05T11:06:58.622Z",
  "xauusd": 3553.699951,
  "xagusd": 40.790001,
  "fng": {
    "value": 48,
    "classification": "Neutral"
  },
  "usd_thb": 32.17
}