{
  "ts": "2025-12-11T11:20:27.596Z",
  "xauusd": 4216.799805,
  "xagusd": 62.441002,
  "fng": {
    "value": 29,
    "classification": "Fear"
  },
  "usd_thb": 31.74
}