{
  "ts": "2026-02-26T11:42:46.564Z",
  "xauusd": 5175.299805,
  "xagusd": 87.688004,
  "fng": {
    "value": 11,
    "classification": "Extreme Fear"
  },
  "usd_thb": 31.02
}