{
  "ts": "2025-12-03T15:31:58.473Z",
  "xauusd": 4223.299805,
  "xagusd": 58.618999,
  "fng": {
    "value": 28,
    "classification": "Fear"
  },
  "usd_thb": 31.87
}