{
  "ts": "2025-08-20T17:33:07.892Z",
  "xauusd": 3346.300049,
  "xagusd": 37.839001,
  "fng": {
    "value": 44,
    "classification": "Fear"
  },
  "usd_thb": 32.54
}