{
  "ts": "2025-11-06T23:41:47.484Z",
  "xauusd": 3988.300049,
  "xagusd": 48.255001,
  "fng": {
    "value": 27,
    "classification": "Fear"
  },
  "usd_thb": 32.39
}