{
  "ts": "2026-01-12T05:19:45.741Z",
  "xauusd": 4573.600098,
  "xagusd": 83.625999,
  "fng": {
    "value": 27,
    "classification": "Fear"
  },
  "usd_thb": 31.24
}