{
  "ts": "2025-09-22T10:55:02.861Z",
  "xauusd": 3728.699951,
  "xagusd": 43.811001,
  "fng": {
    "value": 45,
    "classification": "Fear"
  },
  "usd_thb": 31.78
}