{
  "ts": "2025-11-12T21:59:11.107Z",
  "xauusd": 4195.700195,
  "xagusd": 53.310001,
  "fng": {
    "value": 24,
    "classification": "Extreme Fear"
  },
  "usd_thb": 32.36
}