{
  "ts": "2025-08-21T22:44:45.154Z",
  "xauusd": 3340.600098,
  "xagusd": 38.168999,
  "fng": {
    "value": 50,
    "classification": "Neutral"
  },
  "usd_thb": 32.66
}