{
  "ts": "2026-03-20T14:58:03.667Z",
  "xauusd": 4559.100098,
  "xagusd": 69.383003,
  "fng": {
    "value": 11,
    "classification": "Extreme Fear"
  },
  "usd_thb": 32.84
}