{
  "ts": "2025-11-26T17:41:05.849Z",
  "xauusd": 4167.899902,
  "xagusd": 53.022999,
  "fng": {
    "value": 15,
    "classification": "Extreme Fear"
  },
  "usd_thb": 32.22
}