{
  "ts": "2025-10-21T11:36:25.372Z",
  "xauusd": 4263.700195,
  "xagusd": 50.380001,
  "fng": {
    "value": 34,
    "classification": "Fear"
  },
  "usd_thb": 32.73
}