{
  "ts": "2025-09-22T15:44:41.708Z",
  "xauusd": 3733.199951,
  "xagusd": 43.868999,
  "fng": {
    "value": 45,
    "classification": "Fear"
  },
  "usd_thb": 31.77
}