{
  "ts": "2026-03-30T23:03:56.532Z",
  "xauusd": 4504.200195,
  "xagusd": 69.929001,
  "fng": {
    "value": 8,
    "classification": "Extreme Fear"
  },
  "usd_thb": 32.8
}