{
  "ts": "2025-10-29T11:56:54.582Z",
  "xauusd": 4016.899902,
  "xagusd": 48.174999,
  "fng": {
    "value": 51,
    "classification": "Neutral"
  },
  "usd_thb": 32.32
}