{
  "ts": "2025-12-24T11:34:01.148Z",
  "xauusd": 4488.299805,
  "xagusd": 72.077003,
  "fng": {
    "value": 24,
    "classification": "Extreme Fear"
  },
  "usd_thb": 30.99
}