{
  "ts": "2025-10-07T13:42:17.141Z",
  "xauusd": 3974.199951,
  "xagusd": 48.379002,
  "fng": {
    "value": 70,
    "classification": "Greed"
  },
  "usd_thb": 32.49
}