{
  "ts": "2025-10-28T22:54:29.087Z",
  "xauusd": 3936.199951,
  "xagusd": 46.936001,
  "fng": {
    "value": 50,
    "classification": "Neutral"
  },
  "usd_thb": 32.39
}