{
  "ts": "2025-10-31T15:22:10.225Z",
  "xauusd": 4016.800049,
  "xagusd": 48.970001,
  "fng": {
    "value": 29,
    "classification": "Fear"
  },
  "usd_thb": 32.33
}