{
  "ts": "2026-01-14T15:39:12.047Z",
  "xauusd": 4619.899902,
  "xagusd": 91.643997,
  "fng": {
    "value": 48,
    "classification": "Neutral"
  },
  "usd_thb": 31.35
}