{
  "ts": "2026-03-26T12:09:34.296Z",
  "xauusd": 4435.299805,
  "xagusd": 67.767998,
  "fng": {
    "value": 10,
    "classification": "Extreme Fear"
  },
  "usd_thb": 32.86
}