{
  "ts": "2026-04-15T05:49:29.112Z",
  "xauusd": 4818.899902,
  "xagusd": 79.398003,
  "fng": {
    "value": 23,
    "classification": "Extreme Fear"
  },
  "usd_thb": 31.94
}