{
  "ts": "2025-08-19T22:24:35.517Z",
  "xauusd": 3317.199951,
  "xagusd": 37.431999,
  "fng": {
    "value": 56,
    "classification": "Greed"
  },
  "usd_thb": 32.57
}