{
  "ts": "2026-01-08T07:46:25.116Z",
  "xauusd": 4432.899902,
  "xagusd": 75.980003,
  "fng": {
    "value": 28,
    "classification": "Fear"
  },
  "usd_thb": 31.34
}