{
  "ts": "2026-04-15T10:13:28.479Z",
  "xauusd": 4803.100098,
  "xagusd": 78.860001,
  "fng": {
    "value": 23,
    "classification": "Extreme Fear"
  },
  "usd_thb": 32.08
}