{
  "ts": "2026-01-22T14:03:45.197Z",
  "xauusd": 4825.299805,
  "xagusd": 93.684998,
  "fng": {
    "value": 20,
    "classification": "Extreme Fear"
  },
  "usd_thb": 31.29
}