{
  "ts": "2025-09-24T09:00:16.936Z",
  "xauusd": 3771.899902,
  "xagusd": 44.196999,
  "fng": {
    "value": 44,
    "classification": "Fear"
  },
  "usd_thb": 31.98
}