{
  "ts": "2026-02-13T20:59:57.180Z",
  "xauusd": 5031.299805,
  "xagusd": 77.023003,
  "fng": {
    "value": 9,
    "classification": "Extreme Fear"
  },
  "usd_thb": 31.04
}