{
  "ts": "2025-11-06T08:58:26.400Z",
  "xauusd": 4014.399902,
  "xagusd": 48.789001,
  "fng": {
    "value": 27,
    "classification": "Fear"
  },
  "usd_thb": 32.36
}