{
  "ts": "2025-10-10T19:47:26.496Z",
  "xauusd": 4014.800049,
  "xagusd": 49.959999,
  "fng": {
    "value": 64,
    "classification": "Greed"
  },
  "usd_thb": 32.66
}