{
  "ts": "2025-10-08T20:15:10.819Z",
  "xauusd": 4043.199951,
  "xagusd": 48.997002,
  "fng": {
    "value": 60,
    "classification": "Greed"
  },
  "usd_thb": 32.55
}