{
  "ts": "2025-08-27T08:57:59.857Z",
  "xauusd": 3384.300049,
  "xagusd": 38.428001,
  "fng": {
    "value": 51,
    "classification": "Neutral"
  },
  "usd_thb": 32.47
}