{
  "ts": "2025-09-14T23:18:34.570Z",
  "xauusd": 3640.399902,
  "xagusd": 42.174999,
  "fng": {
    "value": 55,
    "classification": "Greed"
  },
  "usd_thb": 31.73
}