{
  "ts": "2025-09-16T13:07:09.832Z",
  "xauusd": 3687.399902,
  "xagusd": 42.779999,
  "fng": {
    "value": 52,
    "classification": "Neutral"
  },
  "usd_thb": 31.71
}