{
  "ts": "2026-03-11T16:11:00.873Z",
  "xauusd": 5167.299805,
  "xagusd": 84.691002,
  "fng": {
    "value": 15,
    "classification": "Extreme Fear"
  },
  "usd_thb": 31.82
}