{
  "ts": "2025-09-26T20:16:10.528Z",
  "xauusd": 3766.100098,
  "xagusd": 46.162998,
  "fng": {
    "value": 28,
    "classification": "Fear"
  },
  "usd_thb": 32.22
}