{
  "ts": "2025-09-22T15:33:10.652Z",
  "xauusd": 3733.600098,
  "xagusd": 43.874001,
  "fng": {
    "value": 45,
    "classification": "Fear"
  },
  "usd_thb": 31.78
}