{
  "ts": "2025-10-17T02:40:03.502Z",
  "xauusd": 4338.899902,
  "xagusd": 54.005001,
  "fng": {
    "value": 22,
    "classification": "Extreme Fear"
  },
  "usd_thb": 32.59
}