{
  "ts": "2026-01-08T07:30:32.031Z",
  "xauusd": 4435.100098,
  "xagusd": 76.086998,
  "fng": {
    "value": 28,
    "classification": "Fear"
  },
  "usd_thb": 31.34
}