{
  "ts": "2025-09-16T08:56:52.590Z",
  "xauusd": 3696.300049,
  "xagusd": 42.776001,
  "fng": {
    "value": 52,
    "classification": "Neutral"
  },
  "usd_thb": 31.71
}