{
  "ts": "2025-09-18T13:54:40.840Z",
  "xauusd": 3637.899902,
  "xagusd": 41.619999,
  "fng": {
    "value": 52,
    "classification": "Neutral"
  },
  "usd_thb": 31.95
}