{
  "ts": "2025-09-10T14:31:29.167Z",
  "xauusd": 3653.790039,
  "xagusd": 41.270401,
  "fng": {
    "value": 49,
    "classification": "Neutral"
  },
  "usd_thb": 31.72
}