{
  "ts": "2025-11-14T06:51:39.505Z",
  "xauusd": 4176.399902,
  "xagusd": 52.726002,
  "fng": {
    "value": 16,
    "classification": "Extreme Fear"
  },
  "usd_thb": 32.34
}