{
  "ts": "2025-08-15T02:58:15.656Z",
  "xauusd": 3340.600098,
  "xagusd": 37.985001,
  "fng": {
    "value": 60,
    "classification": "Greed"
  },
  "usd_thb": 32.42
}