{
  "ts": "2025-10-13T10:50:42.307Z",
  "xauusd": 4080.800049,
  "xagusd": 51.099998,
  "fng": {
    "value": 38,
    "classification": "Fear"
  },
  "usd_thb": 32.54
}