{
  "ts": "2025-09-04T18:57:39.816Z",
  "xauusd": 3548.199951,
  "xagusd": 40.654999,
  "fng": {
    "value": 51,
    "classification": "Neutral"
  },
  "usd_thb": 32.27
}