{
  "ts": "2025-08-26T11:29:32.231Z",
  "xauusd": 3378.300049,
  "xagusd": 38.504002,
  "fng": {
    "value": 48,
    "classification": "Neutral"
  },
  "usd_thb": 32.47
}