{
  "ts": "2026-01-13T08:31:30.587Z",
  "xauusd": 4591.200195,
  "xagusd": 86.023003,
  "fng": {
    "value": 26,
    "classification": "Fear"
  },
  "usd_thb": 31.42
}