{
  "ts": "2026-05-11T07:55:10.417Z",
  "xauusd": 4670.299805,
  "xagusd": 80.450996,
  "fng": {
    "value": 48,
    "classification": "Neutral"
  },
  "usd_thb": 32.44
}