{
  "ts": "2025-11-03T22:00:30.007Z",
  "xauusd": 4002.399902,
  "xagusd": 48.130001,
  "fng": {
    "value": 42,
    "classification": "Fear"
  },
  "usd_thb": 32.47
}