{
  "ts": "2025-10-23T05:44:05.934Z",
  "xauusd": 4096.299805,
  "xagusd": 48.756001,
  "fng": {
    "value": 27,
    "classification": "Fear"
  },
  "usd_thb": 32.82
}