{
  "ts": "2026-01-09T11:56:49.869Z",
  "xauusd": 4474.600098,
  "xagusd": 78.061996,
  "fng": {
    "value": 27,
    "classification": "Fear"
  },
  "usd_thb": 31.38
}