{
  "ts": "2025-08-25T07:54:23.355Z",
  "xauusd": 3368.899902,
  "xagusd": 38.950001,
  "fng": {
    "value": 47,
    "classification": "Neutral"
  },
  "usd_thb": 32.42
}