{
  "ts": "2025-09-09T22:01:11.988Z",
  "xauusd": 3626.362549,
  "xagusd": 40.880199,
  "fng": {
    "value": 48,
    "classification": "Neutral"
  },
  "usd_thb": 31.74
}