{
  "ts": "2025-11-13T22:23:51.456Z",
  "xauusd": 4172.299805,
  "xagusd": 52.327999,
  "fng": {
    "value": 15,
    "classification": "Extreme Fear"
  },
  "usd_thb": 32.36
}