{
  "ts": "2025-12-02T07:00:08.673Z",
  "xauusd": 4214.399902,
  "xagusd": 57.183998,
  "fng": {
    "value": 23,
    "classification": "Extreme Fear"
  },
  "usd_thb": 32
}