{
  "ts": "2025-11-17T20:50:34.079Z",
  "xauusd": 4034.699951,
  "xagusd": 50.134998,
  "fng": {
    "value": 14,
    "classification": "Extreme Fear"
  },
  "usd_thb": 32.43
}