{
  "ts": "2025-10-09T22:51:31.324Z",
  "xauusd": 3977.800049,
  "xagusd": 49.172001,
  "fng": {
    "value": 70,
    "classification": "Greed"
  },
  "usd_thb": 32.75
}