{
  "ts": "2026-03-09T09:38:19.739Z",
  "xauusd": 5126.799805,
  "xagusd": 84.433998,
  "fng": {
    "value": 8,
    "classification": "Extreme Fear"
  },
  "usd_thb": 32.02
}