{
  "ts": "2026-07-07T21:05:12.698Z",
  "xauusd": 4106.799805,
  "xagusd": 60.091999,
  "fng": {
    "value": 27,
    "classification": "Fear"
  },
  "usd_thb": 33.3
}