{
  "ts": "2025-11-19T20:31:44.086Z",
  "xauusd": 4080.300049,
  "xagusd": 51.316002,
  "fng": {
    "value": 15,
    "classification": "Extreme Fear"
  },
  "usd_thb": 32.45
}