{
  "ts": "2025-09-07T18:37:36.643Z",
  "xauusd": 3586.754883,
  "xagusd": 41.008499,
  "fng": {
    "value": 44,
    "classification": "Fear"
  },
  "usd_thb": 32.04
}