{
  "ts": "2025-09-30T14:31:50.879Z",
  "xauusd": 3844.800049,
  "xagusd": 46.575001,
  "fng": {
    "value": 50,
    "classification": "Neutral"
  },
  "usd_thb": 32.45
}