{
  "ts": "2025-10-31T09:16:30.119Z",
  "xauusd": 4009.399902,
  "xagusd": 48.974998,
  "fng": {
    "value": 29,
    "classification": "Fear"
  },
  "usd_thb": 32.32
}