{
  "ts": "2026-02-24T13:51:42.056Z",
  "xauusd": 5127.200195,
  "xagusd": 86.887001,
  "fng": {
    "value": 8,
    "classification": "Extreme Fear"
  },
  "usd_thb": 31.1
}