{
  "ts": "2025-12-09T23:47:28.258Z",
  "xauusd": 4212.799805,
  "xagusd": 60.866001,
  "fng": {
    "value": 22,
    "classification": "Extreme Fear"
  },
  "usd_thb": 31.81
}