{
  "ts": "2026-06-23T12:21:29.084Z",
  "xauusd": 4114.899902,
  "xagusd": 61.883999,
  "fng": {
    "value": 23,
    "classification": "Extreme Fear"
  },
  "usd_thb": 33.19
}