{
  "ts": "2026-03-09T03:43:43.164Z",
  "xauusd": 5086.100098,
  "xagusd": 83.101997,
  "fng": {
    "value": 8,
    "classification": "Extreme Fear"
  },
  "usd_thb": 32.12
}