{
  "ts": "2026-01-16T07:30:28.521Z",
  "xauusd": 4606.399902,
  "xagusd": 90.928001,
  "fng": {
    "value": 49,
    "classification": "Neutral"
  },
  "usd_thb": 31.32
}