{
  "ts": "2026-01-09T14:21:04.214Z",
  "xauusd": 4488.299805,
  "xagusd": 78.657997,
  "fng": {
    "value": 27,
    "classification": "Fear"
  },
  "usd_thb": 31.37
}