{
  "ts": "2026-06-05T16:38:41.357Z",
  "xauusd": 4330.600098,
  "xagusd": 68.875999,
  "fng": {
    "value": 12,
    "classification": "Extreme Fear"
  },
  "usd_thb": 32.79
}