{
  "ts": "2026-01-11T23:24:35.378Z",
  "xauusd": 4535.100098,
  "xagusd": 81.574997,
  "fng": {
    "value": 29,
    "classification": "Fear"
  },
  "usd_thb": 31.41
}