{
  "ts": "2025-12-03T01:00:54.460Z",
  "xauusd": 4212.799805,
  "xagusd": 58.394001,
  "fng": {
    "value": 28,
    "classification": "Fear"
  },
  "usd_thb": 32.01
}