{
  "ts": "2026-04-23T17:59:05.650Z",
  "xauusd": 4706.100098,
  "xagusd": 75.627998,
  "fng": {
    "value": 46,
    "classification": "Fear"
  },
  "usd_thb": 32.4
}