{
  "ts": "2026-07-08T12:54:40.285Z",
  "xauusd": 4083.600098,
  "xagusd": 58.914001,
  "fng": {
    "value": 20,
    "classification": "Extreme Fear"
  },
  "usd_thb": 33.42
}