{
  "ts": "2026-04-14T00:06:02.314Z",
  "xauusd": 4755.799805,
  "xagusd": 75.660004,
  "fng": {
    "value": 21,
    "classification": "Extreme Fear"
  },
  "usd_thb": 32.01
}