{
  "ts": "2025-10-20T21:21:04.033Z",
  "xauusd": 4357.100098,
  "xagusd": 52.442001,
  "fng": {
    "value": 29,
    "classification": "Fear"
  },
  "usd_thb": 32.6
}