{
  "ts": "2025-11-07T20:37:25.546Z",
  "xauusd": 3999.600098,
  "xagusd": 48.355999,
  "fng": {
    "value": 24,
    "classification": "Extreme Fear"
  },
  "usd_thb": 32.41
}