{
  "ts": "2025-10-27T20:32:59.576Z",
  "xauusd": 3999.399902,
  "xagusd": 46.956001,
  "fng": {
    "value": 51,
    "classification": "Neutral"
  },
  "usd_thb": 32.65
}