{
  "ts": "2026-03-06T04:23:44.278Z",
  "xauusd": 5132.399902,
  "xagusd": 84.309998,
  "fng": {
    "value": 18,
    "classification": "Extreme Fear"
  },
  "usd_thb": 31.7
}