{
  "ts": "2025-09-29T05:48:09.656Z",
  "xauusd": 3806.899902,
  "xagusd": 46.828999,
  "fng": {
    "value": 50,
    "classification": "Neutral"
  },
  "usd_thb": 32.24
}