{
  "ts": "2026-01-02T19:52:53.421Z",
  "xauusd": 4320.100098,
  "xagusd": 72.220001,
  "fng": {
    "value": 28,
    "classification": "Fear"
  },
  "usd_thb": 31.4
}