{
  "ts": "2025-12-22T13:05:36.914Z",
  "xauusd": 4418.799805,
  "xagusd": 69.238998,
  "fng": {
    "value": 25,
    "classification": "Extreme Fear"
  },
  "usd_thb": 31.14
}