{
  "ts": "2025-11-20T21:46:54.024Z",
  "xauusd": 4079.100098,
  "xagusd": 50.683998,
  "fng": {
    "value": 11,
    "classification": "Extreme Fear"
  },
  "usd_thb": 32.45
}