{
  "ts": "2025-09-16T20:53:27.280Z",
  "xauusd": 3692.600098,
  "xagusd": 42.639999,
  "fng": {
    "value": 52,
    "classification": "Neutral"
  },
  "usd_thb": 31.64
}