{
  "ts": "2025-08-15T19:59:37.776Z",
  "xauusd": 3340.100098,
  "xagusd": 38.047001,
  "fng": {
    "value": 60,
    "classification": "Greed"
  },
  "usd_thb": 32.45
}