{
  "ts": "2026-05-08T19:47:38.173Z",
  "xauusd": 4726.100098,
  "xagusd": 80.880997,
  "fng": {
    "value": 38,
    "classification": "Fear"
  },
  "usd_thb": 32.17
}