{
  "ts": "2025-08-29T13:57:50.939Z",
  "xauusd": 3428.199951,
  "xagusd": 39.023998,
  "fng": {
    "value": 50,
    "classification": "Neutral"
  },
  "usd_thb": 32.33
}