{
  "ts": "2026-02-27T09:58:17.479Z",
  "xauusd": 5175.700195,
  "xagusd": 89.896004,
  "fng": {
    "value": 13,
    "classification": "Extreme Fear"
  },
  "usd_thb": 31.06
}