{
  "ts": "2025-09-04T15:54:12.941Z",
  "xauusd": 3551.100098,
  "xagusd": 40.810001,
  "fng": {
    "value": 51,
    "classification": "Neutral"
  },
  "usd_thb": 32.27
}