{
  "ts": "2026-03-29T23:20:29.540Z",
  "xauusd": 4476.600098,
  "xagusd": 68.842003,
  "fng": {
    "value": 9,
    "classification": "Extreme Fear"
  },
  "usd_thb": 32.91
}