{
  "ts": "2025-12-08T20:35:15.460Z",
  "xauusd": 4193.600098,
  "xagusd": 58.167999,
  "fng": {
    "value": 20,
    "classification": "Extreme Fear"
  },
  "usd_thb": 31.89
}