{
  "ts": "2025-12-11T13:27:54.533Z",
  "xauusd": 4212.600098,
  "xagusd": 62.183998,
  "fng": {
    "value": 29,
    "classification": "Fear"
  },
  "usd_thb": 31.75
}