{
  "ts": "2026-06-19T23:36:21.837Z",
  "xauusd": 4156.700195,
  "xagusd": 64.960999,
  "fng": {
    "value": 14,
    "classification": "Extreme Fear"
  },
  "usd_thb": 32.82
}