{
  "ts": "2026-01-27T09:19:29.530Z",
  "xauusd": 5085.799805,
  "xagusd": 111.884003,
  "fng": {
    "value": 29,
    "classification": "Fear"
  },
  "usd_thb": 31.08
}