{
  "ts": "2025-12-02T13:10:33.639Z",
  "xauusd": 4207.100098,
  "xagusd": 57.490002,
  "fng": {
    "value": 23,
    "classification": "Extreme Fear"
  },
  "usd_thb": 32
}