{
  "ts": "2025-10-14T17:31:25.657Z",
  "xauusd": 4148.200195,
  "xagusd": 51.901001,
  "fng": {
    "value": 38,
    "classification": "Fear"
  },
  "usd_thb": 32.67
}