{
  "ts": "2026-05-29T14:28:40.443Z",
  "xauusd": 4529.899902,
  "xagusd": 75.035004,
  "fng": {
    "value": 23,
    "classification": "Extreme Fear"
  },
  "usd_thb": 32.56
}