{
  "ts": "2025-10-22T23:47:04.760Z",
  "xauusd": 4090.600098,
  "xagusd": 48.279999,
  "fng": {
    "value": 25,
    "classification": "Extreme Fear"
  },
  "usd_thb": 32.78
}