{
  "ts": "2025-10-28T15:45:50.198Z",
  "xauusd": 3964.899902,
  "xagusd": 47.043999,
  "fng": {
    "value": 50,
    "classification": "Neutral"
  },
  "usd_thb": 32.27
}