{
  "ts": "2026-01-12T02:06:10.197Z",
  "xauusd": 4571.700195,
  "xagusd": 82.917999,
  "fng": {
    "value": 27,
    "classification": "Fear"
  },
  "usd_thb": 31.22
}