{
  "ts": "2026-01-20T05:04:18.640Z",
  "xauusd": 4686.200195,
  "xagusd": 93.873001,
  "fng": {
    "value": 32,
    "classification": "Fear"
  },
  "usd_thb": 31.12
}