{
  "ts": "2026-05-29T00:17:28.569Z",
  "xauusd": 4500.299805,
  "xagusd": 76.165001,
  "fng": {
    "value": 23,
    "classification": "Extreme Fear"
  },
  "usd_thb": 32.53
}