{
  "ts": "2025-10-23T06:17:59.723Z",
  "xauusd": 4131.399902,
  "xagusd": 49.033001,
  "fng": {
    "value": 27,
    "classification": "Fear"
  },
  "usd_thb": 32.74
}