{
  "ts": "2025-12-03T21:51:26.428Z",
  "xauusd": 4207.100098,
  "xagusd": 58.532001,
  "fng": {
    "value": 28,
    "classification": "Fear"
  },
  "usd_thb": 31.9
}