{
  "ts": "2026-01-19T14:49:02.717Z",
  "xauusd": 4667.899902,
  "xagusd": 93.779999,
  "fng": {
    "value": 44,
    "classification": "Fear"
  },
  "usd_thb": 31.25
}