{
  "ts": "2025-10-29T19:52:15.033Z",
  "xauusd": 3948.300049,
  "xagusd": 47.768002,
  "fng": {
    "value": 51,
    "classification": "Neutral"
  },
  "usd_thb": 32.4
}