{
  "ts": "2025-09-10T13:30:49.605Z",
  "xauusd": 3647.699951,
  "xagusd": 41.169998,
  "fng": {
    "value": 49,
    "classification": "Neutral"
  },
  "usd_thb": 31.77
}