{
  "ts": "2025-10-06T10:43:59.477Z",
  "xauusd": 3944.800049,
  "xagusd": 48.660999,
  "fng": {
    "value": 71,
    "classification": "Greed"
  },
  "usd_thb": 32.46
}