{
  "ts": "2026-03-20T20:51:59.637Z",
  "xauusd": 4500.100098,
  "xagusd": 68.127998,
  "fng": {
    "value": 11,
    "classification": "Extreme Fear"
  },
  "usd_thb": 32.87
}