{
  "ts": "2025-08-22T03:58:41.498Z",
  "xauusd": 3334.300049,
  "xagusd": 38.167999,
  "fng": {
    "value": 50,
    "classification": "Neutral"
  },
  "usd_thb": 32.69
}