{
  "ts": "2025-11-14T14:35:53.676Z",
  "xauusd": 4038.100098,
  "xagusd": 50.209999,
  "fng": {
    "value": 16,
    "classification": "Extreme Fear"
  },
  "usd_thb": 32.42
}