{
  "ts": "2025-10-03T03:59:47.652Z",
  "xauusd": 3843.699951,
  "xagusd": 46.863998,
  "fng": {
    "value": 63,
    "classification": "Greed"
  },
  "usd_thb": 32.44
}