{
  "ts": "2025-10-27T21:47:07.283Z",
  "xauusd": 3982.399902,
  "xagusd": 46.950001,
  "fng": {
    "value": 51,
    "classification": "Neutral"
  },
  "usd_thb": 32.68
}