{
  "ts": "2026-02-18T09:51:39.607Z",
  "xauusd": 4918.700195,
  "xagusd": 75.976997,
  "fng": {
    "value": 8,
    "classification": "Extreme Fear"
  },
  "usd_thb": 31.26
}