{
  "ts": "2025-12-02T04:46:44.023Z",
  "xauusd": 4217.200195,
  "xagusd": 57.182999,
  "fng": {
    "value": 23,
    "classification": "Extreme Fear"
  },
  "usd_thb": 31.98
}