{
  "ts": "2026-01-02T17:19:10.130Z",
  "xauusd": 4332.799805,
  "xagusd": 72.695999,
  "fng": {
    "value": 28,
    "classification": "Fear"
  },
  "usd_thb": 31.36
}