{
  "ts": "2026-01-28T04:54:54.901Z",
  "xauusd": 5243.200195,
  "xagusd": 115.653999,
  "fng": {
    "value": 29,
    "classification": "Fear"
  },
  "usd_thb": 30.927
}