{
  "ts": "2025-10-24T05:53:39.430Z",
  "xauusd": 4113.600098,
  "xagusd": 48.622002,
  "fng": {
    "value": 30,
    "classification": "Fear"
  },
  "usd_thb": 32.79
}