{
  "ts": "2025-09-18T17:45:39.369Z",
  "xauusd": 3644.800049,
  "xagusd": 41.841999,
  "fng": {
    "value": 52,
    "classification": "Neutral"
  },
  "usd_thb": 31.9
}