{
  "ts": "2025-12-23T19:57:40.399Z",
  "xauusd": 4492.899902,
  "xagusd": 71.313004,
  "fng": {
    "value": 24,
    "classification": "Extreme Fear"
  },
  "usd_thb": 31.11
}