{
  "ts": "2026-04-29T12:04:46.714Z",
  "xauusd": 4564.700195,
  "xagusd": 72.681999,
  "fng": {
    "value": 26,
    "classification": "Fear"
  },
  "usd_thb": 32.63
}