{
  "ts": "2025-11-21T19:45:11.488Z",
  "xauusd": 4087.199951,
  "xagusd": 50.405998,
  "fng": {
    "value": 14,
    "classification": "Extreme Fear"
  },
  "usd_thb": 32.39
}