{
  "ts": "2025-10-27T03:52:49.862Z",
  "xauusd": 4080.600098,
  "xagusd": 48.167999,
  "fng": {
    "value": 51,
    "classification": "Neutral"
  },
  "usd_thb": 32.68
}