{
  "ts": "2026-04-02T06:41:34.941Z",
  "xauusd": 4593.100098,
  "xagusd": 70.639999,
  "fng": {
    "value": 12,
    "classification": "Extreme Fear"
  },
  "usd_thb": 32.73
}