{
  "ts": "2025-11-27T10:41:37.341Z",
  "xauusd": 4154.700195,
  "xagusd": 53.285999,
  "fng": {
    "value": 22,
    "classification": "Extreme Fear"
  },
  "usd_thb": 32.22
}