{
  "ts": "2026-07-03T04:01:55.149Z",
  "xauusd": 4176.799805,
  "xagusd": 62.363998,
  "fng": {
    "value": 21,
    "classification": "Extreme Fear"
  },
  "usd_thb": 33.17
}