{
  "ts": "2026-07-14T19:46:31.444Z",
  "xauusd": 4053.600098,
  "xagusd": 58.883999,
  "fng": {
    "value": 22,
    "classification": "Extreme Fear"
  },
  "usd_thb": 33.45
}