{
  "ts": "2025-08-29T05:24:41.891Z",
  "xauusd": 3408.600098,
  "xagusd": 38.849998,
  "fng": {
    "value": 50,
    "classification": "Neutral"
  },
  "usd_thb": 32.36
}