{
  "ts": "2026-06-24T05:44:58.547Z",
  "xauusd": 4076.399902,
  "xagusd": 61.696999,
  "fng": {
    "value": 17,
    "classification": "Extreme Fear"
  },
  "usd_thb": 33.34
}