{
  "ts": "2026-01-08T15:15:37.917Z",
  "xauusd": 4445.899902,
  "xagusd": 75.000999,
  "fng": {
    "value": 28,
    "classification": "Fear"
  },
  "usd_thb": 31.57
}