{
  "ts": "2026-02-26T07:35:56.333Z",
  "xauusd": 5187.899902,
  "xagusd": 88.542999,
  "fng": {
    "value": 11,
    "classification": "Extreme Fear"
  },
  "usd_thb": 31.02
}