{
  "ts": "2026-02-23T23:51:01.783Z",
  "xauusd": 5243.100098,
  "xagusd": 88.601997,
  "fng": {
    "value": 5,
    "classification": "Extreme Fear"
  },
  "usd_thb": 30.95
}