{
  "ts": "2025-10-14T22:44:00.794Z",
  "xauusd": 4159.100098,
  "xagusd": 51.556999,
  "fng": {
    "value": 38,
    "classification": "Fear"
  },
  "usd_thb": 32.67
}