{
  "ts": "2025-10-14T09:13:35.144Z",
  "xauusd": 4141.799805,
  "xagusd": 51.870998,
  "fng": {
    "value": 38,
    "classification": "Fear"
  },
  "usd_thb": 32.74
}