{
  "ts": "2025-09-23T19:36:29.005Z",
  "xauusd": 3761.300049,
  "xagusd": 43.994999,
  "fng": {
    "value": 43,
    "classification": "Fear"
  },
  "usd_thb": 31.86
}