{
  "ts": "2025-10-17T19:26:08.936Z",
  "xauusd": 4221.899902,
  "xagusd": 51.567001,
  "fng": {
    "value": 22,
    "classification": "Extreme Fear"
  },
  "usd_thb": 32.76
}