{
  "ts": "2025-10-02T22:31:54.516Z",
  "xauusd": 3856.300049,
  "xagusd": 46.969002,
  "fng": {
    "value": 64,
    "classification": "Greed"
  },
  "usd_thb": 32.46
}