{
  "ts": "2025-09-18T20:52:35.642Z",
  "xauusd": 3645.199951,
  "xagusd": 41.876999,
  "fng": {
    "value": 52,
    "classification": "Neutral"
  },
  "usd_thb": 31.91
}