{
  "ts": "2026-01-28T23:59:43.622Z",
  "xauusd": 5525.399902,
  "xagusd": 118.205002,
  "fng": {
    "value": 29,
    "classification": "Fear"
  },
  "usd_thb": 31.114
}