{
  "ts": "2025-11-07T05:47:01.099Z",
  "xauusd": 3997.600098,
  "xagusd": 48.518002,
  "fng": {
    "value": 24,
    "classification": "Extreme Fear"
  },
  "usd_thb": 32.37
}