{
  "ts": "2025-09-22T16:40:48.051Z",
  "xauusd": 3738.899902,
  "xagusd": 43.966999,
  "fng": {
    "value": 45,
    "classification": "Fear"
  },
  "usd_thb": 31.76
}