{
  "ts": "2025-12-18T12:44:09.095Z",
  "xauusd": 4323.299805,
  "xagusd": 66.178001,
  "fng": {
    "value": 17,
    "classification": "Extreme Fear"
  },
  "usd_thb": 31.44
}