{
  "ts": "2026-06-18T21:04:49.013Z",
  "xauusd": 4226.200195,
  "xagusd": 65.824997,
  "fng": {
    "value": 15,
    "classification": "Extreme Fear"
  },
  "usd_thb": 32.74
}