{
  "ts": "2026-05-14T14:32:45.613Z",
  "xauusd": 4691.200195,
  "xagusd": 84.793999,
  "fng": {
    "value": 34,
    "classification": "Fear"
  },
  "usd_thb": 32.33
}