{
  "ts": "2026-04-02T03:21:31.000Z",
  "xauusd": 4690.399902,
  "xagusd": 72.363998,
  "fng": {
    "value": 12,
    "classification": "Extreme Fear"
  },
  "usd_thb": 32.7
}