{
  "ts": "2025-12-30T18:37:07.741Z",
  "xauusd": 4369.299805,
  "xagusd": 77.505997,
  "fng": {
    "value": 23,
    "classification": "Extreme Fear"
  },
  "usd_thb": 31.35
}