{
  "ts": "2025-11-03T19:10:23.712Z",
  "xauusd": 4002.600098,
  "xagusd": 48.195999,
  "fng": {
    "value": 42,
    "classification": "Fear"
  },
  "usd_thb": 32.48
}