{
  "ts": "2026-01-20T05:41:19.595Z",
  "xauusd": 4705.100098,
  "xagusd": 94.726997,
  "fng": {
    "value": 32,
    "classification": "Fear"
  },
  "usd_thb": 31.1
}