{
  "ts": "2025-08-19T18:56:27.839Z",
  "xauusd": 3319.699951,
  "xagusd": 37.366001,
  "fng": {
    "value": 56,
    "classification": "Greed"
  },
  "usd_thb": 32.58
}