{
  "ts": "2026-07-08T09:12:49.352Z",
  "xauusd": 4053.699951,
  "xagusd": 58.511002,
  "fng": {
    "value": 20,
    "classification": "Extreme Fear"
  },
  "usd_thb": 33.48
}