{
  "ts": "2025-11-13T20:15:14.817Z",
  "xauusd": 4167.799805,
  "xagusd": 52.509998,
  "fng": {
    "value": 15,
    "classification": "Extreme Fear"
  },
  "usd_thb": 32.34
}