{
  "ts": "2025-10-02T23:40:19.358Z",
  "xauusd": 3863.699951,
  "xagusd": 46.971001,
  "fng": {
    "value": 64,
    "classification": "Greed"
  },
  "usd_thb": 32.45
}