{
  "ts": "2025-11-03T07:10:04.603Z",
  "xauusd": 4020.899902,
  "xagusd": 48.911999,
  "fng": {
    "value": 42,
    "classification": "Fear"
  },
  "usd_thb": 32.39
}