{
  "ts": "2025-09-08T14:51:49.602Z",
  "xauusd": 3637.800049,
  "xagusd": 41.339199,
  "fng": {
    "value": 51,
    "classification": "Neutral"
  },
  "usd_thb": 31.67
}