{
  "ts": "2025-08-14T15:18:15.399Z",
  "xauusd": 3338.199951,
  "xagusd": 38.049999,
  "fng": {
    "value": 75,
    "classification": "Greed"
  },
  "usd_thb": 32.5
}