{
  "ts": "2026-05-09T23:11:29.854Z",
  "xauusd": 4715.700195,
  "xagusd": 80.468002,
  "fng": {
    "value": 38,
    "classification": "Fear"
  },
  "usd_thb": 32.15
}