{
  "ts": "2025-11-07T16:46:44.119Z",
  "xauusd": 4020.899902,
  "xagusd": 48.679001,
  "fng": {
    "value": 24,
    "classification": "Extreme Fear"
  },
  "usd_thb": 32.37
}