{
  "ts": "2026-01-12T22:43:41.347Z",
  "xauusd": 4599.700195,
  "xagusd": 85.258003,
  "fng": {
    "value": 27,
    "classification": "Fear"
  },
  "usd_thb": 31.17
}