{
  "ts": "2025-11-02T15:40:41.880Z",
  "xauusd": 4003.100098,
  "xagusd": 48.719002,
  "fng": {
    "value": 37,
    "classification": "Fear"
  },
  "usd_thb": 32.22
}