{
  "ts": "2026-06-11T16:42:22.894Z",
  "xauusd": 4084.399902,
  "xagusd": 64.042999,
  "fng": {
    "value": 12,
    "classification": "Extreme Fear"
  },
  "usd_thb": 32.98
}