{
  "ts": "2026-05-28T14:02:13.642Z",
  "xauusd": 4429.299805,
  "xagusd": 73.390999,
  "fng": {
    "value": 22,
    "classification": "Extreme Fear"
  },
  "usd_thb": 32.65
}