{
  "ts": "2025-08-27T19:34:04.239Z",
  "xauusd": 3396.399902,
  "xagusd": 38.617001,
  "fng": {
    "value": 51,
    "classification": "Neutral"
  },
  "usd_thb": 32.36
}