{
  "ts": "2025-08-25T22:45:08.351Z",
  "xauusd": 3364.800049,
  "xagusd": 38.561001,
  "fng": {
    "value": 47,
    "classification": "Neutral"
  },
  "usd_thb": 32.48
}