{
  "ts": "2025-10-08T03:43:16.022Z",
  "xauusd": 4012.800049,
  "xagusd": 48.334999,
  "fng": {
    "value": 60,
    "classification": "Greed"
  },
  "usd_thb": 32.47
}