{
  "ts": "2026-04-06T12:07:00.388Z",
  "xauusd": 4685.799805,
  "xagusd": 73.664001,
  "fng": {
    "value": 13,
    "classification": "Extreme Fear"
  },
  "usd_thb": 32.47
}