{
  "ts": "2025-11-25T08:54:28.192Z",
  "xauusd": 4116.600098,
  "xagusd": 50.957001,
  "fng": {
    "value": 20,
    "classification": "Extreme Fear"
  },
  "usd_thb": 32.3
}