{
  "ts": "2025-09-16T19:47:05.795Z",
  "xauusd": 3690.399902,
  "xagusd": 42.599998,
  "fng": {
    "value": 52,
    "classification": "Neutral"
  },
  "usd_thb": 31.7
}