{
  "ts": "2025-11-25T09:40:12.056Z",
  "xauusd": 4127.200195,
  "xagusd": 51.157001,
  "fng": {
    "value": 20,
    "classification": "Extreme Fear"
  },
  "usd_thb": 32.31
}