{
  "ts": "2026-01-22T09:00:05.110Z",
  "xauusd": 4832.200195,
  "xagusd": 94.258003,
  "fng": {
    "value": 20,
    "classification": "Extreme Fear"
  },
  "usd_thb": 31.33
}