{
  "ts": "2026-03-20T02:49:39.249Z",
  "xauusd": 4693.200195,
  "xagusd": 74.063004,
  "fng": {
    "value": 11,
    "classification": "Extreme Fear"
  },
  "usd_thb": 32.62
}