{
  "ts": "2025-09-29T16:51:38.713Z",
  "xauusd": 3830.399902,
  "xagusd": 47.061001,
  "fng": {
    "value": 50,
    "classification": "Neutral"
  },
  "usd_thb": 32.21
}