{
  "ts": "2025-11-26T17:26:00.974Z",
  "xauusd": 4169.600098,
  "xagusd": 53.050999,
  "fng": {
    "value": 15,
    "classification": "Extreme Fear"
  },
  "usd_thb": 32.22
}