{
  "ts": "2026-01-13T14:14:27.525Z",
  "xauusd": 4616.600098,
  "xagusd": 88.358002,
  "fng": {
    "value": 26,
    "classification": "Fear"
  },
  "usd_thb": 31.36
}