{
  "ts": "2026-01-05T06:58:35.013Z",
  "xauusd": 4420.899902,
  "xagusd": 75.563004,
  "fng": {
    "value": 26,
    "classification": "Fear"
  },
  "usd_thb": 31.34
}