{
  "ts": "2026-04-20T10:20:35.718Z",
  "xauusd": 4801.399902,
  "xagusd": 79.704002,
  "fng": {
    "value": 29,
    "classification": "Fear"
  },
  "usd_thb": 32.05
}