{
  "ts": "2025-12-24T07:46:23.894Z",
  "xauusd": 4489.700195,
  "xagusd": 72.248001,
  "fng": {
    "value": 24,
    "classification": "Extreme Fear"
  },
  "usd_thb": 31.02
}