{
  "ts": "2025-12-09T03:43:02.939Z",
  "xauusd": 4195.799805,
  "xagusd": 58.342999,
  "fng": {
    "value": 22,
    "classification": "Extreme Fear"
  },
  "usd_thb": 31.85
}