{
  "ts": "2026-01-02T19:33:31.365Z",
  "xauusd": 4320.399902,
  "xagusd": 72.257004,
  "fng": {
    "value": 28,
    "classification": "Fear"
  },
  "usd_thb": 31.4
}