{
  "ts": "2025-10-02T11:38:05.533Z",
  "xauusd": 3886.399902,
  "xagusd": 47.554001,
  "fng": {
    "value": 64,
    "classification": "Greed"
  },
  "usd_thb": 32.34
}