{
  "ts": "2025-10-29T07:43:58.919Z",
  "xauusd": 3995.399902,
  "xagusd": 48.067001,
  "fng": {
    "value": 51,
    "classification": "Neutral"
  },
  "usd_thb": 32.24
}