{
  "ts": "2025-10-27T15:51:19.445Z",
  "xauusd": 3985.199951,
  "xagusd": 46.411999,
  "fng": {
    "value": 51,
    "classification": "Neutral"
  },
  "usd_thb": 32.71
}