{
  "ts": "2025-12-17T20:00:08.923Z",
  "xauusd": 4337.399902,
  "xagusd": 66.518997,
  "fng": {
    "value": 16,
    "classification": "Extreme Fear"
  },
  "usd_thb": 31.46
}