{
  "ts": "2026-03-13T09:21:24.865Z",
  "xauusd": 5089.600098,
  "xagusd": 82.676003,
  "fng": {
    "value": 15,
    "classification": "Extreme Fear"
  },
  "usd_thb": 32.23
}