{
  "ts": "2025-09-29T04:49:14.030Z",
  "xauusd": 3808.300049,
  "xagusd": 47.008999,
  "fng": {
    "value": 50,
    "classification": "Neutral"
  },
  "usd_thb": 32.24
}