{
  "ts": "2025-08-14T07:50:45.565Z",
  "xauusd": 3352.100098,
  "xagusd": 38.422001,
  "fng": {
    "value": 75,
    "classification": "Greed"
  },
  "usd_thb": 32.35
}