{
  "ts": "2026-01-23T19:34:00.227Z",
  "xauusd": 4980.399902,
  "xagusd": 101.688004,
  "fng": {
    "value": 24,
    "classification": "Extreme Fear"
  },
  "usd_thb": 31.02
}