{
  "ts": "2025-08-25T03:56:12.408Z",
  "xauusd": 3368.399902,
  "xagusd": 38.887001,
  "fng": {
    "value": 47,
    "classification": "Neutral"
  },
  "usd_thb": 32.44
}