{
  "ts": "2025-10-02T15:32:34.459Z",
  "xauusd": 3832.800049,
  "xagusd": 46.165001,
  "fng": {
    "value": 64,
    "classification": "Greed"
  },
  "usd_thb": 32.49
}