{
  "ts": "2025-10-19T22:43:13.634Z",
  "xauusd": 4255.700195,
  "xagusd": 51.898998,
  "fng": {
    "value": 29,
    "classification": "Fear"
  },
  "usd_thb": 32.81
}