{
  "ts": "2025-09-04T18:48:27.482Z",
  "xauusd": 3548.199951,
  "xagusd": 40.672001,
  "fng": {
    "value": 51,
    "classification": "Neutral"
  },
  "usd_thb": 32.29
}