{
  "ts": "2025-10-20T12:33:55.081Z",
  "xauusd": 4298.399902,
  "xagusd": 52.359001,
  "fng": {
    "value": 29,
    "classification": "Fear"
  },
  "usd_thb": 32.65
}