{
  "ts": "2026-07-20T03:59:14.447Z",
  "xauusd": 4024.399902,
  "xagusd": 57.127998,
  "fng": {
    "value": 29,
    "classification": "Fear"
  },
  "usd_thb": 33.61
}