{
  "ts": "2025-09-18T07:37:18.619Z",
  "xauusd": 3651.899902,
  "xagusd": 41.727001,
  "fng": {
    "value": 52,
    "classification": "Neutral"
  },
  "usd_thb": 31.82
}