{
  "ts": "2025-12-10T21:54:18.978Z",
  "xauusd": 4228.899902,
  "xagusd": 61.838001,
  "fng": {
    "value": 26,
    "classification": "Fear"
  },
  "usd_thb": 31.75
}