{
  "ts": "2025-09-11T05:39:12.671Z",
  "xauusd": 3627.600098,
  "xagusd": 40.959999,
  "fng": {
    "value": 54,
    "classification": "Neutral"
  },
  "usd_thb": 31.77
}