{
  "ts": "2026-04-22T03:37:15.065Z",
  "xauusd": 4762.200195,
  "xagusd": 78.318001,
  "fng": {
    "value": 32,
    "classification": "Fear"
  },
  "usd_thb": 32.17
}