{
  "ts": "2025-09-29T04:37:33.282Z",
  "xauusd": 3802.899902,
  "xagusd": 47.147999,
  "fng": {
    "value": 50,
    "classification": "Neutral"
  },
  "usd_thb": 32.21
}