{
  "ts": "2025-10-13T14:16:22.225Z",
  "xauusd": 4093.300049,
  "xagusd": 51.978001,
  "fng": {
    "value": 38,
    "classification": "Fear"
  },
  "usd_thb": 32.51
}