{
  "ts": "2025-09-30T02:46:44.997Z",
  "xauusd": 3849.199951,
  "xagusd": 46.967999,
  "fng": {
    "value": 50,
    "classification": "Neutral"
  },
  "usd_thb": 32.3
}