{
  "ts": "2026-02-05T11:07:09.803Z",
  "xauusd": 4881.600098,
  "xagusd": 79.073997,
  "fng": {
    "value": 12,
    "classification": "Extreme Fear"
  },
  "usd_thb": 31.71
}