{
  "ts": "2026-01-07T19:11:00.666Z",
  "xauusd": 4451.299805,
  "xagusd": 78.214996,
  "fng": {
    "value": 42,
    "classification": "Fear"
  },
  "usd_thb": 31.32
}