{
  "ts": "2025-08-25T04:47:34.637Z",
  "xauusd": 3366.699951,
  "xagusd": 38.882999,
  "fng": {
    "value": 47,
    "classification": "Neutral"
  },
  "usd_thb": 32.36
}