{
  "ts": "2025-11-11T21:54:24.085Z",
  "xauusd": 4127.399902,
  "xagusd": 51.269001,
  "fng": {
    "value": 26,
    "classification": "Fear"
  },
  "usd_thb": 32.42
}