{
  "ts": "2026-03-06T12:42:18.203Z",
  "xauusd": 5095.899902,
  "xagusd": 82.961998,
  "fng": {
    "value": 18,
    "classification": "Extreme Fear"
  },
  "usd_thb": 31.91
}