{
  "ts": "2026-07-14T20:44:48.068Z",
  "xauusd": 4051.600098,
  "xagusd": 58.810001,
  "fng": {
    "value": 22,
    "classification": "Extreme Fear"
  },
  "usd_thb": 33.45
}