{
  "ts": "2026-03-04T17:00:05.944Z",
  "xauusd": 5150.899902,
  "xagusd": 83.760002,
  "fng": {
    "value": 10,
    "classification": "Extreme Fear"
  },
  "usd_thb": 31.52
}