{
  "ts": "2025-10-30T01:04:05.747Z",
  "xauusd": 3961.300049,
  "xagusd": 47.946999,
  "fng": {
    "value": 34,
    "classification": "Fear"
  },
  "usd_thb": 32.37
}