{
  "ts": "2025-12-31T04:55:10.920Z",
  "xauusd": 4345.700195,
  "xagusd": 72.375999,
  "fng": {
    "value": 21,
    "classification": "Extreme Fear"
  },
  "usd_thb": 31.4
}