{
  "ts": "2026-02-11T16:15:06.851Z",
  "xauusd": 5062.299805,
  "xagusd": 83.439003,
  "fng": {
    "value": 11,
    "classification": "Extreme Fear"
  },
  "usd_thb": 31.11
}