{
  "ts": "2025-08-28T20:57:28.299Z",
  "xauusd": 3418.300049,
  "xagusd": 39.139999,
  "fng": {
    "value": 48,
    "classification": "Neutral"
  },
  "usd_thb": 32.27
}