{
  "ts": "2026-03-10T10:44:13.801Z",
  "xauusd": 5167.899902,
  "xagusd": 88.494003,
  "fng": {
    "value": 13,
    "classification": "Extreme Fear"
  },
  "usd_thb": 31.61
}