{
  "ts": "2025-12-05T19:10:00.537Z",
  "xauusd": 4206.600098,
  "xagusd": 58.327999,
  "fng": {
    "value": 28,
    "classification": "Fear"
  },
  "usd_thb": 31.89
}