{
  "ts": "2025-08-19T12:34:58.249Z",
  "xauusd": 3337.600098,
  "xagusd": 38.144001,
  "fng": {
    "value": 56,
    "classification": "Greed"
  },
  "usd_thb": 32.49
}