{
  "ts": "2026-03-04T11:21:11.829Z",
  "xauusd": 5191.799805,
  "xagusd": 86.193001,
  "fng": {
    "value": 10,
    "classification": "Extreme Fear"
  },
  "usd_thb": 31.46
}