{
  "ts": "2025-12-26T20:44:27.242Z",
  "xauusd": 4528.899902,
  "xagusd": 78.168999,
  "fng": {
    "value": 20,
    "classification": "Extreme Fear"
  },
  "usd_thb": 30.98
}