{
  "ts": "2025-11-05T05:49:19.979Z",
  "xauusd": 3966.199951,
  "xagusd": 47.682999,
  "fng": {
    "value": 23,
    "classification": "Extreme Fear"
  },
  "usd_thb": 32.54
}