{
  "ts": "2025-10-15T04:53:57.402Z",
  "xauusd": 4179.799805,
  "xagusd": 52.241001,
  "fng": {
    "value": 34,
    "classification": "Fear"
  },
  "usd_thb": 32.55
}