{
  "ts": "2026-03-25T10:03:49.995Z",
  "xauusd": 4561.399902,
  "xagusd": 73.075996,
  "fng": {
    "value": 14,
    "classification": "Extreme Fear"
  },
  "usd_thb": 32.61
}