{
  "ts": "2025-12-12T17:13:59.222Z",
  "xauusd": 4277.299805,
  "xagusd": 61.261002,
  "fng": {
    "value": 29,
    "classification": "Fear"
  },
  "usd_thb": 31.6
}