{
  "ts": "2026-02-27T22:20:17.760Z",
  "xauusd": 5280.200195,
  "xagusd": 93.914001,
  "fng": {
    "value": 13,
    "classification": "Extreme Fear"
  },
  "usd_thb": 31
}