{
  "ts": "2025-09-08T07:24:31.455Z",
  "xauusd": 3606.100098,
  "xagusd": 41.103001,
  "fng": {
    "value": 51,
    "classification": "Neutral"
  },
  "usd_thb": 31.88
}