{
  "ts": "2025-11-19T21:53:01.124Z",
  "xauusd": 4079.600098,
  "xagusd": 51.382999,
  "fng": {
    "value": 15,
    "classification": "Extreme Fear"
  },
  "usd_thb": 32.44
}