{
  "ts": "2026-02-28T11:21:06.624Z",
  "xauusd": 5280.200195,
  "xagusd": 93.914001,
  "fng": {
    "value": 11,
    "classification": "Extreme Fear"
  },
  "usd_thb": 31
}