{
  "ts": "2025-12-10T05:43:25.016Z",
  "xauusd": 4211.399902,
  "xagusd": 61.247002,
  "fng": {
    "value": 26,
    "classification": "Fear"
  },
  "usd_thb": 31.81
}