{
  "ts": "2026-04-15T11:17:24.938Z",
  "xauusd": 4803.100098,
  "xagusd": 78.912003,
  "fng": {
    "value": 23,
    "classification": "Extreme Fear"
  },
  "usd_thb": 32.07
}