{
  "ts": "2025-10-29T06:55:20.794Z",
  "xauusd": 3979.199951,
  "xagusd": 47.852001,
  "fng": {
    "value": 51,
    "classification": "Neutral"
  },
  "usd_thb": 32.31
}