{
  "ts": "2025-12-22T19:11:39.695Z",
  "xauusd": 4433.100098,
  "xagusd": 68.304001,
  "fng": {
    "value": 25,
    "classification": "Extreme Fear"
  },
  "usd_thb": 31.13
}