{
  "ts": "2025-10-29T18:32:51.478Z",
  "xauusd": 3985.399902,
  "xagusd": 48.049999,
  "fng": {
    "value": 51,
    "classification": "Neutral"
  },
  "usd_thb": 32.36
}