{
  "ts": "2025-11-10T20:40:15.210Z",
  "xauusd": 4112.899902,
  "xagusd": 50.532001,
  "fng": {
    "value": 29,
    "classification": "Fear"
  },
  "usd_thb": 32.31
}