{
  "ts": "2025-11-13T05:21:22.606Z",
  "xauusd": 4217.100098,
  "xagusd": 54.255001,
  "fng": {
    "value": 15,
    "classification": "Extreme Fear"
  },
  "usd_thb": 32.33
}