{
  "ts": "2026-04-30T22:33:56.725Z",
  "xauusd": 4632.399902,
  "xagusd": 74.250999,
  "fng": {
    "value": 29,
    "classification": "Fear"
  },
  "usd_thb": 32.5
}