{
  "ts": "2025-09-24T08:51:13.688Z",
  "xauusd": 3768.699951,
  "xagusd": 44.157001,
  "fng": {
    "value": 44,
    "classification": "Fear"
  },
  "usd_thb": 31.98
}