{
  "ts": "2025-10-20T04:02:40.283Z",
  "xauusd": 4267.299805,
  "xagusd": 52.254002,
  "fng": {
    "value": 29,
    "classification": "Fear"
  },
  "usd_thb": 32.73
}