{
  "ts": "2025-08-28T13:42:07.035Z",
  "xauusd": 3405.899902,
  "xagusd": 39.009998,
  "fng": {
    "value": 48,
    "classification": "Neutral"
  },
  "usd_thb": 32.33
}