{
  "ts": "2026-01-09T12:46:58.790Z",
  "xauusd": 4467.899902,
  "xagusd": 77.515999,
  "fng": {
    "value": 27,
    "classification": "Fear"
  },
  "usd_thb": 31.42
}