{
  "ts": "2025-09-15T22:30:29.781Z",
  "xauusd": 3678.899902,
  "xagusd": 42.653999,
  "fng": {
    "value": 53,
    "classification": "Neutral"
  },
  "usd_thb": 31.78
}