{
  "ts": "2025-10-07T11:57:28.263Z",
  "xauusd": 3966.699951,
  "xagusd": 48.672001,
  "fng": {
    "value": 70,
    "classification": "Greed"
  },
  "usd_thb": 32.51
}