{
  "ts": "2025-11-17T15:16:39.107Z",
  "xauusd": 4069.800049,
  "xagusd": 50.738998,
  "fng": {
    "value": 14,
    "classification": "Extreme Fear"
  },
  "usd_thb": 32.44
}