{
  "ts": "2026-02-10T04:04:28.294Z",
  "xauusd": 5028.200195,
  "xagusd": 81.331001,
  "fng": {
    "value": 9,
    "classification": "Extreme Fear"
  },
  "usd_thb": 31.12
}