{
  "ts": "2025-09-29T08:43:10.466Z",
  "xauusd": 3817.199951,
  "xagusd": 46.932999,
  "fng": {
    "value": 50,
    "classification": "Neutral"
  },
  "usd_thb": 32.23
}