{
  "ts": "2025-09-16T22:28:06.043Z",
  "xauusd": 3691.899902,
  "xagusd": 42.622002,
  "fng": {
    "value": 52,
    "classification": "Neutral"
  },
  "usd_thb": 31.69
}