{
  "ts": "2025-12-26T04:44:04.001Z",
  "xauusd": 4508.700195,
  "xagusd": 74.581001,
  "fng": {
    "value": 20,
    "classification": "Extreme Fear"
  },
  "usd_thb": 30.95
}