{
  "ts": "2025-09-15T14:45:02.877Z",
  "xauusd": 3662.100098,
  "xagusd": 42.381001,
  "fng": {
    "value": 53,
    "classification": "Neutral"
  },
  "usd_thb": 31.81
}