{
  "ts": "2025-10-27T08:43:59.121Z",
  "xauusd": 4060.899902,
  "xagusd": 48.012001,
  "fng": {
    "value": 51,
    "classification": "Neutral"
  },
  "usd_thb": 32.67
}