{
  "ts": "2026-01-12T23:50:18.929Z",
  "xauusd": 4584.700195,
  "xagusd": 84.206001,
  "fng": {
    "value": 27,
    "classification": "Fear"
  },
  "usd_thb": 31.19
}