{
  "ts": "2025-12-08T23:17:53.094Z",
  "xauusd": 4192.200195,
  "xagusd": 58.154999,
  "fng": {
    "value": 20,
    "classification": "Extreme Fear"
  },
  "usd_thb": 31.89
}