{
  "ts": "2025-10-16T06:56:08.481Z",
  "xauusd": 4221.600098,
  "xagusd": 52.921001,
  "fng": {
    "value": 28,
    "classification": "Fear"
  },
  "usd_thb": 32.59
}