{
  "ts": "2026-06-24T11:31:35.270Z",
  "xauusd": 4046.800049,
  "xagusd": 60.043999,
  "fng": {
    "value": 17,
    "classification": "Extreme Fear"
  },
  "usd_thb": 33.4
}