{
  "ts": "2026-06-16T23:54:10.581Z",
  "xauusd": 4333.100098,
  "xagusd": 70.077003,
  "fng": {
    "value": 23,
    "classification": "Extreme Fear"
  },
  "usd_thb": 32.5
}