{
  "ts": "2026-06-13T15:06:26.319Z",
  "xauusd": 4220.299805,
  "xagusd": 68.156998,
  "fng": {
    "value": 13,
    "classification": "Extreme Fear"
  },
  "usd_thb": 32.68
}