{
  "ts": "2025-11-12T21:29:45.216Z",
  "xauusd": 4198.100098,
  "xagusd": 53.380001,
  "fng": {
    "value": 24,
    "classification": "Extreme Fear"
  },
  "usd_thb": 32.37
}