{
  "ts": "2025-11-25T15:59:03.027Z",
  "xauusd": 4123.899902,
  "xagusd": 50.813999,
  "fng": {
    "value": 20,
    "classification": "Extreme Fear"
  },
  "usd_thb": 32.26
}