{
  "ts": "2025-09-25T22:51:25.164Z",
  "xauusd": 3751.100098,
  "xagusd": 44.830002,
  "fng": {
    "value": 44,
    "classification": "Fear"
  },
  "usd_thb": 32.19
}