{
  "ts": "2026-04-02T16:39:08.319Z",
  "xauusd": 4666.200195,
  "xagusd": 72.359001,
  "fng": {
    "value": 12,
    "classification": "Extreme Fear"
  },
  "usd_thb": 32.59
}