{
  "ts": "2026-01-21T23:44:09.583Z",
  "xauusd": 4792.899902,
  "xagusd": 92.045998,
  "fng": {
    "value": 24,
    "classification": "Extreme Fear"
  },
  "usd_thb": 31.28
}