{
  "ts": "2026-03-12T23:21:30.044Z",
  "xauusd": 5095.100098,
  "xagusd": 84.393997,
  "fng": {
    "value": 18,
    "classification": "Extreme Fear"
  },
  "usd_thb": 32.15
}