{
  "ts": "2025-09-05T10:00:40.130Z",
  "xauusd": 3553.600098,
  "xagusd": 40.844002,
  "fng": {
    "value": 48,
    "classification": "Neutral"
  },
  "usd_thb": 32.19
}