{
  "ts": "2025-11-11T09:58:21.788Z",
  "xauusd": 4143.600098,
  "xagusd": 50.992001,
  "fng": {
    "value": 26,
    "classification": "Fear"
  },
  "usd_thb": 32.4
}