{
  "ts": "2026-01-07T07:30:58.340Z",
  "xauusd": 4455.899902,
  "xagusd": 79.863998,
  "fng": {
    "value": 42,
    "classification": "Fear"
  },
  "usd_thb": 31.25
}