{
  "ts": "2026-01-13T23:17:41.812Z",
  "xauusd": 4597.399902,
  "xagusd": 87.439003,
  "fng": {
    "value": 26,
    "classification": "Fear"
  },
  "usd_thb": 31.34
}