{
  "ts": "2025-10-30T20:33:49.931Z",
  "xauusd": 4019.300049,
  "xagusd": 48.863998,
  "fng": {
    "value": 34,
    "classification": "Fear"
  },
  "usd_thb": 32.34
}