{
  "ts": "2025-11-04T23:12:48.489Z",
  "xauusd": 3938.100098,
  "xagusd": 47.122002,
  "fng": {
    "value": 21,
    "classification": "Extreme Fear"
  },
  "usd_thb": 32.59
}