{
  "ts": "2025-11-14T14:46:16.014Z",
  "xauusd": 4069.100098,
  "xagusd": 50.782001,
  "fng": {
    "value": 16,
    "classification": "Extreme Fear"
  },
  "usd_thb": 32.39
}