{
  "ts": "2026-01-05T23:18:24.265Z",
  "xauusd": 4451.899902,
  "xagusd": 76.192001,
  "fng": {
    "value": 26,
    "classification": "Fear"
  },
  "usd_thb": 31.28
}