{
  "ts": "2025-11-04T14:54:11.903Z",
  "xauusd": 3944.100098,
  "xagusd": 47.259998,
  "fng": {
    "value": 21,
    "classification": "Extreme Fear"
  },
  "usd_thb": 32.62
}