{
  "ts": "2025-11-05T11:57:56.347Z",
  "xauusd": 3966.899902,
  "xagusd": 47.709999,
  "fng": {
    "value": 23,
    "classification": "Extreme Fear"
  },
  "usd_thb": 32.53
}