{
  "ts": "2026-02-13T03:43:12.086Z",
  "xauusd": 4977.799805,
  "xagusd": 77.189003,
  "fng": {
    "value": 9,
    "classification": "Extreme Fear"
  },
  "usd_thb": 31.05
}