{
  "ts": "2025-09-23T05:43:40.386Z",
  "xauusd": 3756.300049,
  "xagusd": 44.108002,
  "fng": {
    "value": 43,
    "classification": "Fear"
  },
  "usd_thb": 31.84
}