{
  "ts": "2025-12-29T20:32:04.547Z",
  "xauusd": 4341.200195,
  "xagusd": 73.059998,
  "fng": {
    "value": 24,
    "classification": "Extreme Fear"
  },
  "usd_thb": 31.62
}