{
  "ts": "2026-01-31T09:32:05.932Z",
  "xauusd": 4891.399902,
  "xagusd": 85.400002,
  "fng": {
    "value": 20,
    "classification": "Extreme Fear"
  },
  "usd_thb": 31.49
}