{
  "ts": "2025-12-26T07:38:47.021Z",
  "xauusd": 4512.100098,
  "xagusd": 74.691002,
  "fng": {
    "value": 20,
    "classification": "Extreme Fear"
  },
  "usd_thb": 30.97
}