{
  "ts": "2025-11-12T13:34:53.079Z",
  "xauusd": 4131.299805,
  "xagusd": 51.813999,
  "fng": {
    "value": 24,
    "classification": "Extreme Fear"
  },
  "usd_thb": 32.45
}