{
  "ts": "2025-09-04T05:59:34.507Z",
  "xauusd": 3528.699951,
  "xagusd": 40.881001,
  "fng": {
    "value": 51,
    "classification": "Neutral"
  },
  "usd_thb": 32.33
}