{
  "ts": "2025-09-23T09:27:12.236Z",
  "xauusd": 3790.699951,
  "xagusd": 44.228001,
  "fng": {
    "value": 43,
    "classification": "Fear"
  },
  "usd_thb": 31.79
}