{
  "ts": "2025-11-20T09:29:32.010Z",
  "xauusd": 4062.699951,
  "xagusd": 50.876999,
  "fng": {
    "value": 11,
    "classification": "Extreme Fear"
  },
  "usd_thb": 32.44
}