{
  "ts": "2026-03-25T11:49:49.105Z",
  "xauusd": 4577.299805,
  "xagusd": 73.221001,
  "fng": {
    "value": 14,
    "classification": "Extreme Fear"
  },
  "usd_thb": 32.48
}