{
  "ts": "2026-04-09T09:40:36.496Z",
  "xauusd": 4733.299805,
  "xagusd": 74.195999,
  "fng": {
    "value": 14,
    "classification": "Extreme Fear"
  },
  "usd_thb": 32.02
}