{
  "ts": "2025-11-05T04:48:39.954Z",
  "xauusd": 3972.199951,
  "xagusd": 47.834999,
  "fng": {
    "value": 23,
    "classification": "Extreme Fear"
  },
  "usd_thb": 32.54
}