{
  "ts": "2025-12-23T04:08:50.220Z",
  "xauusd": 4487.700195,
  "xagusd": 69.679001,
  "fng": {
    "value": 24,
    "classification": "Extreme Fear"
  },
  "usd_thb": 31.15
}