{
  "ts": "2025-12-23T08:39:36.057Z",
  "xauusd": 4490.600098,
  "xagusd": 69.593002,
  "fng": {
    "value": 24,
    "classification": "Extreme Fear"
  },
  "usd_thb": 31.11
}