{
  "ts": "2025-10-27T17:52:06.378Z",
  "xauusd": 4006.899902,
  "xagusd": 46.955002,
  "fng": {
    "value": 51,
    "classification": "Neutral"
  },
  "usd_thb": 32.65
}