{
  "ts": "2025-09-09T08:19:18.709Z",
  "xauusd": 3646.100098,
  "xagusd": 41.360001,
  "fng": {
    "value": 48,
    "classification": "Neutral"
  },
  "usd_thb": 31.72
}