{
  "ts": "2026-02-06T09:48:16.786Z",
  "xauusd": 4862.399902,
  "xagusd": 74.223999,
  "fng": {
    "value": 9,
    "classification": "Extreme Fear"
  },
  "usd_thb": 31.63
}