{
  "ts": "2025-12-03T14:31:39.925Z",
  "xauusd": 4228.600098,
  "xagusd": 58.568001,
  "fng": {
    "value": 28,
    "classification": "Fear"
  },
  "usd_thb": 31.91
}