{
  "ts": "2026-03-31T17:10:29.611Z",
  "xauusd": 4640.100098,
  "xagusd": 74.664001,
  "fng": {
    "value": 11,
    "classification": "Extreme Fear"
  },
  "usd_thb": 32.59
}