{
  "ts": "2025-08-25T19:57:16.103Z",
  "xauusd": 3367.199951,
  "xagusd": 38.678001,
  "fng": {
    "value": 47,
    "classification": "Neutral"
  },
  "usd_thb": 32.5
}