{
  "ts": "2025-12-22T23:57:10.844Z",
  "xauusd": 4461.899902,
  "xagusd": 69.238998,
  "fng": {
    "value": 25,
    "classification": "Extreme Fear"
  },
  "usd_thb": 31.12
}