{
  "ts": "2025-10-02T20:27:20.942Z",
  "xauusd": 3857.699951,
  "xagusd": 47.018002,
  "fng": {
    "value": 64,
    "classification": "Greed"
  },
  "usd_thb": 32.48
}