{
  "ts": "2025-11-11T23:12:33.996Z",
  "xauusd": 4133.100098,
  "xagusd": 51.346001,
  "fng": {
    "value": 26,
    "classification": "Fear"
  },
  "usd_thb": 32.39
}