{
  "ts": "2025-11-16T02:17:58.798Z",
  "xauusd": 4082.699951,
  "xagusd": 50.594002,
  "fng": {
    "value": 10,
    "classification": "Extreme Fear"
  },
  "usd_thb": 32.26
}