{
  "ts": "2025-09-17T13:05:58.983Z",
  "xauusd": 3678.199951,
  "xagusd": 41.959999,
  "fng": {
    "value": 53,
    "classification": "Neutral"
  },
  "usd_thb": 31.73
}