{
  "ts": "2026-03-03T14:03:32.377Z",
  "xauusd": 5163.399902,
  "xagusd": 82.480003,
  "fng": {
    "value": 14,
    "classification": "Extreme Fear"
  },
  "usd_thb": 31.77
}