{
  "ts": "2026-01-05T14:52:31.408Z",
  "xauusd": 4434.899902,
  "xagusd": 76.459999,
  "fng": {
    "value": 26,
    "classification": "Fear"
  },
  "usd_thb": 31.33
}