{
  "ts": "2026-01-08T19:43:36.933Z",
  "xauusd": 4452.100098,
  "xagusd": 75.959999,
  "fng": {
    "value": 28,
    "classification": "Fear"
  },
  "usd_thb": 31.48
}