{
  "ts": "2025-09-02T16:29:30.038Z",
  "xauusd": 3524.199951,
  "xagusd": 40.869999,
  "fng": {
    "value": 49,
    "classification": "Neutral"
  },
  "usd_thb": 32.32
}