{
  "ts": "2025-08-29T04:50:37.288Z",
  "xauusd": 3409.300049,
  "xagusd": 38.869999,
  "fng": {
    "value": 50,
    "classification": "Neutral"
  },
  "usd_thb": 32.34
}