{
  "ts": "2025-12-08T04:59:02.132Z",
  "xauusd": 4209.399902,
  "xagusd": 57.998001,
  "fng": {
    "value": 20,
    "classification": "Extreme Fear"
  },
  "usd_thb": 31.85
}