{
  "ts": "2025-12-16T19:56:29.587Z",
  "xauusd": 4313.200195,
  "xagusd": 63.933998,
  "fng": {
    "value": 11,
    "classification": "Extreme Fear"
  },
  "usd_thb": 31.41
}