{
  "ts": "2025-12-11T12:43:46.315Z",
  "xauusd": 4220.399902,
  "xagusd": 62.317001,
  "fng": {
    "value": 29,
    "classification": "Fear"
  },
  "usd_thb": 31.74
}