{
  "ts": "2026-03-25T00:57:42.879Z",
  "xauusd": 4569.600098,
  "xagusd": 74.139999,
  "fng": {
    "value": 14,
    "classification": "Extreme Fear"
  },
  "usd_thb": 32.42
}