{
  "ts": "2025-10-09T19:11:49.195Z",
  "xauusd": 3966.300049,
  "xagusd": 48.896999,
  "fng": {
    "value": 70,
    "classification": "Greed"
  },
  "usd_thb": 32.8
}