{
  "ts": "2025-09-29T22:30:07.973Z",
  "xauusd": 3828.899902,
  "xagusd": 46.886002,
  "fng": {
    "value": 50,
    "classification": "Neutral"
  },
  "usd_thb": 32.22
}