{
  "ts": "2025-09-22T18:01:16.071Z",
  "xauusd": 3747.699951,
  "xagusd": 44.096001,
  "fng": {
    "value": 45,
    "classification": "Fear"
  },
  "usd_thb": 31.76
}