{
  "ts": "2025-09-05T05:14:32.866Z",
  "xauusd": 3559.800049,
  "xagusd": 40.910999,
  "fng": {
    "value": 48,
    "classification": "Neutral"
  },
  "usd_thb": 32.22
}