{
  "ts": "2025-10-16T18:43:47.422Z",
  "xauusd": 4293.399902,
  "xagusd": 53.939999,
  "fng": {
    "value": 28,
    "classification": "Fear"
  },
  "usd_thb": 32.49
}