{
  "ts": "2025-11-06T20:27:57.646Z",
  "xauusd": 3985.800049,
  "xagusd": 48.131001,
  "fng": {
    "value": 27,
    "classification": "Fear"
  },
  "usd_thb": 32.4
}