{
  "ts": "2025-12-12T06:53:15.766Z",
  "xauusd": 4282.799805,
  "xagusd": 63.779999,
  "fng": {
    "value": 29,
    "classification": "Fear"
  },
  "usd_thb": 31.65
}