{
  "ts": "2026-07-13T22:12:20.383Z",
  "xauusd": 4003.800049,
  "xagusd": 57.754002,
  "fng": {
    "value": 28,
    "classification": "Fear"
  },
  "usd_thb": 33.48
}