{
  "ts": "2026-01-29T19:35:47.074Z",
  "xauusd": 5302.100098,
  "xagusd": 112.471001,
  "fng": {
    "value": 26,
    "classification": "Fear"
  },
  "usd_thb": 31.341
}