{
  "ts": "2025-11-10T22:59:32.166Z",
  "xauusd": 4116.899902,
  "xagusd": 50.554001,
  "fng": {
    "value": 29,
    "classification": "Fear"
  },
  "usd_thb": 32.34
}