{
  "ts": "2025-10-01T17:29:33.965Z",
  "xauusd": 3872.300049,
  "xagusd": 47.602001,
  "fng": {
    "value": 49,
    "classification": "Neutral"
  },
  "usd_thb": 32.43
}