{
  "ts": "2025-11-25T00:42:43.030Z",
  "xauusd": 4137.700195,
  "xagusd": 51.241001,
  "fng": {
    "value": 20,
    "classification": "Extreme Fear"
  },
  "usd_thb": 32.37
}