{
  "ts": "2025-10-02T04:50:29.953Z",
  "xauusd": 3863.800049,
  "xagusd": 47.213001,
  "fng": {
    "value": 64,
    "classification": "Greed"
  },
  "usd_thb": 32.45
}