{
  "ts": "2025-10-15T05:52:31.875Z",
  "xauusd": 4191.799805,
  "xagusd": 52.325001,
  "fng": {
    "value": 34,
    "classification": "Fear"
  },
  "usd_thb": 32.51
}