{
  "ts": "2025-08-20T20:22:58.730Z",
  "xauusd": 3348.800049,
  "xagusd": 37.946999,
  "fng": {
    "value": 44,
    "classification": "Fear"
  },
  "usd_thb": 32.55
}