{
  "ts": "2026-04-09T18:12:27.455Z",
  "xauusd": 4787.299805,
  "xagusd": 76.172997,
  "fng": {
    "value": 14,
    "classification": "Extreme Fear"
  },
  "usd_thb": 31.94
}