{
  "ts": "2025-10-31T05:56:19.800Z",
  "xauusd": 4007.199951,
  "xagusd": 49.025002,
  "fng": {
    "value": 29,
    "classification": "Fear"
  },
  "usd_thb": 32.34
}