{
  "ts": "2026-05-04T17:01:55.363Z",
  "xauusd": 4511.799805,
  "xagusd": 72.879997,
  "fng": {
    "value": 40,
    "classification": "Fear"
  },
  "usd_thb": 32.77
}