{
  "ts": "2026-05-06T11:28:03.019Z",
  "xauusd": 4712.700195,
  "xagusd": 77.686996,
  "fng": {
    "value": 46,
    "classification": "Fear"
  },
  "usd_thb": 32.06
}