{
  "ts": "2025-08-25T10:51:14.663Z",
  "xauusd": 3367.699951,
  "xagusd": 38.793999,
  "fng": {
    "value": 47,
    "classification": "Neutral"
  },
  "usd_thb": 32.44
}