{
  "ts": "2026-01-07T11:20:39.485Z",
  "xauusd": 4464.600098,
  "xagusd": 79.560997,
  "fng": {
    "value": 42,
    "classification": "Fear"
  },
  "usd_thb": 31.29
}