{
  "ts": "2026-01-02T06:46:54.141Z",
  "xauusd": 4375.399902,
  "xagusd": 74.144997,
  "fng": {
    "value": 28,
    "classification": "Fear"
  },
  "usd_thb": 31.44
}