{
  "ts": "2026-02-25T18:36:43.843Z",
  "xauusd": 5207.299805,
  "xagusd": 91.269997,
  "fng": {
    "value": 11,
    "classification": "Extreme Fear"
  },
  "usd_thb": 30.98
}