{
  "ts": "2026-02-19T07:59:31.453Z",
  "xauusd": 5012.100098,
  "xagusd": 79.047997,
  "fng": {
    "value": 9,
    "classification": "Extreme Fear"
  },
  "usd_thb": 31.13
}