{
  "ts": "2025-09-09T06:59:10.575Z",
  "xauusd": 3647.699951,
  "xagusd": 41.412998,
  "fng": {
    "value": 48,
    "classification": "Neutral"
  },
  "usd_thb": 31.69
}