{
  "ts": "2025-12-26T12:22:40.803Z",
  "xauusd": 4510.600098,
  "xagusd": 74.269997,
  "fng": {
    "value": 20,
    "classification": "Extreme Fear"
  },
  "usd_thb": 30.99
}