{
  "ts": "2025-09-15T13:34:46.875Z",
  "xauusd": 3653.899902,
  "xagusd": 42.227001,
  "fng": {
    "value": 53,
    "classification": "Neutral"
  },
  "usd_thb": 31.81
}