{
  "ts": "2025-12-19T17:36:12.281Z",
  "xauusd": 4352.299805,
  "xagusd": 67.302002,
  "fng": {
    "value": 16,
    "classification": "Extreme Fear"
  },
  "usd_thb": 31.41
}