{
  "ts": "2025-11-19T17:59:57.286Z",
  "xauusd": 4079.300049,
  "xagusd": 50.933998,
  "fng": {
    "value": 15,
    "classification": "Extreme Fear"
  },
  "usd_thb": 32.47
}