{
  "ts": "2026-04-16T07:04:03.772Z",
  "xauusd": 4825.100098,
  "xagusd": 80.394997,
  "fng": {
    "value": 23,
    "classification": "Extreme Fear"
  },
  "usd_thb": 31.89
}