{
  "ts": "2025-08-20T22:32:57.550Z",
  "xauusd": 3351.100098,
  "xagusd": 37.967999,
  "fng": {
    "value": 44,
    "classification": "Fear"
  },
  "usd_thb": 32.55
}