{
  "ts": "2025-09-25T11:28:59.555Z",
  "xauusd": 3751.300049,
  "xagusd": 44.942001,
  "fng": {
    "value": 44,
    "classification": "Fear"
  },
  "usd_thb": 32.19
}