{
  "ts": "2025-09-26T15:51:18.038Z",
  "xauusd": 3779.800049,
  "xagusd": 46.113998,
  "fng": {
    "value": 28,
    "classification": "Fear"
  },
  "usd_thb": 32.22
}