{
  "ts": "2026-01-27T12:00:13.307Z",
  "xauusd": 5078.799805,
  "xagusd": 111.889999,
  "fng": {
    "value": 29,
    "classification": "Fear"
  },
  "usd_thb": 31.062
}