{
  "ts": "2026-02-13T14:10:11.234Z",
  "xauusd": 4989.100098,
  "xagusd": 78.815002,
  "fng": {
    "value": 9,
    "classification": "Extreme Fear"
  },
  "usd_thb": 30.98
}