{
  "ts": "2025-12-23T17:45:30.695Z",
  "xauusd": 4480.200195,
  "xagusd": 71.011002,
  "fng": {
    "value": 24,
    "classification": "Extreme Fear"
  },
  "usd_thb": 31.1
}