{
  "ts": "2026-03-13T20:02:42.440Z",
  "xauusd": 5020.899902,
  "xagusd": 80.435997,
  "fng": {
    "value": 15,
    "classification": "Extreme Fear"
  },
  "usd_thb": 32.42
}