{
  "ts": "2026-01-08T16:38:11.676Z",
  "xauusd": 4461.200195,
  "xagusd": 76.088997,
  "fng": {
    "value": 28,
    "classification": "Fear"
  },
  "usd_thb": 31.48
}