{
  "ts": "2025-10-31T16:57:38.915Z",
  "xauusd": 3980.899902,
  "xagusd": 48.563999,
  "fng": {
    "value": 29,
    "classification": "Fear"
  },
  "usd_thb": 32.41
}