{
  "ts": "2025-09-11T22:50:41.292Z",
  "xauusd": 3634.800049,
  "xagusd": 41.575001,
  "fng": {
    "value": 54,
    "classification": "Neutral"
  },
  "usd_thb": 31.73
}