{
  "ts": "2026-06-11T21:32:57.718Z",
  "xauusd": 4212.700195,
  "xagusd": 67.481003,
  "fng": {
    "value": 12,
    "classification": "Extreme Fear"
  },
  "usd_thb": 32.76
}