{
  "ts": "2025-08-29T04:59:30.539Z",
  "xauusd": 3409.199951,
  "xagusd": 38.900002,
  "fng": {
    "value": 50,
    "classification": "Neutral"
  },
  "usd_thb": 32.34
}