{
  "ts": "2025-11-03T09:51:30.493Z",
  "xauusd": 4001.699951,
  "xagusd": 48.654999,
  "fng": {
    "value": 42,
    "classification": "Fear"
  },
  "usd_thb": 32.47
}