{
  "ts": "2025-11-17T05:39:26.324Z",
  "xauusd": 4054.600098,
  "xagusd": 50.491001,
  "fng": {
    "value": 14,
    "classification": "Extreme Fear"
  },
  "usd_thb": 32.41
}