{
  "ts": "2025-11-10T13:45:04.724Z",
  "xauusd": 4098.600098,
  "xagusd": 49.973999,
  "fng": {
    "value": 29,
    "classification": "Fear"
  },
  "usd_thb": 32.33
}