{
  "ts": "2025-12-30T08:38:10.776Z",
  "xauusd": 4356.799805,
  "xagusd": 74.158997,
  "fng": {
    "value": 23,
    "classification": "Extreme Fear"
  },
  "usd_thb": 31.48
}