{
  "ts": "2026-04-07T08:16:00.449Z",
  "xauusd": 4664.899902,
  "xagusd": 72.814003,
  "fng": {
    "value": 11,
    "classification": "Extreme Fear"
  },
  "usd_thb": 32.51
}