{
  "ts": "2025-12-29T08:34:58.183Z",
  "xauusd": 4478.299805,
  "xagusd": 75.969002,
  "fng": {
    "value": 24,
    "classification": "Extreme Fear"
  },
  "usd_thb": 29.44
}