{
  "ts": "2025-10-08T23:53:31.453Z",
  "xauusd": 4005.899902,
  "xagusd": 48.668999,
  "fng": {
    "value": 60,
    "classification": "Greed"
  },
  "usd_thb": 32.57
}