{
  "ts": "2025-09-03T16:52:13.031Z",
  "xauusd": 3570.100098,
  "xagusd": 41.308998,
  "fng": {
    "value": 55,
    "classification": "Greed"
  },
  "usd_thb": 32.25
}