{
  "ts": "2025-09-29T18:44:11.321Z",
  "xauusd": 3827.899902,
  "xagusd": 46.883999,
  "fng": {
    "value": 50,
    "classification": "Neutral"
  },
  "usd_thb": 32.22
}