{
  "ts": "2026-03-10T13:42:52.800Z",
  "xauusd": 5213.899902,
  "xagusd": 89.028999,
  "fng": {
    "value": 13,
    "classification": "Extreme Fear"
  },
  "usd_thb": 31.68
}