{
  "ts": "2025-09-24T19:29:49.105Z",
  "xauusd": 3718.800049,
  "xagusd": 43.727001,
  "fng": {
    "value": 44,
    "classification": "Fear"
  },
  "usd_thb": 32.12
}