{
  "ts": "2025-09-11T23:31:43.102Z",
  "xauusd": 3635.300049,
  "xagusd": 41.596001,
  "fng": {
    "value": 54,
    "classification": "Neutral"
  },
  "usd_thb": 31.72
}