{
  "ts": "2025-09-28T23:57:44.918Z",
  "xauusd": 3768.600098,
  "xagusd": 46.317001,
  "fng": {
    "value": 37,
    "classification": "Fear"
  },
  "usd_thb": 32.2
}