{
  "ts": "2025-11-21T14:42:34.903Z",
  "xauusd": 4070.800049,
  "xagusd": 49.605999,
  "fng": {
    "value": 14,
    "classification": "Extreme Fear"
  },
  "usd_thb": 32.45
}