{
  "ts": "2026-01-07T13:58:22.733Z",
  "xauusd": 4451.899902,
  "xagusd": 77.540001,
  "fng": {
    "value": 42,
    "classification": "Fear"
  },
  "usd_thb": 31.28
}