{
  "ts": "2025-10-13T05:33:55.659Z",
  "xauusd": 4074.600098,
  "xagusd": 51.727001,
  "fng": {
    "value": 38,
    "classification": "Fear"
  },
  "usd_thb": 32.53
}