{
  "ts": "2025-09-08T04:50:09.526Z",
  "xauusd": 3582.399902,
  "xagusd": 40.598999,
  "fng": {
    "value": 51,
    "classification": "Neutral"
  },
  "usd_thb": 32.07
}