{
  "ts": "2025-10-30T17:49:29.800Z",
  "xauusd": 4017.600098,
  "xagusd": 48.939999,
  "fng": {
    "value": 34,
    "classification": "Fear"
  },
  "usd_thb": 32.36
}