{
  "ts": "2025-08-15T05:54:57.084Z",
  "xauusd": 3345.199951,
  "xagusd": 38.141998,
  "fng": {
    "value": 60,
    "classification": "Greed"
  },
  "usd_thb": 32.43
}