{
  "ts": "2025-12-30T10:57:04.358Z",
  "xauusd": 4383.100098,
  "xagusd": 74.473999,
  "fng": {
    "value": 23,
    "classification": "Extreme Fear"
  },
  "usd_thb": 31.36
}