{
  "ts": "2026-02-03T15:02:54.266Z",
  "xauusd": 4916.299805,
  "xagusd": 87.844002,
  "fng": {
    "value": 17,
    "classification": "Extreme Fear"
  },
  "usd_thb": 31.62
}