{
  "ts": "2026-02-16T11:02:08.284Z",
  "xauusd": 5006.899902,
  "xagusd": 77.286003,
  "fng": {
    "value": 12,
    "classification": "Extreme Fear"
  },
  "usd_thb": 31.09
}