{
  "ts": "2025-12-18T22:25:26.870Z",
  "xauusd": 4333.700195,
  "xagusd": 65.532997,
  "fng": {
    "value": 17,
    "classification": "Extreme Fear"
  },
  "usd_thb": 31.39
}