{
  "ts": "2025-12-19T21:37:40.825Z",
  "xauusd": 4339.200195,
  "xagusd": 67.205002,
  "fng": {
    "value": 16,
    "classification": "Extreme Fear"
  },
  "usd_thb": 31.41
}