{
  "ts": "2025-12-02T09:52:09.447Z",
  "xauusd": 4190.100098,
  "xagusd": 56.984001,
  "fng": {
    "value": 23,
    "classification": "Extreme Fear"
  },
  "usd_thb": 32.01
}