{
  "ts": "2026-02-05T21:02:24.940Z",
  "xauusd": 4811.200195,
  "xagusd": 73.700996,
  "fng": {
    "value": 12,
    "classification": "Extreme Fear"
  },
  "usd_thb": 31.76
}