{
  "ts": "2025-09-26T18:58:04.424Z",
  "xauusd": 3780.199951,
  "xagusd": 46.539001,
  "fng": {
    "value": 28,
    "classification": "Fear"
  },
  "usd_thb": 32.2
}