{
  "ts": "2026-04-01T06:08:53.167Z",
  "xauusd": 4685.899902,
  "xagusd": 74.573997,
  "fng": {
    "value": 8,
    "classification": "Extreme Fear"
  },
  "usd_thb": 32.57
}