{
  "ts": "2025-09-30T05:55:02.165Z",
  "xauusd": 3869.300049,
  "xagusd": 47.181999,
  "fng": {
    "value": 50,
    "classification": "Neutral"
  },
  "usd_thb": 32.33
}