{
  "ts": "2025-09-05T20:43:17.302Z",
  "xauusd": 3589.899902,
  "xagusd": 40.994999,
  "fng": {
    "value": 48,
    "classification": "Neutral"
  },
  "usd_thb": 32.13
}