{
  "ts": "2025-09-18T07:26:20.409Z",
  "xauusd": 3649.199951,
  "xagusd": 41.568001,
  "fng": {
    "value": 52,
    "classification": "Neutral"
  },
  "usd_thb": 31.83
}