{
  "ts": "2025-12-01T17:42:15.853Z",
  "xauusd": 4238.899902,
  "xagusd": 58.495998,
  "fng": {
    "value": 24,
    "classification": "Extreme Fear"
  },
  "usd_thb": 31.97
}