{
  "ts": "2026-03-24T21:32:28.672Z",
  "xauusd": 4475.299805,
  "xagusd": 71.358002,
  "fng": {
    "value": 11,
    "classification": "Extreme Fear"
  },
  "usd_thb": 32.41
}