{
  "ts": "2025-11-26T06:55:53.378Z",
  "xauusd": 4153.899902,
  "xagusd": 52.022999,
  "fng": {
    "value": 15,
    "classification": "Extreme Fear"
  },
  "usd_thb": 32.24
}