{
  "ts": "2026-01-23T09:55:38.944Z",
  "xauusd": 4920.700195,
  "xagusd": 98.441002,
  "fng": {
    "value": 24,
    "classification": "Extreme Fear"
  },
  "usd_thb": 31.18
}