{
  "ts": "2025-12-26T11:33:04.910Z",
  "xauusd": 4506.399902,
  "xagusd": 73.637001,
  "fng": {
    "value": 20,
    "classification": "Extreme Fear"
  },
  "usd_thb": 30.99
}