{
  "ts": "2025-12-08T16:46:02.981Z",
  "xauusd": 4194.700195,
  "xagusd": 58.042999,
  "fng": {
    "value": 20,
    "classification": "Extreme Fear"
  },
  "usd_thb": 31.9
}