{
  "ts": "2026-03-05T10:00:04.727Z",
  "xauusd": 5163.399902,
  "xagusd": 84.262001,
  "fng": {
    "value": 22,
    "classification": "Extreme Fear"
  },
  "usd_thb": 31.53
}