{
  "ts": "2026-01-08T11:55:20.571Z",
  "xauusd": 4425.399902,
  "xagusd": 75.713997,
  "fng": {
    "value": 28,
    "classification": "Fear"
  },
  "usd_thb": 31.34
}