{
  "ts": "2025-11-12T23:43:07.882Z",
  "xauusd": 4188.899902,
  "xagusd": 53.294998,
  "fng": {
    "value": 24,
    "classification": "Extreme Fear"
  },
  "usd_thb": 32.36
}