{
  "ts": "2026-05-05T19:48:29.199Z",
  "xauusd": 4556.799805,
  "xagusd": 73.039001,
  "fng": {
    "value": 50,
    "classification": "Neutral"
  },
  "usd_thb": 32.55
}