{
  "ts": "2026-01-16T11:59:10.468Z",
  "xauusd": 4615.100098,
  "xagusd": 91.301003,
  "fng": {
    "value": 49,
    "classification": "Neutral"
  },
  "usd_thb": 31.36
}