{
  "ts": "2026-01-19T04:41:01.082Z",
  "xauusd": 4662.700195,
  "xagusd": 93.129997,
  "fng": {
    "value": 44,
    "classification": "Fear"
  },
  "usd_thb": 31.27
}