{
  "ts": "2026-03-27T13:03:07.010Z",
  "xauusd": 4436.100098,
  "xagusd": 68.153999,
  "fng": {
    "value": 13,
    "classification": "Extreme Fear"
  },
  "usd_thb": 32.89
}