{
  "ts": "2025-10-23T04:43:50.540Z",
  "xauusd": 4086.600098,
  "xagusd": 48.448002,
  "fng": {
    "value": 27,
    "classification": "Fear"
  },
  "usd_thb": 32.84
}