{
  "ts": "2025-08-22T10:49:39.286Z",
  "xauusd": 3330.600098,
  "xagusd": 38.046001,
  "fng": {
    "value": 50,
    "classification": "Neutral"
  },
  "usd_thb": 32.63
}