{
  "ts": "2025-10-09T07:31:52.533Z",
  "xauusd": 4027.600098,
  "xagusd": 49.101002,
  "fng": {
    "value": 70,
    "classification": "Greed"
  },
  "usd_thb": 32.62
}