{
  "ts": "2025-10-02T05:46:20.054Z",
  "xauusd": 3869.399902,
  "xagusd": 47.452999,
  "fng": {
    "value": 64,
    "classification": "Greed"
  },
  "usd_thb": 32.43
}