{
  "ts": "2026-04-30T04:45:04.154Z",
  "xauusd": 4545.299805,
  "xagusd": 71.948997,
  "fng": {
    "value": 29,
    "classification": "Fear"
  },
  "usd_thb": 32.81
}