{
  "ts": "2026-01-21T04:28:39.386Z",
  "xauusd": 4852.899902,
  "xagusd": 94.331001,
  "fng": {
    "value": 24,
    "classification": "Extreme Fear"
  },
  "usd_thb": 31
}