{
  "ts": "2025-12-02T16:38:36.005Z",
  "xauusd": 4188.700195,
  "xagusd": 57.707001,
  "fng": {
    "value": 23,
    "classification": "Extreme Fear"
  },
  "usd_thb": 32.05
}