{
  "ts": "2025-09-25T23:00:13.562Z",
  "xauusd": 3750.199951,
  "xagusd": 44.867001,
  "fng": {
    "value": 44,
    "classification": "Fear"
  },
  "usd_thb": 32.2
}