{
  "ts": "2025-08-14T23:33:13.058Z",
  "xauusd": 3335.800049,
  "xagusd": 38.047001,
  "fng": {
    "value": 75,
    "classification": "Greed"
  },
  "usd_thb": 32.46
}