{
  "ts": "2025-09-02T18:48:41.344Z",
  "xauusd": 3529.399902,
  "xagusd": 40.889999,
  "fng": {
    "value": 49,
    "classification": "Neutral"
  },
  "usd_thb": 32.33
}