{
  "ts": "2026-02-24T14:41:58.424Z",
  "xauusd": 5131.600098,
  "xagusd": 87.080002,
  "fng": {
    "value": 8,
    "classification": "Extreme Fear"
  },
  "usd_thb": 31.05
}