{
  "ts": "2025-10-06T03:46:47.643Z",
  "xauusd": 3930.300049,
  "xagusd": 48.478001,
  "fng": {
    "value": 71,
    "classification": "Greed"
  },
  "usd_thb": 32.35
}