{
  "ts": "2025-10-11T08:18:11.149Z",
  "xauusd": 4018.399902,
  "xagusd": 50.008999,
  "fng": {
    "value": 27,
    "classification": "Fear"
  },
  "usd_thb": 32.69
}