{
  "ts": "2025-09-22T04:49:01.422Z",
  "xauusd": 3692.257568,
  "xagusd": 43.551399,
  "fng": {
    "value": 45,
    "classification": "Fear"
  },
  "usd_thb": 31.83
}