{
  "ts": "2025-09-01T22:51:37.159Z",
  "xauusd": 3479.300049,
  "xagusd": 40.648998,
  "fng": {
    "value": 46,
    "classification": "Fear"
  },
  "usd_thb": 32.33
}