{
  "ts": "2025-10-13T17:58:59.499Z",
  "xauusd": 4103.600098,
  "xagusd": 51.941002,
  "fng": {
    "value": 38,
    "classification": "Fear"
  },
  "usd_thb": 32.54
}