{
  "ts": "2025-10-23T18:56:12.873Z",
  "xauusd": 4136.799805,
  "xagusd": 49.146999,
  "fng": {
    "value": 27,
    "classification": "Fear"
  },
  "usd_thb": 32.78
}