{
  "ts": "2025-12-05T13:03:55.405Z",
  "xauusd": 4230.200195,
  "xagusd": 58.098999,
  "fng": {
    "value": 28,
    "classification": "Fear"
  },
  "usd_thb": 31.82
}