{
  "ts": "2026-02-16T16:56:44.082Z",
  "xauusd": 4988.899902,
  "xagusd": 76.509003,
  "fng": {
    "value": 12,
    "classification": "Extreme Fear"
  },
  "usd_thb": 31.09
}