{
  "ts": "2026-03-06T16:22:58.524Z",
  "xauusd": 5146.299805,
  "xagusd": 84.703003,
  "fng": {
    "value": 18,
    "classification": "Extreme Fear"
  },
  "usd_thb": 31.83
}