{
  "ts": "2025-10-08T15:57:38.252Z",
  "xauusd": 4047.699951,
  "xagusd": 49.446999,
  "fng": {
    "value": 60,
    "classification": "Greed"
  },
  "usd_thb": 32.51
}