{
  "ts": "2026-05-01T16:08:49.022Z",
  "xauusd": 4643.200195,
  "xagusd": 76.135002,
  "fng": {
    "value": 26,
    "classification": "Fear"
  },
  "usd_thb": 32.38
}