{
  "ts": "2026-04-22T16:43:57.054Z",
  "xauusd": 4730.399902,
  "xagusd": 77.882004,
  "fng": {
    "value": 32,
    "classification": "Fear"
  },
  "usd_thb": 32.22
}