{
  "ts": "2025-12-09T20:44:41.756Z",
  "xauusd": 4211.200195,
  "xagusd": 60.639999,
  "fng": {
    "value": 22,
    "classification": "Extreme Fear"
  },
  "usd_thb": 31.83
}