{
  "ts": "2025-12-28T23:55:10.074Z",
  "xauusd": 4530.799805,
  "xagusd": 82.099998,
  "fng": {
    "value": 24,
    "classification": "Extreme Fear"
  },
  "usd_thb": 31.06
}