{
  "ts": "2026-01-06T15:24:22.420Z",
  "xauusd": 4478.700195,
  "xagusd": 80.273003,
  "fng": {
    "value": 44,
    "classification": "Fear"
  },
  "usd_thb": 31.25
}