{
  "ts": "2026-02-26T23:27:00.349Z",
  "xauusd": 5183.600098,
  "xagusd": 88.128998,
  "fng": {
    "value": 11,
    "classification": "Extreme Fear"
  },
  "usd_thb": 31.04
}