{
  "ts": "2025-10-24T13:28:45.519Z",
  "xauusd": 4117.899902,
  "xagusd": 48.709999,
  "fng": {
    "value": 30,
    "classification": "Fear"
  },
  "usd_thb": 32.69
}