{
  "ts": "2026-05-19T22:10:18.480Z",
  "xauusd": 4485.700195,
  "xagusd": 74.147003,
  "fng": {
    "value": 25,
    "classification": "Extreme Fear"
  },
  "usd_thb": 32.66
}