{
  "ts": "2025-10-09T19:36:04.470Z",
  "xauusd": 3980.100098,
  "xagusd": 49.164001,
  "fng": {
    "value": 70,
    "classification": "Greed"
  },
  "usd_thb": 32.79
}