{
  "ts": "2025-10-21T04:37:27.054Z",
  "xauusd": 4343.299805,
  "xagusd": 51.945999,
  "fng": {
    "value": 34,
    "classification": "Fear"
  },
  "usd_thb": 32.59
}