{
  "ts": "2026-01-23T18:00:27.374Z",
  "xauusd": 4984.700195,
  "xagusd": 100.875999,
  "fng": {
    "value": 24,
    "classification": "Extreme Fear"
  },
  "usd_thb": 31.01
}