{
  "ts": "2025-12-01T14:27:31.106Z",
  "xauusd": 4247.700195,
  "xagusd": 57.429001,
  "fng": {
    "value": 24,
    "classification": "Extreme Fear"
  },
  "usd_thb": 31.95
}