{
  "ts": "2025-10-16T15:11:40.571Z",
  "xauusd": 4269.600098,
  "xagusd": 53.832001,
  "fng": {
    "value": 28,
    "classification": "Fear"
  },
  "usd_thb": 32.46
}