{
  "ts": "2025-09-01T06:31:35.967Z",
  "xauusd": 3486.399902,
  "xagusd": 40.671001,
  "fng": {
    "value": 46,
    "classification": "Fear"
  },
  "usd_thb": 32.27
}