{
  "ts": "2025-09-30T06:23:24.472Z",
  "xauusd": 3864.600098,
  "xagusd": 47.051998,
  "fng": {
    "value": 50,
    "classification": "Neutral"
  },
  "usd_thb": 32.32
}