{
  "ts": "2025-09-24T03:45:55.921Z",
  "xauusd": 3766.399902,
  "xagusd": 44.175999,
  "fng": {
    "value": 44,
    "classification": "Fear"
  },
  "usd_thb": 31.91
}