{
  "ts": "2025-12-31T17:18:52.996Z",
  "xauusd": 4324.799805,
  "xagusd": 71.790001,
  "fng": {
    "value": 21,
    "classification": "Extreme Fear"
  },
  "usd_thb": 31.35
}