{
  "ts": "2026-01-16T03:20:05.256Z",
  "xauusd": 4600.200195,
  "xagusd": 90.837997,
  "fng": {
    "value": 49,
    "classification": "Neutral"
  },
  "usd_thb": 31.35
}