{
  "ts": "2026-06-08T18:14:46.783Z",
  "xauusd": 4343.899902,
  "xagusd": 68.603996,
  "fng": {
    "value": 8,
    "classification": "Extreme Fear"
  },
  "usd_thb": 32.79
}