{
  "ts": "2026-01-05T13:58:14.271Z",
  "xauusd": 4414.200195,
  "xagusd": 75.379997,
  "fng": {
    "value": 26,
    "classification": "Fear"
  },
  "usd_thb": 31.35
}