{
  "ts": "2025-11-13T09:43:00.118Z",
  "xauusd": 4219.299805,
  "xagusd": 54.130001,
  "fng": {
    "value": 15,
    "classification": "Extreme Fear"
  },
  "usd_thb": 32.31
}