{
  "ts": "2025-08-27T05:52:35.582Z",
  "xauusd": 3379.100098,
  "xagusd": 38.574001,
  "fng": {
    "value": 51,
    "classification": "Neutral"
  },
  "usd_thb": 32.5
}