{
  "ts": "2025-11-07T10:26:08.035Z",
  "xauusd": 4010.100098,
  "xagusd": 48.834999,
  "fng": {
    "value": 24,
    "classification": "Extreme Fear"
  },
  "usd_thb": 32.35
}