{
  "ts": "2025-09-18T11:25:24.552Z",
  "xauusd": 3669.100098,
  "xagusd": 41.903999,
  "fng": {
    "value": 52,
    "classification": "Neutral"
  },
  "usd_thb": 31.8
}