{
  "ts": "2026-01-20T06:39:57.815Z",
  "xauusd": 4710.200195,
  "xagusd": 93.596001,
  "fng": {
    "value": 32,
    "classification": "Fear"
  },
  "usd_thb": 31.12
}