{
  "ts": "2025-12-31T00:00:10.564Z",
  "xauusd": 4340.200195,
  "xagusd": 75.271004,
  "fng": {
    "value": 21,
    "classification": "Extreme Fear"
  },
  "usd_thb": 31.39
}