{
  "ts": "2026-04-23T23:56:35.101Z",
  "xauusd": 4698.600098,
  "xagusd": 75.711998,
  "fng": {
    "value": 46,
    "classification": "Fear"
  },
  "usd_thb": 32.42
}