{
  "ts": "2025-10-06T09:28:13.981Z",
  "xauusd": 3941.600098,
  "xagusd": 48.698002,
  "fng": {
    "value": 71,
    "classification": "Greed"
  },
  "usd_thb": 32.45
}