{
  "ts": "2025-12-01T13:10:54.382Z",
  "xauusd": 4255.600098,
  "xagusd": 57.441002,
  "fng": {
    "value": 24,
    "classification": "Extreme Fear"
  },
  "usd_thb": 31.93
}