{
  "ts": "2025-08-27T13:40:08.174Z",
  "xauusd": 3381.100098,
  "xagusd": 38.220001,
  "fng": {
    "value": 51,
    "classification": "Neutral"
  },
  "usd_thb": 32.49
}