{
  "ts": "2025-08-28T19:07:22.150Z",
  "xauusd": 3421.100098,
  "xagusd": 39.147999,
  "fng": {
    "value": 48,
    "classification": "Neutral"
  },
  "usd_thb": 32.25
}