{
  "ts": "2026-01-27T19:51:13.245Z",
  "xauusd": 5092.200195,
  "xagusd": 109.052002,
  "fng": {
    "value": 29,
    "classification": "Fear"
  },
  "usd_thb": 30.96
}