{
  "ts": "2026-01-09T07:33:23.255Z",
  "xauusd": 4472.399902,
  "xagusd": 77.245003,
  "fng": {
    "value": 27,
    "classification": "Fear"
  },
  "usd_thb": 31.39
}