{
  "ts": "2026-01-12T23:11:21.938Z",
  "xauusd": 4594.899902,
  "xagusd": 84.913002,
  "fng": {
    "value": 27,
    "classification": "Fear"
  },
  "usd_thb": 31.18
}