{
  "ts": "2026-03-19T16:29:44.377Z",
  "xauusd": 4602.299805,
  "xagusd": 70.623001,
  "fng": {
    "value": 23,
    "classification": "Extreme Fear"
  },
  "usd_thb": 32.74
}