{
  "ts": "2025-10-27T23:27:25.760Z",
  "xauusd": 3994.699951,
  "xagusd": 47.044998,
  "fng": {
    "value": 51,
    "classification": "Neutral"
  },
  "usd_thb": 32.64
}