{
  "ts": "2025-09-26T04:48:38.648Z",
  "xauusd": 3746.399902,
  "xagusd": 44.808998,
  "fng": {
    "value": 28,
    "classification": "Fear"
  },
  "usd_thb": 32.25
}