{
  "ts": "2025-10-15T21:39:28.345Z",
  "xauusd": 4209.200195,
  "xagusd": 53.091999,
  "fng": {
    "value": 34,
    "classification": "Fear"
  },
  "usd_thb": 32.57
}