{
  "ts": "2025-11-26T03:21:01.536Z",
  "xauusd": 4165.299805,
  "xagusd": 51.984001,
  "fng": {
    "value": 15,
    "classification": "Extreme Fear"
  },
  "usd_thb": 32.22
}