{
  "ts": "2025-12-29T03:22:56.159Z",
  "xauusd": 4516.399902,
  "xagusd": 79.919998,
  "fng": {
    "value": 24,
    "classification": "Extreme Fear"
  },
  "usd_thb": 31.07
}