{
  "ts": "2026-03-24T11:24:14.274Z",
  "xauusd": 4415.600098,
  "xagusd": 70.218002,
  "fng": {
    "value": 11,
    "classification": "Extreme Fear"
  },
  "usd_thb": 32.51
}