{
  "ts": "2025-10-23T03:27:23.529Z",
  "xauusd": 4100.799805,
  "xagusd": 48.748001,
  "fng": {
    "value": 27,
    "classification": "Fear"
  },
  "usd_thb": 32.81
}