{
  "ts": "2025-11-14T15:44:24.663Z",
  "xauusd": 4075.899902,
  "xagusd": 51.080002,
  "fng": {
    "value": 16,
    "classification": "Extreme Fear"
  },
  "usd_thb": 32.43
}