{
  "ts": "2025-09-30T17:33:00.778Z",
  "xauusd": 3847.600098,
  "xagusd": 46.504002,
  "fng": {
    "value": 50,
    "classification": "Neutral"
  },
  "usd_thb": 32.38
}