{
  "ts": "2025-10-03T07:13:42.215Z",
  "xauusd": 3858.699951,
  "xagusd": 47.311001,
  "fng": {
    "value": 63,
    "classification": "Greed"
  },
  "usd_thb": 32.43
}