{
  "ts": "2025-09-18T14:55:02.773Z",
  "xauusd": 3646.199951,
  "xagusd": 41.748001,
  "fng": {
    "value": 52,
    "classification": "Neutral"
  },
  "usd_thb": 31.9
}