{
  "ts": "2025-11-04T06:00:12.668Z",
  "xauusd": 3975.899902,
  "xagusd": 47.627998,
  "fng": {
    "value": 21,
    "classification": "Extreme Fear"
  },
  "usd_thb": 32.53
}