{
  "ts": "2026-04-23T15:00:15.293Z",
  "xauusd": 4734.899902,
  "xagusd": 76.336998,
  "fng": {
    "value": 46,
    "classification": "Fear"
  },
  "usd_thb": 32.31
}