{
  "ts": "2026-02-27T11:20:26.755Z",
  "xauusd": 5175.700195,
  "xagusd": 89.870003,
  "fng": {
    "value": 13,
    "classification": "Extreme Fear"
  },
  "usd_thb": 31.08
}