{
  "ts": "2025-11-17T18:58:55.336Z",
  "xauusd": 4065.899902,
  "xagusd": 50.719002,
  "fng": {
    "value": 14,
    "classification": "Extreme Fear"
  },
  "usd_thb": 32.44
}