{
  "ts": "2026-04-23T10:47:01.809Z",
  "xauusd": 4693.600098,
  "xagusd": 74.703003,
  "fng": {
    "value": 46,
    "classification": "Fear"
  },
  "usd_thb": 32.41
}