{
  "ts": "2025-12-31T08:47:11.754Z",
  "xauusd": 4318.200195,
  "xagusd": 72.103996,
  "fng": {
    "value": 21,
    "classification": "Extreme Fear"
  },
  "usd_thb": 31.55
}