{
  "ts": "2025-09-17T05:56:01.352Z",
  "xauusd": 3679.300049,
  "xagusd": 42.007999,
  "fng": {
    "value": 53,
    "classification": "Neutral"
  },
  "usd_thb": 31.72
}