{
  "ts": "2025-11-10T05:15:16.004Z",
  "xauusd": 4051.899902,
  "xagusd": 49.244999,
  "fng": {
    "value": 29,
    "classification": "Fear"
  },
  "usd_thb": 32.26
}