{
  "ts": "2025-10-27T07:44:50.196Z",
  "xauusd": 4070.899902,
  "xagusd": 48.198002,
  "fng": {
    "value": 51,
    "classification": "Neutral"
  },
  "usd_thb": 32.7
}