{
  "ts": "2025-09-10T12:21:33.779Z",
  "xauusd": 3648.55249,
  "xagusd": 41.141701,
  "fng": {
    "value": 49,
    "classification": "Neutral"
  },
  "usd_thb": 31.8
}