{
  "ts": "2025-10-28T08:44:10.609Z",
  "xauusd": 3906.399902,
  "xagusd": 45.807999,
  "fng": {
    "value": 50,
    "classification": "Neutral"
  },
  "usd_thb": 32.51
}