{
  "ts": "2025-08-18T11:53:28.807Z",
  "xauusd": 3347.600098,
  "xagusd": 38.130001,
  "fng": {
    "value": 60,
    "classification": "Greed"
  },
  "usd_thb": 32.46
}