{
  "ts": "2025-11-14T05:55:44.807Z",
  "xauusd": 4193.200195,
  "xagusd": 53.047001,
  "fng": {
    "value": 16,
    "classification": "Extreme Fear"
  },
  "usd_thb": 32.32
}