{
  "ts": "2026-06-12T16:34:18.503Z",
  "xauusd": 4218.399902,
  "xagusd": 67.869003,
  "fng": {
    "value": 12,
    "classification": "Extreme Fear"
  },
  "usd_thb": 32.71
}