{
  "ts": "2025-09-08T16:31:56.242Z",
  "xauusd": 3640.32251,
  "xagusd": 41.288399,
  "fng": {
    "value": 51,
    "classification": "Neutral"
  },
  "usd_thb": 31.71
}