{
  "ts": "2026-04-14T05:47:47.489Z",
  "xauusd": 4763.700195,
  "xagusd": 76.841003,
  "fng": {
    "value": 21,
    "classification": "Extreme Fear"
  },
  "usd_thb": 32.04
}