{
  "ts": "2025-11-05T04:57:37.580Z",
  "xauusd": 3970.699951,
  "xagusd": 47.800999,
  "fng": {
    "value": 23,
    "classification": "Extreme Fear"
  },
  "usd_thb": 32.55
}