{
  "ts": "2025-12-11T21:28:18.977Z",
  "xauusd": 4279.200195,
  "xagusd": 63.667999,
  "fng": {
    "value": 29,
    "classification": "Fear"
  },
  "usd_thb": 31.63
}