{
  "ts": "2025-08-22T15:15:15.547Z",
  "xauusd": 3377.399902,
  "xagusd": 39.092999,
  "fng": {
    "value": 50,
    "classification": "Neutral"
  },
  "usd_thb": 32.32
}