{
  "ts": "2025-11-18T19:15:13.920Z",
  "xauusd": 4077.399902,
  "xagusd": 51.015999,
  "fng": {
    "value": 11,
    "classification": "Extreme Fear"
  },
  "usd_thb": 32.36
}