{
  "ts": "2025-09-24T15:32:19.193Z",
  "xauusd": 3749.399902,
  "xagusd": 44.078999,
  "fng": {
    "value": 44,
    "classification": "Fear"
  },
  "usd_thb": 32.08
}