{
  "ts": "2025-09-11T04:42:28.951Z",
  "xauusd": 3630.482422,
  "xagusd": 41.130001,
  "fng": {
    "value": 54,
    "classification": "Neutral"
  },
  "usd_thb": 31.79
}