{
  "ts": "2025-11-12T06:59:13.752Z",
  "xauusd": 4118.700195,
  "xagusd": 51.588001,
  "fng": {
    "value": 24,
    "classification": "Extreme Fear"
  },
  "usd_thb": 32.5
}