{
  "ts": "2025-09-10T17:42:08.691Z",
  "xauusd": 3647.399902,
  "xagusd": 41.231998,
  "fng": {
    "value": 49,
    "classification": "Neutral"
  },
  "usd_thb": 31.75
}