{
  "ts": "2026-06-03T12:01:02.219Z",
  "xauusd": 4463.600098,
  "xagusd": 74.649002,
  "fng": {
    "value": 11,
    "classification": "Extreme Fear"
  },
  "usd_thb": 32.7
}