{
  "ts": "2026-01-08T14:27:20.141Z",
  "xauusd": 4430.700195,
  "xagusd": 74.434998,
  "fng": {
    "value": 28,
    "classification": "Fear"
  },
  "usd_thb": 31.59
}