{
  "ts": "2026-01-06T08:58:57.469Z",
  "xauusd": 4469.100098,
  "xagusd": 78.557999,
  "fng": {
    "value": 44,
    "classification": "Fear"
  },
  "usd_thb": 31.17
}