{
  "ts": "2025-08-21T16:00:15.251Z",
  "xauusd": 3344.399902,
  "xagusd": 38.219002,
  "fng": {
    "value": 50,
    "classification": "Neutral"
  },
  "usd_thb": 32.69
}