{
  "ts": "2025-12-09T05:23:16.276Z",
  "xauusd": 4185.700195,
  "xagusd": 58.182999,
  "fng": {
    "value": 22,
    "classification": "Extreme Fear"
  },
  "usd_thb": 31.88
}