{
  "ts": "2026-01-27T23:38:33.319Z",
  "xauusd": 5166.399902,
  "xagusd": 111.539001,
  "fng": {
    "value": 29,
    "classification": "Fear"
  },
  "usd_thb": 30.939
}