{
  "ts": "2025-09-12T09:40:54.759Z",
  "xauusd": 3644.699951,
  "xagusd": 42.341999,
  "fng": {
    "value": 57,
    "classification": "Greed"
  },
  "usd_thb": 31.75
}