{
  "ts": "2025-10-23T19:38:29.038Z",
  "xauusd": 4126.100098,
  "xagusd": 49.025002,
  "fng": {
    "value": 27,
    "classification": "Fear"
  },
  "usd_thb": 32.79
}