{
  "ts": "2025-09-05T07:38:54.501Z",
  "xauusd": 3548.300049,
  "xagusd": 40.827999,
  "fng": {
    "value": 48,
    "classification": "Neutral"
  },
  "usd_thb": 32.19
}