{
  "ts": "2025-12-18T19:15:56.296Z",
  "xauusd": 4330.299805,
  "xagusd": 65.290001,
  "fng": {
    "value": 17,
    "classification": "Extreme Fear"
  },
  "usd_thb": 31.4
}