{
  "ts": "2025-11-27T15:15:48.924Z",
  "xauusd": 4158.399902,
  "xagusd": 53.242001,
  "fng": {
    "value": 22,
    "classification": "Extreme Fear"
  },
  "usd_thb": 32.23
}