{
  "ts": "2025-08-25T23:50:50.146Z",
  "xauusd": 3354.300049,
  "xagusd": 38.455002,
  "fng": {
    "value": 47,
    "classification": "Neutral"
  },
  "usd_thb": 32.5
}