{
  "ts": "2026-02-11T21:22:30.121Z",
  "xauusd": 5093.600098,
  "xagusd": 84.705002,
  "fng": {
    "value": 11,
    "classification": "Extreme Fear"
  },
  "usd_thb": 31.02
}