{
  "ts": "2025-09-03T19:44:38.448Z",
  "xauusd": 3564.899902,
  "xagusd": 41.183998,
  "fng": {
    "value": 55,
    "classification": "Greed"
  },
  "usd_thb": 32.28
}