{
  "ts": "2025-08-19T20:45:58.978Z",
  "xauusd": 3316.699951,
  "xagusd": 37.419998,
  "fng": {
    "value": 56,
    "classification": "Greed"
  },
  "usd_thb": 32.58
}