{
  "ts": "2025-09-01T12:33:30.412Z",
  "xauusd": 3470.800049,
  "xagusd": 40.542999,
  "fng": {
    "value": 46,
    "classification": "Fear"
  },
  "usd_thb": 32.3
}