{
  "ts": "2025-12-16T05:48:32.647Z",
  "xauusd": 4284.100098,
  "xagusd": 62.764999,
  "fng": {
    "value": 11,
    "classification": "Extreme Fear"
  },
  "usd_thb": 31.53
}