{
  "ts": "2025-11-24T15:51:30.158Z",
  "xauusd": 4093.800049,
  "xagusd": 50.491001,
  "fng": {
    "value": 19,
    "classification": "Extreme Fear"
  },
  "usd_thb": 32.4
}