{
  "ts": "2025-10-02T19:33:10.164Z",
  "xauusd": 3857.399902,
  "xagusd": 46.911999,
  "fng": {
    "value": 64,
    "classification": "Greed"
  },
  "usd_thb": 32.43
}