{
  "ts": "2025-12-29T17:59:39.415Z",
  "xauusd": 4330.299805,
  "xagusd": 71.779999,
  "fng": {
    "value": 24,
    "classification": "Extreme Fear"
  },
  "usd_thb": 31.64
}