{
  "ts": "2025-10-16T10:42:07.187Z",
  "xauusd": 4238.299805,
  "xagusd": 53.011002,
  "fng": {
    "value": 28,
    "classification": "Fear"
  },
  "usd_thb": 32.55
}