{
  "ts": "2025-10-08T19:13:40.811Z",
  "xauusd": 4040.800049,
  "xagusd": 49.203999,
  "fng": {
    "value": 60,
    "classification": "Greed"
  },
  "usd_thb": 32.44
}