{
  "ts": "2025-11-25T16:35:35.400Z",
  "xauusd": 4138.700195,
  "xagusd": 51.080002,
  "fng": {
    "value": 20,
    "classification": "Extreme Fear"
  },
  "usd_thb": 32.25
}