{
  "ts": "2025-12-04T05:16:15.836Z",
  "xauusd": 4195.399902,
  "xagusd": 58.181999,
  "fng": {
    "value": 26,
    "classification": "Fear"
  },
  "usd_thb": 32
}