{
  "ts": "2026-04-10T09:53:00.499Z",
  "xauusd": 4751.100098,
  "xagusd": 75.357002,
  "fng": {
    "value": 16,
    "classification": "Extreme Fear"
  },
  "usd_thb": 32.13
}