{
  "ts": "2026-01-02T02:11:39.870Z",
  "xauusd": 4348.200195,
  "xagusd": 72.974998,
  "fng": {
    "value": 28,
    "classification": "Fear"
  },
  "usd_thb": 31.43
}