{
  "ts": "2026-03-24T23:15:45.452Z",
  "xauusd": 4485.899902,
  "xagusd": 71.781998,
  "fng": {
    "value": 11,
    "classification": "Extreme Fear"
  },
  "usd_thb": 32.44
}