{
  "ts": "2026-02-17T19:52:11.146Z",
  "xauusd": 4886.299805,
  "xagusd": 73.807999,
  "fng": {
    "value": 10,
    "classification": "Extreme Fear"
  },
  "usd_thb": 31.25
}