{
  "ts": "2025-10-06T08:33:53.910Z",
  "xauusd": 3942.199951,
  "xagusd": 48.658001,
  "fng": {
    "value": 71,
    "classification": "Greed"
  },
  "usd_thb": 32.37
}