{
  "ts": "2025-09-01T04:56:59.687Z",
  "xauusd": 3475.899902,
  "xagusd": 40.492001,
  "fng": {
    "value": 46,
    "classification": "Fear"
  },
  "usd_thb": 32.31
}