{
  "ts": "2026-02-04T12:35:30.956Z",
  "xauusd": 5062.799805,
  "xagusd": 90.482002,
  "fng": {
    "value": 14,
    "classification": "Extreme Fear"
  },
  "usd_thb": 31.6
}