{
  "ts": "2025-09-24T05:53:25.192Z",
  "xauusd": 3776.199951,
  "xagusd": 44.297001,
  "fng": {
    "value": 44,
    "classification": "Fear"
  },
  "usd_thb": 31.95
}