{
  "ts": "2025-12-05T21:47:33.011Z",
  "xauusd": 4196.899902,
  "xagusd": 58.317001,
  "fng": {
    "value": 28,
    "classification": "Fear"
  },
  "usd_thb": 31.89
}