{
  "ts": "2025-11-20T07:26:55.105Z",
  "xauusd": 4061.800049,
  "xagusd": 51.182999,
  "fng": {
    "value": 11,
    "classification": "Extreme Fear"
  },
  "usd_thb": 32.46
}