{
  "ts": "2025-10-14T18:36:46.345Z",
  "xauusd": 4146.799805,
  "xagusd": 51.921001,
  "fng": {
    "value": 38,
    "classification": "Fear"
  },
  "usd_thb": 32.66
}