{
  "ts": "2026-01-06T03:18:41.113Z",
  "xauusd": 4465.799805,
  "xagusd": 78.704002,
  "fng": {
    "value": 44,
    "classification": "Fear"
  },
  "usd_thb": 31.21
}