{
  "ts": "2025-09-09T22:35:56.628Z",
  "xauusd": 3626.199951,
  "xagusd": 40.817001,
  "fng": {
    "value": 48,
    "classification": "Neutral"
  },
  "usd_thb": 31.76
}