{
  "ts": "2025-09-16T14:59:14.472Z",
  "xauusd": 3689.199951,
  "xagusd": 42.669998,
  "fng": {
    "value": 52,
    "classification": "Neutral"
  },
  "usd_thb": 31.68
}