{
  "ts": "2025-12-22T06:22:28.883Z",
  "xauusd": 4404.299805,
  "xagusd": 69.122002,
  "fng": {
    "value": 25,
    "classification": "Extreme Fear"
  },
  "usd_thb": 31.23
}