{
  "ts": "2026-04-24T02:39:14.208Z",
  "xauusd": 4686.299805,
  "xagusd": 75.365997,
  "fng": {
    "value": 39,
    "classification": "Fear"
  },
  "usd_thb": 32.45
}