{
  "ts": "2025-10-06T13:58:36.848Z",
  "xauusd": 3944.899902,
  "xagusd": 48.662998,
  "fng": {
    "value": 71,
    "classification": "Greed"
  },
  "usd_thb": 32.4
}