{
  "ts": "2025-11-11T01:17:55.764Z",
  "xauusd": 4137.100098,
  "xagusd": 50.901001,
  "fng": {
    "value": 26,
    "classification": "Fear"
  },
  "usd_thb": 32.37
}