{
  "ts": "2025-11-26T20:58:09.821Z",
  "xauusd": 4165.600098,
  "xagusd": 53.337002,
  "fng": {
    "value": 15,
    "classification": "Extreme Fear"
  },
  "usd_thb": 32.22
}