{
  "ts": "2025-09-16T11:27:14.457Z",
  "xauusd": 3692.800049,
  "xagusd": 42.810001,
  "fng": {
    "value": 52,
    "classification": "Neutral"
  },
  "usd_thb": 31.71
}