{
  "ts": "2025-10-30T08:59:37.327Z",
  "xauusd": 3975.600098,
  "xagusd": 47.991001,
  "fng": {
    "value": 34,
    "classification": "Fear"
  },
  "usd_thb": 32.41
}