{
  "ts": "2026-02-12T23:47:14.736Z",
  "xauusd": 4907.399902,
  "xagusd": 74.688004,
  "fng": {
    "value": 5,
    "classification": "Extreme Fear"
  },
  "usd_thb": 31.09
}