{
  "ts": "2026-04-10T15:36:41.219Z",
  "xauusd": 4771.200195,
  "xagusd": 76.455002,
  "fng": {
    "value": 16,
    "classification": "Extreme Fear"
  },
  "usd_thb": 32.03
}