{
  "ts": "2025-09-26T09:55:55.868Z",
  "xauusd": 3750.800049,
  "xagusd": 45.120998,
  "fng": {
    "value": 28,
    "classification": "Fear"
  },
  "usd_thb": 32.23
}