{
  "ts": "2026-03-04T06:50:32.148Z",
  "xauusd": 5152.700195,
  "xagusd": 84.876999,
  "fng": {
    "value": 10,
    "classification": "Extreme Fear"
  },
  "usd_thb": 31.59
}