{
  "ts": "2025-12-12T15:38:41.583Z",
  "xauusd": 4311.299805,
  "xagusd": 62.912998,
  "fng": {
    "value": 29,
    "classification": "Fear"
  },
  "usd_thb": 31.56
}