{
  "ts": "2026-03-12T14:34:50.369Z",
  "xauusd": 5150.399902,
  "xagusd": 85.786003,
  "fng": {
    "value": 18,
    "classification": "Extreme Fear"
  },
  "usd_thb": 32.09
}