{
  "ts": "2025-09-05T06:13:26.139Z",
  "xauusd": 3554.699951,
  "xagusd": 40.900002,
  "fng": {
    "value": 48,
    "classification": "Neutral"
  },
  "usd_thb": 32.19
}