{
  "ts": "2026-01-01T23:40:47.628Z",
  "xauusd": 4341.200195,
  "xagusd": 72.637001,
  "fng": {
    "value": 20,
    "classification": "Extreme Fear"
  },
  "usd_thb": 31.43
}