{
  "ts": "2025-10-31T14:13:56.122Z",
  "xauusd": 4021.199951,
  "xagusd": 48.993999,
  "fng": {
    "value": 29,
    "classification": "Fear"
  },
  "usd_thb": 32.35
}