{
  "ts": "2025-11-28T13:27:14.721Z",
  "xauusd": 4170.700195,
  "xagusd": 53.950001,
  "fng": {
    "value": 25,
    "classification": "Extreme Fear"
  },
  "usd_thb": 32.19
}