{
  "ts": "2025-10-01T19:39:24.036Z",
  "xauusd": 3866.899902,
  "xagusd": 47.462002,
  "fng": {
    "value": 49,
    "classification": "Neutral"
  },
  "usd_thb": 32.43
}