{
  "ts": "2026-01-14T05:58:21.362Z",
  "xauusd": 4631.200195,
  "xagusd": 89.733002,
  "fng": {
    "value": 48,
    "classification": "Neutral"
  },
  "usd_thb": 31.31
}