{
  "ts": "2025-09-24T10:51:59.092Z",
  "xauusd": 3762.100098,
  "xagusd": 43.959999,
  "fng": {
    "value": 44,
    "classification": "Fear"
  },
  "usd_thb": 32
}