{
  "ts": "2026-01-20T23:47:14.938Z",
  "xauusd": 4773.700195,
  "xagusd": 94.859001,
  "fng": {
    "value": 32,
    "classification": "Fear"
  },
  "usd_thb": 31.01
}