{
  "ts": "2026-05-10T22:08:14.107Z",
  "xauusd": 4682.200195,
  "xagusd": 79.287003,
  "fng": {
    "value": 47,
    "classification": "Neutral"
  },
  "usd_thb": 32.15
}