{
  "ts": "2025-12-18T11:37:15.326Z",
  "xauusd": 4327.299805,
  "xagusd": 66.221001,
  "fng": {
    "value": 17,
    "classification": "Extreme Fear"
  },
  "usd_thb": 31.43
}