{
  "ts": "2026-04-10T13:56:29.977Z",
  "xauusd": 4777.299805,
  "xagusd": 76.424004,
  "fng": {
    "value": 16,
    "classification": "Extreme Fear"
  },
  "usd_thb": 31.96
}