{
  "ts": "2025-11-01T21:57:08.525Z",
  "xauusd": 4003.100098,
  "xagusd": 48.719002,
  "fng": {
    "value": 33,
    "classification": "Fear"
  },
  "usd_thb": 32.22
}