{
  "ts": "2026-02-02T16:04:58.065Z",
  "xauusd": 4634.100098,
  "xagusd": 76.566002,
  "fng": {
    "value": 14,
    "classification": "Extreme Fear"
  },
  "usd_thb": 31.54
}