{
  "ts": "2025-11-11T07:31:29.665Z",
  "xauusd": 4131.399902,
  "xagusd": 50.768002,
  "fng": {
    "value": 26,
    "classification": "Fear"
  },
  "usd_thb": 32.39
}