{
  "ts": "2025-12-24T10:48:19.927Z",
  "xauusd": 4489.100098,
  "xagusd": 72.096001,
  "fng": {
    "value": 24,
    "classification": "Extreme Fear"
  },
  "usd_thb": 30.99
}