{
  "ts": "2025-12-23T15:25:07.477Z",
  "xauusd": 4446.799805,
  "xagusd": 69.304001,
  "fng": {
    "value": 24,
    "classification": "Extreme Fear"
  },
  "usd_thb": 31.09
}