{
  "ts": "2025-10-30T10:58:14.378Z",
  "xauusd": 3987.100098,
  "xagusd": 48.134998,
  "fng": {
    "value": 34,
    "classification": "Fear"
  },
  "usd_thb": 32.42
}