{
  "ts": "2025-09-12T15:38:32.733Z",
  "xauusd": 3647.100098,
  "xagusd": 42.257999,
  "fng": {
    "value": 57,
    "classification": "Greed"
  },
  "usd_thb": 31.75
}