{
  "ts": "2026-04-08T21:24:05.504Z",
  "xauusd": 4724.899902,
  "xagusd": 74.450996,
  "fng": {
    "value": 17,
    "classification": "Extreme Fear"
  },
  "usd_thb": 31.99
}