{
  "ts": "2025-09-24T03:55:16.810Z",
  "xauusd": 3765.800049,
  "xagusd": 44.148998,
  "fng": {
    "value": 44,
    "classification": "Fear"
  },
  "usd_thb": 31.92
}