{
  "ts": "2025-09-29T14:36:04.686Z",
  "xauusd": 3826.100098,
  "xagusd": 46.962002,
  "fng": {
    "value": 50,
    "classification": "Neutral"
  },
  "usd_thb": 32.22
}