{
  "ts": "2025-09-03T18:45:38.327Z",
  "xauusd": 3569.600098,
  "xagusd": 41.230999,
  "fng": {
    "value": 55,
    "classification": "Greed"
  },
  "usd_thb": 32.28
}