{
  "ts": "2025-10-27T06:40:39.721Z",
  "xauusd": 4084.199951,
  "xagusd": 48.394001,
  "fng": {
    "value": 51,
    "classification": "Neutral"
  },
  "usd_thb": 32.67
}