{
  "ts": "2026-04-01T19:16:11.256Z",
  "xauusd": 4760.799805,
  "xagusd": 75.432999,
  "fng": {
    "value": 8,
    "classification": "Extreme Fear"
  },
  "usd_thb": 32.65
}