{
  "ts": "2025-08-29T12:44:22.138Z",
  "xauusd": 3413.600098,
  "xagusd": 38.953999,
  "fng": {
    "value": 50,
    "classification": "Neutral"
  },
  "usd_thb": 32.4
}