{
  "ts": "2025-10-27T07:35:43.404Z",
  "xauusd": 4070.899902,
  "xagusd": 48.251999,
  "fng": {
    "value": 51,
    "classification": "Neutral"
  },
  "usd_thb": 32.7
}