{
  "ts": "2025-09-16T05:51:25.635Z",
  "xauusd": 3681.300049,
  "xagusd": 42.675999,
  "fng": {
    "value": 52,
    "classification": "Neutral"
  },
  "usd_thb": 31.73
}