{
  "ts": "2025-10-28T18:55:02.588Z",
  "xauusd": 3956.399902,
  "xagusd": 47.108002,
  "fng": {
    "value": 50,
    "classification": "Neutral"
  },
  "usd_thb": 32.34
}