{
  "ts": "2025-09-29T06:32:19.148Z",
  "xauusd": 3815.399902,
  "xagusd": 47.061001,
  "fng": {
    "value": 50,
    "classification": "Neutral"
  },
  "usd_thb": 32.23
}