{
  "ts": "2026-04-30T23:30:28.554Z",
  "xauusd": 4632.399902,
  "xagusd": 74.329002,
  "fng": {
    "value": 29,
    "classification": "Fear"
  },
  "usd_thb": 32.45
}