{
  "ts": "2025-10-20T02:46:31.662Z",
  "xauusd": 4262.399902,
  "xagusd": 52.237999,
  "fng": {
    "value": 29,
    "classification": "Fear"
  },
  "usd_thb": 32.74
}