{
  "ts": "2025-12-16T01:12:32.333Z",
  "xauusd": 4304.799805,
  "xagusd": 63.521999,
  "fng": {
    "value": 11,
    "classification": "Extreme Fear"
  },
  "usd_thb": 31.53
}