{
  "ts": "2025-11-11T20:59:46.866Z",
  "xauusd": 4131.700195,
  "xagusd": 51.238998,
  "fng": {
    "value": 26,
    "classification": "Fear"
  },
  "usd_thb": 32.43
}