{
  "ts": "2025-09-25T05:25:24.379Z",
  "xauusd": 3735.800049,
  "xagusd": 43.971001,
  "fng": {
    "value": 44,
    "classification": "Fear"
  },
  "usd_thb": 32.14
}