{
  "ts": "2025-09-09T10:37:21.644Z",
  "xauusd": 3652.820068,
  "xagusd": 41.324001,
  "fng": {
    "value": 48,
    "classification": "Neutral"
  },
  "usd_thb": 31.62
}