{
  "ts": "2025-11-03T16:40:18.593Z",
  "xauusd": 4002.699951,
  "xagusd": 48.412998,
  "fng": {
    "value": 42,
    "classification": "Fear"
  },
  "usd_thb": 32.49
}