{
  "ts": "2025-10-03T17:49:41.884Z",
  "xauusd": 3883.600098,
  "xagusd": 47.938999,
  "fng": {
    "value": 63,
    "classification": "Greed"
  },
  "usd_thb": 32.31
}