{
  "ts": "2026-05-14T23:31:34.620Z",
  "xauusd": 4665.200195,
  "xagusd": 83.949997,
  "fng": {
    "value": 34,
    "classification": "Fear"
  },
  "usd_thb": 32.39
}