{
  "ts": "2025-12-23T10:57:35.554Z",
  "xauusd": 4485.899902,
  "xagusd": 69.775002,
  "fng": {
    "value": 24,
    "classification": "Extreme Fear"
  },
  "usd_thb": 31.06
}