{
  "ts": "2025-12-12T03:59:50.371Z",
  "xauusd": 4272.100098,
  "xagusd": 63.563999,
  "fng": {
    "value": 29,
    "classification": "Fear"
  },
  "usd_thb": 31.66
}