{
  "ts": "2025-10-17T06:45:34.151Z",
  "xauusd": 4365.299805,
  "xagusd": 54.328999,
  "fng": {
    "value": 22,
    "classification": "Extreme Fear"
  },
  "usd_thb": 32.58
}