{
  "ts": "2025-11-10T14:17:12.900Z",
  "xauusd": 4085.399902,
  "xagusd": 49.797001,
  "fng": {
    "value": 29,
    "classification": "Fear"
  },
  "usd_thb": 32.34
}