{
  "ts": "2025-09-15T03:57:04.975Z",
  "xauusd": 3647.199951,
  "xagusd": 42.349998,
  "fng": {
    "value": 53,
    "classification": "Neutral"
  },
  "usd_thb": 31.75
}