{
  "ts": "2026-01-13T23:32:46.466Z",
  "xauusd": 4597.600098,
  "xagusd": 87.875999,
  "fng": {
    "value": 26,
    "classification": "Fear"
  },
  "usd_thb": 31.39
}