{
  "ts": "2025-11-27T09:30:53.527Z",
  "xauusd": 4155.799805,
  "xagusd": 53.469002,
  "fng": {
    "value": 22,
    "classification": "Extreme Fear"
  },
  "usd_thb": 32.23
}