{
  "ts": "2025-10-21T08:44:31.483Z",
  "xauusd": 4266.899902,
  "xagusd": 49.616001,
  "fng": {
    "value": 34,
    "classification": "Fear"
  },
  "usd_thb": 32.73
}