{
  "ts": "2025-10-10T15:19:16.405Z",
  "xauusd": 4011.699951,
  "xagusd": 50.323002,
  "fng": {
    "value": 64,
    "classification": "Greed"
  },
  "usd_thb": 32.67
}