{
  "ts": "2026-01-13T04:27:47.677Z",
  "xauusd": 4598.899902,
  "xagusd": 85.905998,
  "fng": {
    "value": 26,
    "classification": "Fear"
  },
  "usd_thb": 31.26
}