{
  "ts": "2025-11-05T10:40:37.685Z",
  "xauusd": 3967.300049,
  "xagusd": 47.796001,
  "fng": {
    "value": 23,
    "classification": "Extreme Fear"
  },
  "usd_thb": 32.53
}