{
  "ts": "2025-10-10T16:49:12.135Z",
  "xauusd": 3987.399902,
  "xagusd": 49.821999,
  "fng": {
    "value": 64,
    "classification": "Greed"
  },
  "usd_thb": 32.68
}