{
  "ts": "2026-04-15T12:07:44.283Z",
  "xauusd": 4809.700195,
  "xagusd": 78.941002,
  "fng": {
    "value": 23,
    "classification": "Extreme Fear"
  },
  "usd_thb": 32.05
}