{
  "ts": "2026-01-13T13:11:15.285Z",
  "xauusd": 4584.799805,
  "xagusd": 86.887001,
  "fng": {
    "value": 26,
    "classification": "Fear"
  },
  "usd_thb": 31.42
}