{
  "ts": "2026-05-07T23:32:55.164Z",
  "xauusd": 4696.299805,
  "xagusd": 79.132004,
  "fng": {
    "value": 47,
    "classification": "Neutral"
  },
  "usd_thb": 32.28
}