{
  "ts": "2025-11-11T08:42:15.340Z",
  "xauusd": 4133.899902,
  "xagusd": 50.779999,
  "fng": {
    "value": 26,
    "classification": "Fear"
  },
  "usd_thb": 32.4
}