{
  "ts": "2026-01-19T11:38:47.810Z",
  "xauusd": 4665.299805,
  "xagusd": 93.401001,
  "fng": {
    "value": 44,
    "classification": "Fear"
  },
  "usd_thb": 31.24
}