{
  "ts": "2026-03-26T19:39:19.540Z",
  "xauusd": 4387.399902,
  "xagusd": 67.877998,
  "fng": {
    "value": 10,
    "classification": "Extreme Fear"
  },
  "usd_thb": 32.96
}