{
  "ts": "2025-11-03T21:17:39.102Z",
  "xauusd": 4005.899902,
  "xagusd": 48.217999,
  "fng": {
    "value": 42,
    "classification": "Fear"
  },
  "usd_thb": 32.49
}