{
  "ts": "2025-10-27T18:56:02.839Z",
  "xauusd": 4008.300049,
  "xagusd": 47.043999,
  "fng": {
    "value": 51,
    "classification": "Neutral"
  },
  "usd_thb": 32.66
}