{
  "ts": "2025-09-17T17:43:32.804Z",
  "xauusd": 3685.100098,
  "xagusd": 41.896999,
  "fng": {
    "value": 53,
    "classification": "Neutral"
  },
  "usd_thb": 31.69
}