{
  "ts": "2025-09-03T06:58:47.341Z",
  "xauusd": 3535.699951,
  "xagusd": 40.869999,
  "fng": {
    "value": 55,
    "classification": "Greed"
  },
  "usd_thb": 32.39
}