{
  "ts": "2026-01-26T10:00:13.170Z",
  "xauusd": 5083.600098,
  "xagusd": 109.147003,
  "fng": {
    "value": 20,
    "classification": "Extreme Fear"
  },
  "usd_thb": 31.072
}