{
  "ts": "2025-12-31T23:44:07.913Z",
  "xauusd": 4319.600098,
  "xagusd": 71.660004,
  "fng": {
    "value": 21,
    "classification": "Extreme Fear"
  },
  "usd_thb": 31.44
}