{
  "ts": "2025-08-25T17:17:42.039Z",
  "xauusd": 3375.199951,
  "xagusd": 38.787998,
  "fng": {
    "value": 47,
    "classification": "Neutral"
  },
  "usd_thb": 32.45
}