{
  "ts": "2025-08-20T11:01:07.331Z",
  "xauusd": 3326.600098,
  "xagusd": 37.120998,
  "fng": {
    "value": 44,
    "classification": "Fear"
  },
  "usd_thb": 32.55
}