{
  "ts": "2025-11-06T19:00:02.824Z",
  "xauusd": 3988.100098,
  "xagusd": 48.217999,
  "fng": {
    "value": 27,
    "classification": "Fear"
  },
  "usd_thb": 32.37
}