{
  "ts": "2025-11-19T07:52:44.137Z",
  "xauusd": 4095.100098,
  "xagusd": 51.507999,
  "fng": {
    "value": 15,
    "classification": "Extreme Fear"
  },
  "usd_thb": 32.4
}