{
  "ts": "2025-09-04T05:09:00.806Z",
  "xauusd": 3532.699951,
  "xagusd": 40.811001,
  "fng": {
    "value": 51,
    "classification": "Neutral"
  },
  "usd_thb": 32.34
}