{
  "ts": "2026-05-01T10:45:25.838Z",
  "xauusd": 4570.899902,
  "xagusd": 73.434998,
  "fng": {
    "value": 26,
    "classification": "Fear"
  },
  "usd_thb": 32.52
}