{
  "ts": "2025-12-19T02:53:10.670Z",
  "xauusd": 4318.299805,
  "xagusd": 64.947998,
  "fng": {
    "value": 16,
    "classification": "Extreme Fear"
  },
  "usd_thb": 31.46
}