{
  "ts": "2025-11-19T03:03:13.331Z",
  "xauusd": 4077.199951,
  "xagusd": 51.085999,
  "fng": {
    "value": 15,
    "classification": "Extreme Fear"
  },
  "usd_thb": 32.38
}