{
  "ts": "2026-05-22T01:31:26.176Z",
  "xauusd": 4530.299805,
  "xagusd": 76.474998,
  "fng": {
    "value": 28,
    "classification": "Fear"
  },
  "usd_thb": 32.63
}