{
  "ts": "2026-01-30T11:59:47.883Z",
  "xauusd": 5143.600098,
  "xagusd": 103.441002,
  "fng": {
    "value": 16,
    "classification": "Extreme Fear"
  },
  "usd_thb": 31.333
}