{
  "ts": "2025-09-18T22:29:45.256Z",
  "xauusd": 3642.800049,
  "xagusd": 41.853001,
  "fng": {
    "value": 52,
    "classification": "Neutral"
  },
  "usd_thb": 31.9
}