{
  "ts": "2025-10-03T14:44:31.893Z",
  "xauusd": 3874.899902,
  "xagusd": 47.807999,
  "fng": {
    "value": 63,
    "classification": "Greed"
  },
  "usd_thb": 32.35
}