{
  "ts": "2025-11-12T04:51:06.877Z",
  "xauusd": 4111.299805,
  "xagusd": 51.130001,
  "fng": {
    "value": 24,
    "classification": "Extreme Fear"
  },
  "usd_thb": 32.51
}