{
  "ts": "2025-12-31T13:06:07.457Z",
  "xauusd": 4314.200195,
  "xagusd": 71.948997,
  "fng": {
    "value": 21,
    "classification": "Extreme Fear"
  },
  "usd_thb": 31.61
}