{
  "ts": "2025-08-19T11:25:24.812Z",
  "xauusd": 3343.800049,
  "xagusd": 38.140999,
  "fng": {
    "value": 56,
    "classification": "Greed"
  },
  "usd_thb": 32.48
}