{
  "ts": "2026-04-23T21:24:12.555Z",
  "xauusd": 4693.799805,
  "xagusd": 75.561996,
  "fng": {
    "value": 46,
    "classification": "Fear"
  },
  "usd_thb": 32.43
}