{
  "ts": "2025-11-09T23:36:58.466Z",
  "xauusd": 4006.199951,
  "xagusd": 48.463001,
  "fng": {
    "value": 22,
    "classification": "Extreme Fear"
  },
  "usd_thb": 32.18
}