{
  "ts": "2025-08-25T22:53:53.151Z",
  "xauusd": 3365.600098,
  "xagusd": 38.588001,
  "fng": {
    "value": 47,
    "classification": "Neutral"
  },
  "usd_thb": 32.48
}