{
  "ts": "2025-11-24T19:13:04.744Z",
  "xauusd": 4120.100098,
  "xagusd": 50.994999,
  "fng": {
    "value": 19,
    "classification": "Extreme Fear"
  },
  "usd_thb": 32.36
}