{
  "ts": "2025-10-17T05:37:29.170Z",
  "xauusd": 4359.899902,
  "xagusd": 54.469002,
  "fng": {
    "value": 22,
    "classification": "Extreme Fear"
  },
  "usd_thb": 32.56
}