{
  "ts": "2025-12-05T16:24:29.730Z",
  "xauusd": 4210.100098,
  "xagusd": 58.285999,
  "fng": {
    "value": 28,
    "classification": "Fear"
  },
  "usd_thb": 31.9
}