{
  "ts": "2026-02-17T08:00:18.348Z",
  "xauusd": 4917.399902,
  "xagusd": 75.168999,
  "fng": {
    "value": 10,
    "classification": "Extreme Fear"
  },
  "usd_thb": 31.25
}