{
  "ts": "2025-10-28T19:37:37.694Z",
  "xauusd": 3957.899902,
  "xagusd": 47.161999,
  "fng": {
    "value": 50,
    "classification": "Neutral"
  },
  "usd_thb": 32.33
}