{
  "ts": "2025-11-12T21:50:24.554Z",
  "xauusd": 4200.399902,
  "xagusd": 53.457001,
  "fng": {
    "value": 24,
    "classification": "Extreme Fear"
  },
  "usd_thb": 32.35
}