{
  "ts": "2025-10-01T13:53:57.570Z",
  "xauusd": 3873.199951,
  "xagusd": 47.615002,
  "fng": {
    "value": 49,
    "classification": "Neutral"
  },
  "usd_thb": 32.34
}