{
  "ts": "2026-05-27T10:19:55.454Z",
  "xauusd": 4498.700195,
  "xagusd": 75.905998,
  "fng": {
    "value": 25,
    "classification": "Extreme Fear"
  },
  "usd_thb": 32.56
}