{
  "ts": "2025-10-31T17:36:29.757Z",
  "xauusd": 3987.199951,
  "xagusd": 48.529999,
  "fng": {
    "value": 29,
    "classification": "Fear"
  },
  "usd_thb": 32.4
}