{
  "ts": "2026-03-17T23:26:47.923Z",
  "xauusd": 5001.899902,
  "xagusd": 79.225998,
  "fng": {
    "value": 28,
    "classification": "Fear"
  },
  "usd_thb": 32.27
}