{
  "ts": "2025-09-21T23:57:35.261Z",
  "xauusd": 3686.88501,
  "xagusd": 43.132198,
  "fng": {
    "value": 49,
    "classification": "Neutral"
  },
  "usd_thb": 31.87
}