{
  "ts": "2025-12-17T13:24:02.236Z",
  "xauusd": 4330.100098,
  "xagusd": 65.942001,
  "fng": {
    "value": 16,
    "classification": "Extreme Fear"
  },
  "usd_thb": 31.47
}