{
  "ts": "2025-10-17T13:18:19.473Z",
  "xauusd": 4314.700195,
  "xagusd": 53.310001,
  "fng": {
    "value": 22,
    "classification": "Extreme Fear"
  },
  "usd_thb": 32.75
}