{
  "ts": "2026-03-23T17:30:32.711Z",
  "xauusd": 4406.100098,
  "xagusd": 69.504997,
  "fng": {
    "value": 8,
    "classification": "Extreme Fear"
  },
  "usd_thb": 32.31
}