{
  "ts": "2026-04-15T03:38:43.328Z",
  "xauusd": 4827.799805,
  "xagusd": 80.207001,
  "fng": {
    "value": 23,
    "classification": "Extreme Fear"
  },
  "usd_thb": 31.93
}