{
  "ts": "2025-08-28T10:50:25.942Z",
  "xauusd": 3396.699951,
  "xagusd": 38.953999,
  "fng": {
    "value": 48,
    "classification": "Neutral"
  },
  "usd_thb": 32.35
}