{
  "ts": "2026-03-06T14:23:11.903Z",
  "xauusd": 5096.799805,
  "xagusd": 82.788002,
  "fng": {
    "value": 18,
    "classification": "Extreme Fear"
  },
  "usd_thb": 31.94
}