{
  "ts": "2025-12-19T13:44:27.321Z",
  "xauusd": 4331.600098,
  "xagusd": 65.871002,
  "fng": {
    "value": 16,
    "classification": "Extreme Fear"
  },
  "usd_thb": 31.45
}