{
  "ts": "2025-09-16T13:49:05.916Z",
  "xauusd": 3694.899902,
  "xagusd": 42.869999,
  "fng": {
    "value": 52,
    "classification": "Neutral"
  },
  "usd_thb": 31.67
}