{
  "ts": "2025-10-24T19:08:40.911Z",
  "xauusd": 4117.100098,
  "xagusd": 48.657001,
  "fng": {
    "value": 30,
    "classification": "Fear"
  },
  "usd_thb": 32.67
}