{
  "ts": "2025-12-29T23:27:12.569Z",
  "xauusd": 4331.899902,
  "xagusd": 71.755997,
  "fng": {
    "value": 24,
    "classification": "Extreme Fear"
  },
  "usd_thb": 31.56
}