{
  "ts": "2025-10-21T17:32:07.644Z",
  "xauusd": 4101.299805,
  "xagusd": 48.452999,
  "fng": {
    "value": 34,
    "classification": "Fear"
  },
  "usd_thb": 32.87
}