{
  "ts": "2026-03-02T19:43:34.145Z",
  "xauusd": 5329.799805,
  "xagusd": 89.681999,
  "fng": {
    "value": 10,
    "classification": "Extreme Fear"
  },
  "usd_thb": 31.32
}