{
  "ts": "2025-08-26T02:03:52.127Z",
  "xauusd": 3377.699951,
  "xagusd": 38.755001,
  "fng": {
    "value": 48,
    "classification": "Neutral"
  },
  "usd_thb": 32.45
}