{
  "ts": "2025-10-28T15:29:50.116Z",
  "xauusd": 3958.600098,
  "xagusd": 47.030998,
  "fng": {
    "value": 50,
    "classification": "Neutral"
  },
  "usd_thb": 32.28
}