{
  "ts": "2025-08-20T00:43:07.531Z",
  "xauusd": 3314.300049,
  "xagusd": 37.393002,
  "fng": {
    "value": 44,
    "classification": "Fear"
  },
  "usd_thb": 32.59
}