{
  "ts": "2025-10-07T09:47:35.605Z",
  "xauusd": 3961.600098,
  "xagusd": 48.381001,
  "fng": {
    "value": 70,
    "classification": "Greed"
  },
  "usd_thb": 32.51
}