{
  "ts": "2025-08-26T14:22:09.131Z",
  "xauusd": 3374.699951,
  "xagusd": 38.571999,
  "fng": {
    "value": 48,
    "classification": "Neutral"
  },
  "usd_thb": 32.39
}