{
  "ts": "2025-09-08T09:49:22.338Z",
  "xauusd": 3615.199951,
  "xagusd": 41.172798,
  "fng": {
    "value": 51,
    "classification": "Neutral"
  },
  "usd_thb": 31.88
}