{
  "ts": "2025-10-14T21:49:01.471Z",
  "xauusd": 4143.200195,
  "xagusd": 51.549999,
  "fng": {
    "value": 38,
    "classification": "Fear"
  },
  "usd_thb": 32.7
}