{
  "ts": "2025-10-15T08:43:44.488Z",
  "xauusd": 4216.799805,
  "xagusd": 53.042999,
  "fng": {
    "value": 34,
    "classification": "Fear"
  },
  "usd_thb": 32.47
}