{
  "ts": "2025-08-20T21:55:05.623Z",
  "xauusd": 3349.100098,
  "xagusd": 37.949001,
  "fng": {
    "value": 44,
    "classification": "Fear"
  },
  "usd_thb": 32.56
}