{
  "ts": "2025-12-10T04:57:53.200Z",
  "xauusd": 4207.700195,
  "xagusd": 61.137001,
  "fng": {
    "value": 26,
    "classification": "Fear"
  },
  "usd_thb": 31.82
}