{
  "ts": "2025-12-17T07:59:49.456Z",
  "xauusd": 4318.799805,
  "xagusd": 65.720001,
  "fng": {
    "value": 16,
    "classification": "Extreme Fear"
  },
  "usd_thb": 31.5
}