{
  "ts": "2025-08-19T16:49:52.415Z",
  "xauusd": 3320.899902,
  "xagusd": 37.443001,
  "fng": {
    "value": 56,
    "classification": "Greed"
  },
  "usd_thb": 32.58
}