{
  "ts": "2026-05-05T06:06:01.295Z",
  "xauusd": 4545.399902,
  "xagusd": 73.293999,
  "fng": {
    "value": 50,
    "classification": "Neutral"
  },
  "usd_thb": 32.75
}