{
  "ts": "2026-02-27T21:35:58.948Z",
  "xauusd": 5262.799805,
  "xagusd": 93.884003,
  "fng": {
    "value": 13,
    "classification": "Extreme Fear"
  },
  "usd_thb": 31.01
}