{
  "ts": "2026-01-23T13:59:22.441Z",
  "xauusd": 4937.899902,
  "xagusd": 99.646004,
  "fng": {
    "value": 24,
    "classification": "Extreme Fear"
  },
  "usd_thb": 31.177
}