{
  "ts": "2025-11-23T23:31:25.499Z",
  "xauusd": 4072.199951,
  "xagusd": 50.234001,
  "fng": {
    "value": 13,
    "classification": "Extreme Fear"
  },
  "usd_thb": 32.49
}