{
  "ts": "2026-02-18T00:02:30.029Z",
  "xauusd": 4867.399902,
  "xagusd": 72.661003,
  "fng": {
    "value": 8,
    "classification": "Extreme Fear"
  },
  "usd_thb": 31.27
}