{
  "ts": "2025-10-01T04:59:01.600Z",
  "xauusd": 3864.899902,
  "xagusd": 47.147999,
  "fng": {
    "value": 49,
    "classification": "Neutral"
  },
  "usd_thb": 32.44
}