{
  "ts": "2025-09-30T09:35:48.312Z",
  "xauusd": 3807.100098,
  "xagusd": 46.108002,
  "fng": {
    "value": 50,
    "classification": "Neutral"
  },
  "usd_thb": 32.39
}