{
  "ts": "2025-09-17T07:58:52.483Z",
  "xauusd": 3669.100098,
  "xagusd": 41.799999,
  "fng": {
    "value": 53,
    "classification": "Neutral"
  },
  "usd_thb": 31.75
}