{
  "ts": "2025-12-11T08:23:12.751Z",
  "xauusd": 4217.600098,
  "xagusd": 62.132999,
  "fng": {
    "value": 29,
    "classification": "Fear"
  },
  "usd_thb": 31.76
}