{
  "ts": "2026-03-16T00:02:42.432Z",
  "xauusd": 5014.700195,
  "xagusd": 80.963997,
  "fng": {
    "value": 23,
    "classification": "Extreme Fear"
  },
  "usd_thb": 32.38
}