{
  "ts": "2025-12-03T20:32:19.167Z",
  "xauusd": 4211.200195,
  "xagusd": 58.584999,
  "fng": {
    "value": 28,
    "classification": "Fear"
  },
  "usd_thb": 31.9
}