{
  "ts": "2025-09-25T21:28:07.419Z",
  "xauusd": 3750.199951,
  "xagusd": 45.233002,
  "fng": {
    "value": 44,
    "classification": "Fear"
  },
  "usd_thb": 32.17
}