{
  "ts": "2026-03-19T21:51:25.125Z",
  "xauusd": 4650.700195,
  "xagusd": 72.936996,
  "fng": {
    "value": 23,
    "classification": "Extreme Fear"
  },
  "usd_thb": 32.42
}