{
  "ts": "2026-03-29T23:51:40.426Z",
  "xauusd": 4448.100098,
  "xagusd": 68.142998,
  "fng": {
    "value": 9,
    "classification": "Extreme Fear"
  },
  "usd_thb": 32.96
}