{
  "ts": "2025-09-06T20:31:41.340Z",
  "xauusd": 3586.754883,
  "xagusd": 41.019001,
  "fng": {
    "value": 48,
    "classification": "Neutral"
  },
  "usd_thb": 32.05
}