{
  "ts": "2025-09-17T18:53:17.949Z",
  "xauusd": 3657.199951,
  "xagusd": 41.492001,
  "fng": {
    "value": 53,
    "classification": "Neutral"
  },
  "usd_thb": 31.75
}