{
  "ts": "2025-10-29T23:44:44.419Z",
  "xauusd": 3946.699951,
  "xagusd": 47.762001,
  "fng": {
    "value": 51,
    "classification": "Neutral"
  },
  "usd_thb": 32.38
}