{
  "ts": "2026-01-14T08:59:13.104Z",
  "xauusd": 4634.899902,
  "xagusd": 90.197998,
  "fng": {
    "value": 48,
    "classification": "Neutral"
  },
  "usd_thb": 31.29
}