{
  "ts": "2025-10-01T11:41:05.184Z",
  "xauusd": 3881.699951,
  "xagusd": 47.279999,
  "fng": {
    "value": 49,
    "classification": "Neutral"
  },
  "usd_thb": 32.36
}