{
  "ts": "2025-10-11T07:37:30.522Z",
  "xauusd": 4018.399902,
  "xagusd": 50.008999,
  "fng": {
    "value": 27,
    "classification": "Fear"
  },
  "usd_thb": 32.71
}