{
  "ts": "2025-10-28T23:49:59.538Z",
  "xauusd": 3957.199951,
  "xagusd": 47.161999,
  "fng": {
    "value": 50,
    "classification": "Neutral"
  },
  "usd_thb": 32.36
}