{
  "ts": "2026-01-06T21:45:03.242Z",
  "xauusd": 4497.299805,
  "xagusd": 81.366997,
  "fng": {
    "value": 44,
    "classification": "Fear"
  },
  "usd_thb": 31.19
}