{
  "ts": "2025-08-27T09:56:30.259Z",
  "xauusd": 3382.100098,
  "xagusd": 38.327999,
  "fng": {
    "value": 51,
    "classification": "Neutral"
  },
  "usd_thb": 32.47
}