{
  "ts": "2026-07-08T00:57:52.806Z",
  "xauusd": 4116.100098,
  "xagusd": 60.240002,
  "fng": {
    "value": 20,
    "classification": "Extreme Fear"
  },
  "usd_thb": 33.35
}