{
  "ts": "2026-01-01T23:50:27.579Z",
  "xauusd": 4344.399902,
  "xagusd": 72.702003,
  "fng": {
    "value": 20,
    "classification": "Extreme Fear"
  },
  "usd_thb": 31.51
}