{
  "ts": "2025-11-10T21:09:32.883Z",
  "xauusd": 4113.100098,
  "xagusd": 50.553001,
  "fng": {
    "value": 29,
    "classification": "Fear"
  },
  "usd_thb": 32.31
}