{
  "ts": "2025-09-23T22:59:51.879Z",
  "xauusd": 3766.699951,
  "xagusd": 44.188999,
  "fng": {
    "value": 43,
    "classification": "Fear"
  },
  "usd_thb": 31.85
}