{
  "ts": "2026-03-25T22:46:05.753Z",
  "xauusd": 4533.399902,
  "xagusd": 71.623001,
  "fng": {
    "value": 14,
    "classification": "Extreme Fear"
  },
  "usd_thb": 32.66
}