{
  "ts": "2026-04-06T18:00:09.679Z",
  "xauusd": 4655.700195,
  "xagusd": 72.869003,
  "fng": {
    "value": 13,
    "classification": "Extreme Fear"
  },
  "usd_thb": 32.56
}