{
  "ts": "2025-11-13T16:56:46.485Z",
  "xauusd": 4204.100098,
  "xagusd": 53.063999,
  "fng": {
    "value": 15,
    "classification": "Extreme Fear"
  },
  "usd_thb": 32.3
}