{
  "ts": "2026-02-17T23:46:16.348Z",
  "xauusd": 4877.899902,
  "xagusd": 73.316002,
  "fng": {
    "value": 10,
    "classification": "Extreme Fear"
  },
  "usd_thb": 31.21
}