{
  "ts": "2025-12-02T09:36:05.183Z",
  "xauusd": 4193.700195,
  "xagusd": 56.939999,
  "fng": {
    "value": 23,
    "classification": "Extreme Fear"
  },
  "usd_thb": 32.02
}