{
  "ts": "2025-12-12T19:29:46.478Z",
  "xauusd": 4297.399902,
  "xagusd": 61.747002,
  "fng": {
    "value": 29,
    "classification": "Fear"
  },
  "usd_thb": 31.57
}