{
  "ts": "2026-03-19T05:04:15.785Z",
  "xauusd": 4849.299805,
  "xagusd": 75.804001,
  "fng": {
    "value": 23,
    "classification": "Extreme Fear"
  },
  "usd_thb": 32.74
}