{
  "ts": "2025-09-15T17:27:22.988Z",
  "xauusd": 3680.699951,
  "xagusd": 42.580002,
  "fng": {
    "value": 53,
    "classification": "Neutral"
  },
  "usd_thb": 31.81
}