{
  "ts": "2025-11-03T15:43:25.030Z",
  "xauusd": 4016.699951,
  "xagusd": 48.412998,
  "fng": {
    "value": 42,
    "classification": "Fear"
  },
  "usd_thb": 32.47
}