{
  "ts": "2025-10-28T04:40:05.593Z",
  "xauusd": 3973.600098,
  "xagusd": 46.752998,
  "fng": {
    "value": 50,
    "classification": "Neutral"
  },
  "usd_thb": 32.57
}