{
  "ts": "2026-04-10T07:08:40.674Z",
  "xauusd": 4751.399902,
  "xagusd": 75.628998,
  "fng": {
    "value": 16,
    "classification": "Extreme Fear"
  },
  "usd_thb": 32.14
}