{
  "ts": "2025-12-23T21:52:44.829Z",
  "xauusd": 4488.899902,
  "xagusd": 71.464996,
  "fng": {
    "value": 24,
    "classification": "Extreme Fear"
  },
  "usd_thb": 31.09
}