{
  "ts": "2025-09-26T19:26:20.755Z",
  "xauusd": 3773.800049,
  "xagusd": 46.278999,
  "fng": {
    "value": 28,
    "classification": "Fear"
  },
  "usd_thb": 32.22
}