{
  "ts": "2025-11-09T23:54:25.089Z",
  "xauusd": 4008.399902,
  "xagusd": 48.551998,
  "fng": {
    "value": 22,
    "classification": "Extreme Fear"
  },
  "usd_thb": 32.19
}