{
  "ts": "2025-10-17T14:23:09.965Z",
  "xauusd": 4225.399902,
  "xagusd": 51.935001,
  "fng": {
    "value": 22,
    "classification": "Extreme Fear"
  },
  "usd_thb": 32.88
}