{
  "ts": "2026-03-13T08:35:19.343Z",
  "xauusd": 5077.399902,
  "xagusd": 82.394997,
  "fng": {
    "value": 15,
    "classification": "Extreme Fear"
  },
  "usd_thb": 32.33
}