{
  "ts": "2026-02-18T20:31:44.196Z",
  "xauusd": 4979.600098,
  "xagusd": 77.139999,
  "fng": {
    "value": 8,
    "classification": "Extreme Fear"
  },
  "usd_thb": 31.25
}