{
  "ts": "2025-11-21T04:32:18.209Z",
  "xauusd": 4060.699951,
  "xagusd": 49.876999,
  "fng": {
    "value": 14,
    "classification": "Extreme Fear"
  },
  "usd_thb": 32.44
}