{
  "ts": "2025-11-08T23:32:20.092Z",
  "xauusd": 4001.209961,
  "xagusd": 48.300999,
  "fng": {
    "value": 20,
    "classification": "Extreme Fear"
  },
  "usd_thb": 32.38
}