{
  "ts": "2026-01-29T23:35:03.799Z",
  "xauusd": 5424.600098,
  "xagusd": 116.991997,
  "fng": {
    "value": 26,
    "classification": "Fear"
  },
  "usd_thb": 31.242
}