{
  "ts": "2026-01-14T11:44:57.597Z",
  "xauusd": 4631.399902,
  "xagusd": 90.580002,
  "fng": {
    "value": 48,
    "classification": "Neutral"
  },
  "usd_thb": 31.34
}