{
  "ts": "2025-08-14T23:45:00.377Z",
  "xauusd": 3336.300049,
  "xagusd": 38.063999,
  "fng": {
    "value": 75,
    "classification": "Greed"
  },
  "usd_thb": 32.45
}