{
  "ts": "2025-09-21T21:23:59.206Z",
  "xauusd": 3685.774902,
  "xagusd": 43.087002,
  "fng": {
    "value": 49,
    "classification": "Neutral"
  },
  "usd_thb": 31.84
}