{
  "ts": "2026-03-20T15:48:26.083Z",
  "xauusd": 4556.100098,
  "xagusd": 69.469002,
  "fng": {
    "value": 11,
    "classification": "Extreme Fear"
  },
  "usd_thb": 32.83
}