{
  "ts": "2026-07-17T01:03:40.490Z",
  "xauusd": 3989.100098,
  "xagusd": 55.713001,
  "fng": {
    "value": 27,
    "classification": "Fear"
  },
  "usd_thb": 33.57
}