{
  "ts": "2025-09-05T05:52:02.811Z",
  "xauusd": 3556.699951,
  "xagusd": 40.925999,
  "fng": {
    "value": 48,
    "classification": "Neutral"
  },
  "usd_thb": 32.2
}