{
  "ts": "2026-01-18T23:20:57.338Z",
  "xauusd": 4597.600098,
  "xagusd": 90.074997,
  "fng": {
    "value": 49,
    "classification": "Neutral"
  },
  "usd_thb": 29.6
}