{
  "ts": "2025-10-03T03:19:25.350Z",
  "xauusd": 3849.199951,
  "xagusd": 46.866001,
  "fng": {
    "value": 63,
    "classification": "Greed"
  },
  "usd_thb": 32.43
}