{
  "ts": "2025-11-26T07:17:42.001Z",
  "xauusd": 4155.200195,
  "xagusd": 52.064999,
  "fng": {
    "value": 15,
    "classification": "Extreme Fear"
  },
  "usd_thb": 32.23
}