{
  "ts": "2025-10-24T16:54:30.119Z",
  "xauusd": 4132.299805,
  "xagusd": 48.877998,
  "fng": {
    "value": 30,
    "classification": "Fear"
  },
  "usd_thb": 32.65
}