{
  "ts": "2025-11-25T05:26:48.014Z",
  "xauusd": 4147.799805,
  "xagusd": 51.606998,
  "fng": {
    "value": 20,
    "classification": "Extreme Fear"
  },
  "usd_thb": 32.35
}