{
  "ts": "2025-12-22T21:30:57.275Z",
  "xauusd": 4448.799805,
  "xagusd": 69.000999,
  "fng": {
    "value": 25,
    "classification": "Extreme Fear"
  },
  "usd_thb": 31.14
}