{
  "ts": "2026-02-13T14:59:34.761Z",
  "xauusd": 4993.799805,
  "xagusd": 77.362999,
  "fng": {
    "value": 9,
    "classification": "Extreme Fear"
  },
  "usd_thb": 31.01
}