{
  "ts": "2025-08-15T13:44:12.462Z",
  "xauusd": 3336.100098,
  "xagusd": 37.823002,
  "fng": {
    "value": 60,
    "classification": "Greed"
  },
  "usd_thb": 32.45
}