{
  "ts": "2026-06-08T11:56:04.229Z",
  "xauusd": 4327.600098,
  "xagusd": 68.351997,
  "fng": {
    "value": 8,
    "classification": "Extreme Fear"
  },
  "usd_thb": 32.75
}