{
  "ts": "2026-05-25T01:52:06.615Z",
  "xauusd": 4564.399902,
  "xagusd": 78.085999,
  "fng": {
    "value": 30,
    "classification": "Fear"
  },
  "usd_thb": 32.42
}