{
  "ts": "2026-01-05T20:14:48.923Z",
  "xauusd": 4446.399902,
  "xagusd": 76.379997,
  "fng": {
    "value": 26,
    "classification": "Fear"
  },
  "usd_thb": 31.28
}