{
  "ts": "2026-01-27T04:59:00.156Z",
  "xauusd": 5070.399902,
  "xagusd": 108.470001,
  "fng": {
    "value": 29,
    "classification": "Fear"
  },
  "usd_thb": 31.132
}