{
  "ts": "2026-04-20T22:36:33.761Z",
  "xauusd": 4829.100098,
  "xagusd": 80.174004,
  "fng": {
    "value": 29,
    "classification": "Fear"
  },
  "usd_thb": 32.02
}