{
  "ts": "2025-12-10T14:43:06.973Z",
  "xauusd": 4199.200195,
  "xagusd": 60.553001,
  "fng": {
    "value": 26,
    "classification": "Fear"
  },
  "usd_thb": 31.86
}