{
  "ts": "2026-03-04T15:31:07.213Z",
  "xauusd": 5156.200195,
  "xagusd": 84.521004,
  "fng": {
    "value": 10,
    "classification": "Extreme Fear"
  },
  "usd_thb": 31.5
}