{
  "ts": "2026-03-25T19:26:45.442Z",
  "xauusd": 4515.799805,
  "xagusd": 71.724998,
  "fng": {
    "value": 14,
    "classification": "Extreme Fear"
  },
  "usd_thb": 32.76
}