{
  "ts": "2025-08-20T11:44:14.659Z",
  "xauusd": 3331.399902,
  "xagusd": 37.189999,
  "fng": {
    "value": 44,
    "classification": "Fear"
  },
  "usd_thb": 32.54
}