{
  "ts": "2025-12-31T10:47:09.388Z",
  "xauusd": 4309.600098,
  "xagusd": 71.877998,
  "fng": {
    "value": 21,
    "classification": "Extreme Fear"
  },
  "usd_thb": 31.53
}