{
  "ts": "2025-08-28T14:53:16.448Z",
  "xauusd": 3412.300049,
  "xagusd": 39.006001,
  "fng": {
    "value": 48,
    "classification": "Neutral"
  },
  "usd_thb": 32.28
}