{
  "ts": "2025-09-19T04:51:11.035Z",
  "xauusd": 3658.899902,
  "xagusd": 42.379002,
  "fng": {
    "value": 53,
    "classification": "Neutral"
  },
  "usd_thb": 31.87
}