{
  "ts": "2026-05-15T18:05:16.641Z",
  "xauusd": 4560.299805,
  "xagusd": 77.245003,
  "fng": {
    "value": 43,
    "classification": "Fear"
  },
  "usd_thb": 32.61
}