{
  "ts": "2025-12-12T10:44:31.306Z",
  "xauusd": 4326.899902,
  "xagusd": 64.301003,
  "fng": {
    "value": 29,
    "classification": "Fear"
  },
  "usd_thb": 31.56
}