{
  "ts": "2025-12-31T21:58:12.220Z",
  "xauusd": 4319.799805,
  "xagusd": 71.671997,
  "fng": {
    "value": 21,
    "classification": "Extreme Fear"
  },
  "usd_thb": 31.44
}