{
  "ts": "2025-10-17T11:40:18.226Z",
  "xauusd": 4314.399902,
  "xagusd": 53.858002,
  "fng": {
    "value": 22,
    "classification": "Extreme Fear"
  },
  "usd_thb": 32.73
}