{
  "ts": "2025-11-04T07:17:12.169Z",
  "xauusd": 3987.600098,
  "xagusd": 47.679001,
  "fng": {
    "value": 21,
    "classification": "Extreme Fear"
  },
  "usd_thb": 32.52
}