{
  "ts": "2025-11-28T14:59:05.861Z",
  "xauusd": 4198.399902,
  "xagusd": 55.258999,
  "fng": {
    "value": 25,
    "classification": "Extreme Fear"
  },
  "usd_thb": 32.15
}