{
  "ts": "2025-09-19T08:47:13.052Z",
  "xauusd": 3655.899902,
  "xagusd": 42.249001,
  "fng": {
    "value": 53,
    "classification": "Neutral"
  },
  "usd_thb": 31.84
}