{
  "ts": "2025-09-30T19:50:38.295Z",
  "xauusd": 3856.100098,
  "xagusd": 46.682999,
  "fng": {
    "value": 50,
    "classification": "Neutral"
  },
  "usd_thb": 32.45
}