{
  "ts": "2025-11-27T14:27:40.644Z",
  "xauusd": 4159.700195,
  "xagusd": 53.280998,
  "fng": {
    "value": 22,
    "classification": "Extreme Fear"
  },
  "usd_thb": 32.23
}