{
  "ts": "2025-12-03T13:23:21.279Z",
  "xauusd": 4221.799805,
  "xagusd": 58.821999,
  "fng": {
    "value": 28,
    "classification": "Fear"
  },
  "usd_thb": 31.9
}