{
  "ts": "2026-07-23T04:26:15.500Z",
  "xauusd": 4129.700195,
  "xagusd": 60.035999,
  "fng": {
    "value": 31,
    "classification": "Fear"
  },
  "usd_thb": 33.75
}