{
  "ts": "2025-11-16T23:59:17.924Z",
  "xauusd": 4098.899902,
  "xagusd": 50.896999,
  "fng": {
    "value": 10,
    "classification": "Extreme Fear"
  },
  "usd_thb": 32.29
}