{
  "ts": "2025-08-26T19:24:47.998Z",
  "xauusd": 3389.399902,
  "xagusd": 38.617001,
  "fng": {
    "value": 48,
    "classification": "Neutral"
  },
  "usd_thb": 32.44
}