{
  "ts": "2025-08-26T04:56:09.993Z",
  "xauusd": 3378.699951,
  "xagusd": 38.855999,
  "fng": {
    "value": 48,
    "classification": "Neutral"
  },
  "usd_thb": 32.44
}