{
  "ts": "2025-11-03T02:27:08.967Z",
  "xauusd": 3998.699951,
  "xagusd": 48.717999,
  "fng": {
    "value": 42,
    "classification": "Fear"
  },
  "usd_thb": 32.4
}