{
  "ts": "2025-09-08T19:41:59.879Z",
  "xauusd": 3635.60498,
  "xagusd": 41.294601,
  "fng": {
    "value": 51,
    "classification": "Neutral"
  },
  "usd_thb": 31.71
}