{
  "ts": "2025-10-16T04:15:30.544Z",
  "xauusd": 4235.799805,
  "xagusd": 53.160999,
  "fng": {
    "value": 28,
    "classification": "Fear"
  },
  "usd_thb": 32.51
}