{
  "ts": "2025-10-09T13:51:31.570Z",
  "xauusd": 4028.199951,
  "xagusd": 50.109001,
  "fng": {
    "value": 70,
    "classification": "Greed"
  },
  "usd_thb": 32.58
}