{
  "ts": "2025-12-26T07:22:26.599Z",
  "xauusd": 4515.200195,
  "xagusd": 74.806999,
  "fng": {
    "value": 20,
    "classification": "Extreme Fear"
  },
  "usd_thb": 30.99
}