{
  "ts": "2026-05-26T00:16:32.220Z",
  "xauusd": 4553.899902,
  "xagusd": 77.650002,
  "fng": {
    "value": 34,
    "classification": "Fear"
  },
  "usd_thb": 32.52
}