{
  "ts": "2026-06-10T08:34:12.489Z",
  "xauusd": 4169.100098,
  "xagusd": 63.970001,
  "fng": {
    "value": 9,
    "classification": "Extreme Fear"
  },
  "usd_thb": 32.87
}