{
  "ts": "2025-10-30T13:29:09.410Z",
  "xauusd": 3972.199951,
  "xagusd": 48.244999,
  "fng": {
    "value": 34,
    "classification": "Fear"
  },
  "usd_thb": 32.46
}