{
  "ts": "2026-01-04T23:51:56.935Z",
  "xauusd": 4374.299805,
  "xagusd": 73.899002,
  "fng": {
    "value": 25,
    "classification": "Extreme Fear"
  },
  "usd_thb": 31.57
}