{
  "ts": "2026-03-12T23:46:07.921Z",
  "xauusd": 5096.200195,
  "xagusd": 84.325996,
  "fng": {
    "value": 18,
    "classification": "Extreme Fear"
  },
  "usd_thb": 32.11
}