{
  "ts": "2025-09-25T22:32:29.630Z",
  "xauusd": 3751.800049,
  "xagusd": 45.162998,
  "fng": {
    "value": 44,
    "classification": "Fear"
  },
  "usd_thb": 32.2
}