{
  "ts": "2026-01-08T09:46:50.987Z",
  "xauusd": 4434.299805,
  "xagusd": 76.195999,
  "fng": {
    "value": 28,
    "classification": "Fear"
  },
  "usd_thb": 31.34
}