{
  "ts": "2025-09-01T23:51:53.363Z",
  "xauusd": 3481.699951,
  "xagusd": 40.743999,
  "fng": {
    "value": 46,
    "classification": "Fear"
  },
  "usd_thb": 32.28
}