{
  "ts": "2025-11-05T11:27:17.249Z",
  "xauusd": 3960.199951,
  "xagusd": 47.665001,
  "fng": {
    "value": 23,
    "classification": "Extreme Fear"
  },
  "usd_thb": 32.55
}