{
  "ts": "2025-10-09T16:43:44.487Z",
  "xauusd": 3981.399902,
  "xagusd": 49.419998,
  "fng": {
    "value": 70,
    "classification": "Greed"
  },
  "usd_thb": 32.74
}