{
  "ts": "2025-08-14T07:26:24.448Z",
  "xauusd": 3363.600098,
  "xagusd": 38.557999,
  "fng": {
    "value": 75,
    "classification": "Greed"
  },
  "usd_thb": 32.33
}