{
  "ts": "2025-09-22T13:40:55.785Z",
  "xauusd": 3720.899902,
  "xagusd": 43.494999,
  "fng": {
    "value": 45,
    "classification": "Fear"
  },
  "usd_thb": 31.8
}