{
  "ts": "2026-03-12T11:52:42.354Z",
  "xauusd": 5178.299805,
  "xagusd": 87.024002,
  "fng": {
    "value": 18,
    "classification": "Extreme Fear"
  },
  "usd_thb": 31.84
}