{
  "ts": "2025-10-27T04:21:09.675Z",
  "xauusd": 4061.199951,
  "xagusd": 47.942001,
  "fng": {
    "value": 51,
    "classification": "Neutral"
  },
  "usd_thb": 32.66
}