{
  "ts": "2025-10-27T19:55:19.547Z",
  "xauusd": 3988.100098,
  "xagusd": 46.797001,
  "fng": {
    "value": 51,
    "classification": "Neutral"
  },
  "usd_thb": 32.68
}