{
  "ts": "2026-07-22T16:39:50.697Z",
  "xauusd": 4147.799805,
  "xagusd": 60.188999,
  "fng": {
    "value": 33,
    "classification": "Fear"
  },
  "usd_thb": 33.75
}