{
  "ts": "2025-11-04T11:13:23.569Z",
  "xauusd": 3994.699951,
  "xagusd": 47.786999,
  "fng": {
    "value": 21,
    "classification": "Extreme Fear"
  },
  "usd_thb": 32.52
}