{
  "ts": "2025-11-04T13:07:15.210Z",
  "xauusd": 3989.100098,
  "xagusd": 47.830002,
  "fng": {
    "value": 21,
    "classification": "Extreme Fear"
  },
  "usd_thb": 32.53
}