{
  "ts": "2025-09-30T18:52:13.272Z",
  "xauusd": 3849.100098,
  "xagusd": 46.594002,
  "fng": {
    "value": 50,
    "classification": "Neutral"
  },
  "usd_thb": 32.43
}