{
  "ts": "2025-10-28T23:29:24.547Z",
  "xauusd": 3952.100098,
  "xagusd": 47.112999,
  "fng": {
    "value": 50,
    "classification": "Neutral"
  },
  "usd_thb": 32.35
}