{
  "ts": "2025-11-10T23:25:04.423Z",
  "xauusd": 4121.200195,
  "xagusd": 50.571999,
  "fng": {
    "value": 29,
    "classification": "Fear"
  },
  "usd_thb": 32.32
}