{
  "ts": "2026-07-01T13:55:19.227Z",
  "xauusd": 4088.399902,
  "xagusd": 60.308998,
  "fng": {
    "value": 11,
    "classification": "Extreme Fear"
  },
  "usd_thb": 33.28
}