{
  "ts": "2026-05-09T10:40:59.126Z",
  "xauusd": 4715.700195,
  "xagusd": 80.468002,
  "fng": {
    "value": 38,
    "classification": "Fear"
  },
  "usd_thb": 32.15
}