{
  "ts": "2026-04-02T17:31:56.681Z",
  "xauusd": 4648.399902,
  "xagusd": 72.516998,
  "fng": {
    "value": 12,
    "classification": "Extreme Fear"
  },
  "usd_thb": 32.6
}