{
  "ts": "2025-12-17T04:58:16.134Z",
  "xauusd": 4331.399902,
  "xagusd": 66.105003,
  "fng": {
    "value": 16,
    "classification": "Extreme Fear"
  },
  "usd_thb": 31.42
}