{
  "ts": "2026-03-02T21:20:29.787Z",
  "xauusd": 5340.799805,
  "xagusd": 90.068001,
  "fng": {
    "value": 10,
    "classification": "Extreme Fear"
  },
  "usd_thb": 31.37
}