{
  "ts": "2025-09-19T09:43:58.993Z",
  "xauusd": 3658.199951,
  "xagusd": 42.289001,
  "fng": {
    "value": 53,
    "classification": "Neutral"
  },
  "usd_thb": 31.84
}