{
  "ts": "2025-10-12T23:57:51.449Z",
  "xauusd": 4035.100098,
  "xagusd": 50.369999,
  "fng": {
    "value": 24,
    "classification": "Extreme Fear"
  },
  "usd_thb": 32.67
}