{
  "ts": "2026-05-06T18:56:09.585Z",
  "xauusd": 4688.899902,
  "xagusd": 77.221001,
  "fng": {
    "value": 46,
    "classification": "Fear"
  },
  "usd_thb": 32.22
}