{
  "ts": "2026-03-05T00:01:54.530Z",
  "xauusd": 5164.200195,
  "xagusd": 84.136002,
  "fng": {
    "value": 22,
    "classification": "Extreme Fear"
  },
  "usd_thb": 31.57
}