{
  "ts": "2026-03-09T15:36:35.933Z",
  "xauusd": 5100.600098,
  "xagusd": 84.544998,
  "fng": {
    "value": 8,
    "classification": "Extreme Fear"
  },
  "usd_thb": 31.96
}