{
  "ts": "2025-09-30T09:54:45.570Z",
  "xauusd": 3799.399902,
  "xagusd": 45.973999,
  "fng": {
    "value": 50,
    "classification": "Neutral"
  },
  "usd_thb": 32.4
}