{
  "ts": "2026-01-15T06:34:31.934Z",
  "xauusd": 4602.899902,
  "xagusd": 88.977997,
  "fng": {
    "value": 61,
    "classification": "Greed"
  },
  "usd_thb": 31.42
}