{
  "ts": "2025-10-12T22:59:30.953Z",
  "xauusd": 4039.699951,
  "xagusd": 50.206001,
  "fng": {
    "value": 24,
    "classification": "Extreme Fear"
  },
  "usd_thb": 32.63
}