{
  "ts": "2026-01-14T23:30:32.394Z",
  "xauusd": 4608.299805,
  "xagusd": 91.609001,
  "fng": {
    "value": 48,
    "classification": "Neutral"
  },
  "usd_thb": 31.38
}