{
  "ts": "2026-02-04T06:05:31.178Z",
  "xauusd": 5080.299805,
  "xagusd": 88.001999,
  "fng": {
    "value": 14,
    "classification": "Extreme Fear"
  },
  "usd_thb": 31.55
}