{
  "ts": "2026-01-08T09:22:24.813Z",
  "xauusd": 4429.100098,
  "xagusd": 75.860001,
  "fng": {
    "value": 28,
    "classification": "Fear"
  },
  "usd_thb": 31.34
}