{
  "ts": "2025-09-08T22:45:02.872Z",
  "xauusd": 3630.23999,
  "xagusd": 41.339001,
  "fng": {
    "value": 51,
    "classification": "Neutral"
  },
  "usd_thb": 31.69
}