{
  "ts": "2025-11-11T15:12:10.317Z",
  "xauusd": 4123.200195,
  "xagusd": 50.803001,
  "fng": {
    "value": 26,
    "classification": "Fear"
  },
  "usd_thb": 32.42
}