{
  "ts": "2026-03-09T12:27:11.451Z",
  "xauusd": 5103.899902,
  "xagusd": 83.745003,
  "fng": {
    "value": 8,
    "classification": "Extreme Fear"
  },
  "usd_thb": 32.03
}