{
  "ts": "2025-11-28T04:52:12.455Z",
  "xauusd": 4189.399902,
  "xagusd": 53.816002,
  "fng": {
    "value": 25,
    "classification": "Extreme Fear"
  },
  "usd_thb": 32.16
}