{
  "ts": "2025-09-22T22:59:26.960Z",
  "xauusd": 3741.399902,
  "xagusd": 44.032001,
  "fng": {
    "value": 45,
    "classification": "Fear"
  },
  "usd_thb": 31.78
}