{
  "ts": "2026-04-10T20:25:26.179Z",
  "xauusd": 4749.700195,
  "xagusd": 76.306999,
  "fng": {
    "value": 16,
    "classification": "Extreme Fear"
  },
  "usd_thb": 32
}