{
  "ts": "2026-04-29T22:35:07.981Z",
  "xauusd": 4552.200195,
  "xagusd": 71.665001,
  "fng": {
    "value": 26,
    "classification": "Fear"
  },
  "usd_thb": 32.77
}