{
  "ts": "2025-11-24T10:47:29.922Z",
  "xauusd": 4071.300049,
  "xagusd": 50.238998,
  "fng": {
    "value": 19,
    "classification": "Extreme Fear"
  },
  "usd_thb": 32.48
}