{
  "ts": "2025-12-15T20:57:34.060Z",
  "xauusd": 4306.899902,
  "xagusd": 64.141998,
  "fng": {
    "value": 16,
    "classification": "Extreme Fear"
  },
  "usd_thb": 31.48
}