{
  "ts": "2026-04-01T11:58:28.176Z",
  "xauusd": 4757.600098,
  "xagusd": 75.414001,
  "fng": {
    "value": 8,
    "classification": "Extreme Fear"
  },
  "usd_thb": 32.47
}