{
  "ts": "2025-09-05T10:28:07.171Z",
  "xauusd": 3552.300049,
  "xagusd": 40.848999,
  "fng": {
    "value": 48,
    "classification": "Neutral"
  },
  "usd_thb": 32.18
}