{
  "ts": "2025-12-04T09:25:49.516Z",
  "xauusd": 4191.399902,
  "xagusd": 57.230999,
  "fng": {
    "value": 26,
    "classification": "Fear"
  },
  "usd_thb": 32.03
}