{
  "ts": "2025-12-07T23:40:38.442Z",
  "xauusd": 4203.700195,
  "xagusd": 58.557999,
  "fng": {
    "value": 20,
    "classification": "Extreme Fear"
  },
  "usd_thb": 31.82
}