{
  "ts": "2026-02-02T02:45:00.437Z",
  "xauusd": 4773.799805,
  "xagusd": 83.609001,
  "fng": {
    "value": 14,
    "classification": "Extreme Fear"
  },
  "usd_thb": 31.49
}