{
  "ts": "2026-02-13T08:51:51.944Z",
  "xauusd": 4977.899902,
  "xagusd": 79.170998,
  "fng": {
    "value": 9,
    "classification": "Extreme Fear"
  },
  "usd_thb": 31.04
}