{
  "ts": "2025-12-17T21:41:34.626Z",
  "xauusd": 4343.299805,
  "xagusd": 66.427002,
  "fng": {
    "value": 16,
    "classification": "Extreme Fear"
  },
  "usd_thb": 31.47
}