{
  "ts": "2026-02-27T20:01:17.434Z",
  "xauusd": 5251.700195,
  "xagusd": 93.331001,
  "fng": {
    "value": 13,
    "classification": "Extreme Fear"
  },
  "usd_thb": 31.04
}