{
  "ts": "2025-12-10T06:51:32.007Z",
  "xauusd": 4208.799805,
  "xagusd": 61.634998,
  "fng": {
    "value": 26,
    "classification": "Fear"
  },
  "usd_thb": 31.81
}