{
  "ts": "2025-11-11T16:58:17.000Z",
  "xauusd": 4114.600098,
  "xagusd": 50.766998,
  "fng": {
    "value": 26,
    "classification": "Fear"
  },
  "usd_thb": 32.41
}