{
  "ts": "2025-10-27T11:51:19.152Z",
  "xauusd": 4027.300049,
  "xagusd": 47.457001,
  "fng": {
    "value": 51,
    "classification": "Neutral"
  },
  "usd_thb": 32.67
}