{
  "ts": "2025-12-18T14:43:19.012Z",
  "xauusd": 4320.200195,
  "xagusd": 65.191002,
  "fng": {
    "value": 17,
    "classification": "Extreme Fear"
  },
  "usd_thb": 31.41
}