{
  "ts": "2025-09-08T08:56:27.033Z",
  "xauusd": 3612.199951,
  "xagusd": 41.205002,
  "fng": {
    "value": 51,
    "classification": "Neutral"
  },
  "usd_thb": 31.8
}