{
  "ts": "2026-01-23T17:03:05.586Z",
  "xauusd": 4983.799805,
  "xagusd": 100.739998,
  "fng": {
    "value": 24,
    "classification": "Extreme Fear"
  },
  "usd_thb": 31.068
}