{
  "ts": "2025-08-18T15:27:48.511Z",
  "xauusd": 3335.600098,
  "xagusd": 38.105999,
  "fng": {
    "value": 60,
    "classification": "Greed"
  },
  "usd_thb": 32.5
}