{
  "ts": "2025-10-21T19:41:07.937Z",
  "xauusd": 4106.899902,
  "xagusd": 48.332001,
  "fng": {
    "value": 34,
    "classification": "Fear"
  },
  "usd_thb": 32.86
}