{
  "ts": "2025-09-10T19:56:45.872Z",
  "xauusd": 3642.800049,
  "xagusd": 41.193401,
  "fng": {
    "value": 49,
    "classification": "Neutral"
  },
  "usd_thb": 31.77
}