{
  "ts": "2025-11-05T03:51:30.596Z",
  "xauusd": 3965.899902,
  "xagusd": 47.751999,
  "fng": {
    "value": 23,
    "classification": "Extreme Fear"
  },
  "usd_thb": 32.54
}