{
  "ts": "2025-09-30T10:57:59.524Z",
  "xauusd": 3814.800049,
  "xagusd": 46.285999,
  "fng": {
    "value": 50,
    "classification": "Neutral"
  },
  "usd_thb": 32.4
}