{
  "ts": "2026-02-27T19:43:50.809Z",
  "xauusd": 5246.399902,
  "xagusd": 93.121002,
  "fng": {
    "value": 13,
    "classification": "Extreme Fear"
  },
  "usd_thb": 31.05
}