{
  "ts": "2026-01-09T18:58:58.398Z",
  "xauusd": 4498.399902,
  "xagusd": 80.037003,
  "fng": {
    "value": 27,
    "classification": "Fear"
  },
  "usd_thb": 31.37
}