{
  "ts": "2025-08-26T14:58:53.385Z",
  "xauusd": 3379.600098,
  "xagusd": 38.630001,
  "fng": {
    "value": 48,
    "classification": "Neutral"
  },
  "usd_thb": 32.46
}