{
  "ts": "2026-01-06T05:15:12.248Z",
  "xauusd": 4468.799805,
  "xagusd": 78.823997,
  "fng": {
    "value": 44,
    "classification": "Fear"
  },
  "usd_thb": 31.17
}