{
  "ts": "2026-02-18T18:02:55.772Z",
  "xauusd": 5001.200195,
  "xagusd": 78.384003,
  "fng": {
    "value": 8,
    "classification": "Extreme Fear"
  },
  "usd_thb": 31.17
}