{
  "ts": "2025-10-07T22:50:28.323Z",
  "xauusd": 3989.399902,
  "xagusd": 47.900002,
  "fng": {
    "value": 70,
    "classification": "Greed"
  },
  "usd_thb": 32.5
}