{
  "ts": "2026-04-20T08:36:25.755Z",
  "xauusd": 4791.200195,
  "xagusd": 79.447998,
  "fng": {
    "value": 29,
    "classification": "Fear"
  },
  "usd_thb": 32.1
}