{
  "ts": "2025-11-21T10:43:54.575Z",
  "xauusd": 4035.100098,
  "xagusd": 48.821999,
  "fng": {
    "value": 14,
    "classification": "Extreme Fear"
  },
  "usd_thb": 32.5
}