{
  "ts": "2025-09-02T09:45:58.066Z",
  "xauusd": 3479.100098,
  "xagusd": 40.450001,
  "fng": {
    "value": 49,
    "classification": "Neutral"
  },
  "usd_thb": 32.39
}