{
  "ts": "2025-11-19T11:42:39.321Z",
  "xauusd": 4113.700195,
  "xagusd": 52.176998,
  "fng": {
    "value": 15,
    "classification": "Extreme Fear"
  },
  "usd_thb": 32.42
}