{
  "ts": "2025-10-02T04:26:38.939Z",
  "xauusd": 3867.100098,
  "xagusd": 47.280998,
  "fng": {
    "value": 64,
    "classification": "Greed"
  },
  "usd_thb": 32.45
}