{
  "ts": "2025-10-05T22:14:03.890Z",
  "xauusd": 3887.699951,
  "xagusd": 48.131001,
  "fng": {
    "value": 74,
    "classification": "Greed"
  },
  "usd_thb": 32.4
}