{
  "ts": "2026-06-14T19:51:20.333Z",
  "xauusd": 4220.299805,
  "xagusd": 68.156998,
  "fng": {
    "value": 18,
    "classification": "Extreme Fear"
  },
  "usd_thb": 32.68
}