{
  "ts": "2026-02-18T06:10:52.674Z",
  "xauusd": 4928.799805,
  "xagusd": 75.557999,
  "fng": {
    "value": 8,
    "classification": "Extreme Fear"
  },
  "usd_thb": 31.26
}