{
  "ts": "2025-08-26T19:44:50.971Z",
  "xauusd": 3389.399902,
  "xagusd": 38.584999,
  "fng": {
    "value": 48,
    "classification": "Neutral"
  },
  "usd_thb": 32.43
}