{
  "ts": "2026-01-28T07:15:45.845Z",
  "xauusd": 5274.799805,
  "xagusd": 115.127998,
  "fng": {
    "value": 29,
    "classification": "Fear"
  },
  "usd_thb": 30.91
}