{
  "ts": "2025-11-19T17:42:01.977Z",
  "xauusd": 4071.300049,
  "xagusd": 50.747002,
  "fng": {
    "value": 15,
    "classification": "Extreme Fear"
  },
  "usd_thb": 32.46
}