{
  "ts": "2026-04-22T10:21:42.204Z",
  "xauusd": 4755.600098,
  "xagusd": 78.017998,
  "fng": {
    "value": 32,
    "classification": "Fear"
  },
  "usd_thb": 32.16
}