{
  "ts": "2025-08-20T20:39:42.650Z",
  "xauusd": 3349.699951,
  "xagusd": 37.960999,
  "fng": {
    "value": 44,
    "classification": "Fear"
  },
  "usd_thb": 32.56
}