{
  "ts": "2025-10-29T19:34:26.720Z",
  "xauusd": 3946.199951,
  "xagusd": 47.655998,
  "fng": {
    "value": 51,
    "classification": "Neutral"
  },
  "usd_thb": 32.42
}