{
  "ts": "2026-03-24T13:44:04.029Z",
  "xauusd": 4361.600098,
  "xagusd": 68.206001,
  "fng": {
    "value": 11,
    "classification": "Extreme Fear"
  },
  "usd_thb": 32.67
}