{
  "ts": "2026-04-26T22:22:49.876Z",
  "xauusd": 4687.700195,
  "xagusd": 75.338997,
  "fng": {
    "value": 33,
    "classification": "Fear"
  },
  "usd_thb": 32.31
}