{
  "ts": "2026-07-23T22:37:32.226Z",
  "xauusd": 4051.199951,
  "xagusd": 57.801998,
  "fng": {
    "value": 31,
    "classification": "Fear"
  },
  "usd_thb": 33.8
}