{
  "ts": "2025-08-27T20:44:10.628Z",
  "xauusd": 3397.300049,
  "xagusd": 38.620998,
  "fng": {
    "value": 51,
    "classification": "Neutral"
  },
  "usd_thb": 32.39
}