{
  "ts": "2025-12-24T14:16:25.330Z",
  "xauusd": 4486.399902,
  "xagusd": 71.927002,
  "fng": {
    "value": 24,
    "classification": "Extreme Fear"
  },
  "usd_thb": 31.01
}