{
  "ts": "2025-11-02T23:33:36.383Z",
  "xauusd": 3994.899902,
  "xagusd": 48.748001,
  "fng": {
    "value": 37,
    "classification": "Fear"
  },
  "usd_thb": 32.4
}