{
  "ts": "2025-09-09T13:55:22.455Z",
  "xauusd": 3667.399902,
  "xagusd": 41.313999,
  "fng": {
    "value": 48,
    "classification": "Neutral"
  },
  "usd_thb": 31.67
}