{
  "ts": "2025-10-24T19:53:20.141Z",
  "xauusd": 4105.100098,
  "xagusd": 48.547001,
  "fng": {
    "value": 30,
    "classification": "Fear"
  },
  "usd_thb": 32.65
}