{
  "ts": "2025-08-21T15:41:36.206Z",
  "xauusd": 3345.199951,
  "xagusd": 38.220001,
  "fng": {
    "value": 50,
    "classification": "Neutral"
  },
  "usd_thb": 32.65
}