{
  "ts": "2026-01-12T08:56:34.381Z",
  "xauusd": 4597.799805,
  "xagusd": 84.302002,
  "fng": {
    "value": 27,
    "classification": "Fear"
  },
  "usd_thb": 31.17
}