{
  "ts": "2025-11-17T11:59:23.141Z",
  "xauusd": 4081.399902,
  "xagusd": 51.077999,
  "fng": {
    "value": 14,
    "classification": "Extreme Fear"
  },
  "usd_thb": 32.46
}