{
  "ts": "2026-02-17T16:05:45.572Z",
  "xauusd": 4877.899902,
  "xagusd": 73.542999,
  "fng": {
    "value": 10,
    "classification": "Extreme Fear"
  },
  "usd_thb": 31.35
}