{
  "ts": "2025-11-18T15:17:17.286Z",
  "xauusd": 4059.100098,
  "xagusd": 50.553001,
  "fng": {
    "value": 11,
    "classification": "Extreme Fear"
  },
  "usd_thb": 32.39
}