{
  "ts": "2026-01-30T17:08:20.933Z",
  "xauusd": 4955.100098,
  "xagusd": 93.132004,
  "fng": {
    "value": 16,
    "classification": "Extreme Fear"
  },
  "usd_thb": 31.525
}