{
  "ts": "2025-10-14T15:41:32.206Z",
  "xauusd": 4140.200195,
  "xagusd": 51.813999,
  "fng": {
    "value": 38,
    "classification": "Fear"
  },
  "usd_thb": 32.69
}