{
  "ts": "2026-01-26T10:56:52.590Z",
  "xauusd": 5092.799805,
  "xagusd": 109.593002,
  "fng": {
    "value": 20,
    "classification": "Extreme Fear"
  },
  "usd_thb": 31.04
}