{
  "ts": "2025-10-15T22:51:24.461Z",
  "xauusd": 4213.700195,
  "xagusd": 53.108002,
  "fng": {
    "value": 34,
    "classification": "Fear"
  },
  "usd_thb": 32.51
}