{
  "ts": "2025-11-20T09:43:42.018Z",
  "xauusd": 4066.300049,
  "xagusd": 51.033001,
  "fng": {
    "value": 11,
    "classification": "Extreme Fear"
  },
  "usd_thb": 32.43
}