{
  "ts": "2026-05-14T22:33:09.762Z",
  "xauusd": 4662.799805,
  "xagusd": 83.830002,
  "fng": {
    "value": 34,
    "classification": "Fear"
  },
  "usd_thb": 32.41
}