{
  "ts": "2025-12-26T11:44:16.490Z",
  "xauusd": 4507.600098,
  "xagusd": 74.161003,
  "fng": {
    "value": 20,
    "classification": "Extreme Fear"
  },
  "usd_thb": 31
}