{
  "ts": "2025-10-23T14:45:28.656Z",
  "xauusd": 4143.700195,
  "xagusd": 49.262001,
  "fng": {
    "value": 27,
    "classification": "Fear"
  },
  "usd_thb": 32.72
}