{
  "ts": "2026-02-16T18:05:45.583Z",
  "xauusd": 4990.600098,
  "xagusd": 76.728996,
  "fng": {
    "value": 12,
    "classification": "Extreme Fear"
  },
  "usd_thb": 31.09
}