{
  "ts": "2026-03-19T19:28:11.838Z",
  "xauusd": 4644.299805,
  "xagusd": 72.120003,
  "fng": {
    "value": 23,
    "classification": "Extreme Fear"
  },
  "usd_thb": 32.48
}