{
  "ts": "2025-10-15T09:22:20.246Z",
  "xauusd": 4166.399902,
  "xagusd": 52.446999,
  "fng": {
    "value": 34,
    "classification": "Fear"
  },
  "usd_thb": 32.52
}