{
  "ts": "2025-11-13T19:35:28.635Z",
  "xauusd": 4163.399902,
  "xagusd": 52.547001,
  "fng": {
    "value": 15,
    "classification": "Extreme Fear"
  },
  "usd_thb": 32.35
}