{
  "ts": "2026-01-26T19:50:53.842Z",
  "xauusd": 5018.899902,
  "xagusd": 107.643997,
  "fng": {
    "value": 20,
    "classification": "Extreme Fear"
  },
  "usd_thb": 31.17
}