{
  "ts": "2026-01-26T23:42:00.923Z",
  "xauusd": 5051.100098,
  "xagusd": 106.696999,
  "fng": {
    "value": 20,
    "classification": "Extreme Fear"
  },
  "usd_thb": 31.18
}