{
  "ts": "2026-06-11T23:07:15.358Z",
  "xauusd": 4227.399902,
  "xagusd": 67.714996,
  "fng": {
    "value": 12,
    "classification": "Extreme Fear"
  },
  "usd_thb": 32.72
}