{
  "ts": "2025-09-23T11:19:53.596Z",
  "xauusd": 3783.800049,
  "xagusd": 44.373001,
  "fng": {
    "value": 43,
    "classification": "Fear"
  },
  "usd_thb": 31.87
}