{
  "ts": "2025-09-11T18:48:54.229Z",
  "xauusd": 3632.899902,
  "xagusd": 41.529999,
  "fng": {
    "value": 54,
    "classification": "Neutral"
  },
  "usd_thb": 31.71
}