{
  "ts": "2025-12-01T13:47:00.201Z",
  "xauusd": 4262.700195,
  "xagusd": 57.735001,
  "fng": {
    "value": 24,
    "classification": "Extreme Fear"
  },
  "usd_thb": 31.91
}