{
  "ts": "2026-01-22T06:48:55.238Z",
  "xauusd": 4825.700195,
  "xagusd": 94.158997,
  "fng": {
    "value": 20,
    "classification": "Extreme Fear"
  },
  "usd_thb": 31.358
}