{
  "ts": "2026-04-24T07:14:23.855Z",
  "xauusd": 4680.899902,
  "xagusd": 74.830002,
  "fng": {
    "value": 39,
    "classification": "Fear"
  },
  "usd_thb": 32.44
}