{
  "ts": "2025-12-02T06:44:26.922Z",
  "xauusd": 4208.100098,
  "xagusd": 57.094002,
  "fng": {
    "value": 23,
    "classification": "Extreme Fear"
  },
  "usd_thb": 32.01
}