{
  "ts": "2025-10-17T01:10:40.403Z",
  "xauusd": 4356.700195,
  "xagusd": 53.931999,
  "fng": {
    "value": 22,
    "classification": "Extreme Fear"
  },
  "usd_thb": 32.49
}