{
  "ts": "2025-11-17T03:57:50.263Z",
  "xauusd": 4084.399902,
  "xagusd": 51.023998,
  "fng": {
    "value": 14,
    "classification": "Extreme Fear"
  },
  "usd_thb": 32.42
}