{
  "ts": "2026-01-15T20:29:14.835Z",
  "xauusd": 4615.700195,
  "xagusd": 91.627998,
  "fng": {
    "value": 61,
    "classification": "Greed"
  },
  "usd_thb": 31.37
}