{
  "ts": "2025-12-31T19:55:13.214Z",
  "xauusd": 4312.399902,
  "xagusd": 70.613998,
  "fng": {
    "value": 21,
    "classification": "Extreme Fear"
  },
  "usd_thb": 31.44
}