{
  "ts": "2025-10-22T02:43:53.178Z",
  "xauusd": 4111.799805,
  "xagusd": 48.868999,
  "fng": {
    "value": 25,
    "classification": "Extreme Fear"
  },
  "usd_thb": 32.76
}