{
  "ts": "2025-12-19T21:47:10.829Z",
  "xauusd": 4339.299805,
  "xagusd": 67.217003,
  "fng": {
    "value": 16,
    "classification": "Extreme Fear"
  },
  "usd_thb": 31.42
}