{
  "ts": "2025-08-21T18:48:22.955Z",
  "xauusd": 3339.399902,
  "xagusd": 38.130001,
  "fng": {
    "value": 50,
    "classification": "Neutral"
  },
  "usd_thb": 32.66
}