{
  "ts": "2025-12-16T17:00:48.991Z",
  "xauusd": 4301.700195,
  "xagusd": 63.449001,
  "fng": {
    "value": 11,
    "classification": "Extreme Fear"
  },
  "usd_thb": 31.44
}