{
  "ts": "2025-12-24T17:36:47.430Z",
  "xauusd": 4482.899902,
  "xagusd": 71.801003,
  "fng": {
    "value": 24,
    "classification": "Extreme Fear"
  },
  "usd_thb": 31.07
}