{
  "ts": "2025-11-24T20:47:54.734Z",
  "xauusd": 4132.399902,
  "xagusd": 51.443001,
  "fng": {
    "value": 19,
    "classification": "Extreme Fear"
  },
  "usd_thb": 32.43
}