{
  "ts": "2025-12-04T14:59:31.737Z",
  "xauusd": 4203.799805,
  "xagusd": 56.938999,
  "fng": {
    "value": 26,
    "classification": "Fear"
  },
  "usd_thb": 32.02
}