{
  "ts": "2026-04-06T16:09:52.615Z",
  "xauusd": 4664.299805,
  "xagusd": 72.720001,
  "fng": {
    "value": 13,
    "classification": "Extreme Fear"
  },
  "usd_thb": 32.5
}