{
  "ts": "2025-11-21T23:51:50.377Z",
  "xauusd": 4066.199951,
  "xagusd": 50.060001,
  "fng": {
    "value": 14,
    "classification": "Extreme Fear"
  },
  "usd_thb": 32.37
}