{
  "ts": "2026-05-07T13:11:11.210Z",
  "xauusd": 4742.200195,
  "xagusd": 81.346001,
  "fng": {
    "value": 47,
    "classification": "Neutral"
  },
  "usd_thb": 32.11
}