{
  "ts": "2025-11-25T23:28:43.159Z",
  "xauusd": 4134.600098,
  "xagusd": 51.464001,
  "fng": {
    "value": 20,
    "classification": "Extreme Fear"
  },
  "usd_thb": 32.27
}