{
  "ts": "2026-02-06T11:46:30.546Z",
  "xauusd": 4886.600098,
  "xagusd": 74.789001,
  "fng": {
    "value": 9,
    "classification": "Extreme Fear"
  },
  "usd_thb": 31.6
}