{
  "ts": "2026-03-03T11:57:35.523Z",
  "xauusd": 5153.100098,
  "xagusd": 81.474998,
  "fng": {
    "value": 14,
    "classification": "Extreme Fear"
  },
  "usd_thb": 31.7
}