{
  "ts": "2026-01-21T20:53:01.299Z",
  "xauusd": 4827.700195,
  "xagusd": 92.679001,
  "fng": {
    "value": 24,
    "classification": "Extreme Fear"
  },
  "usd_thb": 31.242
}