{
  "ts": "2025-08-21T09:26:34.903Z",
  "xauusd": 3339.699951,
  "xagusd": 37.832001,
  "fng": {
    "value": 50,
    "classification": "Neutral"
  },
  "usd_thb": 32.6
}