{
  "ts": "2026-01-22T16:01:36.432Z",
  "xauusd": 4872.600098,
  "xagusd": 95.785004,
  "fng": {
    "value": 20,
    "classification": "Extreme Fear"
  },
  "usd_thb": 31.17
}