{
  "ts": "2025-12-24T13:43:50.645Z",
  "xauusd": 4486.399902,
  "xagusd": 71.896004,
  "fng": {
    "value": 24,
    "classification": "Extreme Fear"
  },
  "usd_thb": 31
}