{
  "ts": "2025-08-18T14:58:22.368Z",
  "xauusd": 3333.800049,
  "xagusd": 38.071999,
  "fng": {
    "value": 60,
    "classification": "Greed"
  },
  "usd_thb": 32.51
}