{
  "ts": "2026-03-12T20:21:30.508Z",
  "xauusd": 5086.399902,
  "xagusd": 84.346001,
  "fng": {
    "value": 18,
    "classification": "Extreme Fear"
  },
  "usd_thb": 32.16
}