{
  "ts": "2025-10-07T09:24:08.381Z",
  "xauusd": 3960.699951,
  "xagusd": 48.391998,
  "fng": {
    "value": 70,
    "classification": "Greed"
  },
  "usd_thb": 32.52
}