{
  "ts": "2026-02-17T21:43:48.826Z",
  "xauusd": 4881.899902,
  "xagusd": 73.663002,
  "fng": {
    "value": 10,
    "classification": "Extreme Fear"
  },
  "usd_thb": 31.22
}