{
  "ts": "2026-04-20T21:54:08.365Z",
  "xauusd": 4821.600098,
  "xagusd": 79.855003,
  "fng": {
    "value": 29,
    "classification": "Fear"
  },
  "usd_thb": 32
}