{
  "ts": "2026-03-30T15:38:56.413Z",
  "xauusd": 4549.100098,
  "xagusd": 71.285004,
  "fng": {
    "value": 8,
    "classification": "Extreme Fear"
  },
  "usd_thb": 32.81
}