{
  "ts": "2026-05-11T00:03:08.177Z",
  "xauusd": 4684.399902,
  "xagusd": 80.092003,
  "fng": {
    "value": 48,
    "classification": "Neutral"
  },
  "usd_thb": 32.27
}