{
  "ts": "2025-12-15T13:02:52.521Z",
  "xauusd": 4344.600098,
  "xagusd": 64.018997,
  "fng": {
    "value": 16,
    "classification": "Extreme Fear"
  },
  "usd_thb": 31.45
}