{
  "ts": "2025-10-31T17:45:10.550Z",
  "xauusd": 3998.899902,
  "xagusd": 48.676998,
  "fng": {
    "value": 29,
    "classification": "Fear"
  },
  "usd_thb": 32.4
}