{
  "ts": "2026-05-01T19:36:56.838Z",
  "xauusd": 4618.899902,
  "xagusd": 75.723999,
  "fng": {
    "value": 26,
    "classification": "Fear"
  },
  "usd_thb": 32.51
}