{
  "ts": "2026-03-09T22:16:48.065Z",
  "xauusd": 5132.200195,
  "xagusd": 87.133003,
  "fng": {
    "value": 8,
    "classification": "Extreme Fear"
  },
  "usd_thb": 31.58
}