{
  "ts": "2025-12-02T23:44:12.449Z",
  "xauusd": 4209.299805,
  "xagusd": 58.460999,
  "fng": {
    "value": 23,
    "classification": "Extreme Fear"
  },
  "usd_thb": 32
}