{
  "ts": "2026-03-06T10:20:05.272Z",
  "xauusd": 5086.200195,
  "xagusd": 83.064003,
  "fng": {
    "value": 18,
    "classification": "Extreme Fear"
  },
  "usd_thb": 31.89
}