{
  "ts": "2025-10-21T08:57:54.330Z",
  "xauusd": 4271.200195,
  "xagusd": 49.810001,
  "fng": {
    "value": 34,
    "classification": "Fear"
  },
  "usd_thb": 32.75
}