{
  "ts": "2026-03-23T21:22:24.206Z",
  "xauusd": 4408.100098,
  "xagusd": 69.267998,
  "fng": {
    "value": 8,
    "classification": "Extreme Fear"
  },
  "usd_thb": 32.13
}