{
  "ts": "2025-10-06T19:48:54.334Z",
  "xauusd": 3963.300049,
  "xagusd": 48.681999,
  "fng": {
    "value": 71,
    "classification": "Greed"
  },
  "usd_thb": 32.38
}