{
  "ts": "2025-10-27T06:58:07.924Z",
  "xauusd": 4076.600098,
  "xagusd": 48.355999,
  "fng": {
    "value": 51,
    "classification": "Neutral"
  },
  "usd_thb": 32.68
}