{
  "ts": "2025-09-24T05:44:36.154Z",
  "xauusd": 3777.100098,
  "xagusd": 44.323002,
  "fng": {
    "value": 44,
    "classification": "Fear"
  },
  "usd_thb": 31.97
}