{
  "ts": "2025-09-21T22:49:21.732Z",
  "xauusd": 3689.899902,
  "xagusd": 43.144402,
  "fng": {
    "value": 49,
    "classification": "Neutral"
  },
  "usd_thb": 31.91
}