{
  "ts": "2026-03-30T21:54:00.718Z",
  "xauusd": 4512.200195,
  "xagusd": 70.223999,
  "fng": {
    "value": 8,
    "classification": "Extreme Fear"
  },
  "usd_thb": 32.79
}