{
  "ts": "2026-01-02T09:52:56.718Z",
  "xauusd": 4389.299805,
  "xagusd": 74.524002,
  "fng": {
    "value": 28,
    "classification": "Fear"
  },
  "usd_thb": 31.36
}