{
  "ts": "2025-10-21T13:10:11.155Z",
  "xauusd": 4203.799805,
  "xagusd": 49.817001,
  "fng": {
    "value": 34,
    "classification": "Fear"
  },
  "usd_thb": 32.85
}