{
  "ts": "2025-10-10T23:19:36.659Z",
  "xauusd": 4018.399902,
  "xagusd": 50.008999,
  "fng": {
    "value": 64,
    "classification": "Greed"
  },
  "usd_thb": 32.54
}