{
  "ts": "2025-12-31T21:00:19.504Z",
  "xauusd": 4314.200195,
  "xagusd": 71.199997,
  "fng": {
    "value": 21,
    "classification": "Extreme Fear"
  },
  "usd_thb": 31.44
}