{
  "ts": "2026-02-04T15:22:27.096Z",
  "xauusd": 4981.399902,
  "xagusd": 89.616997,
  "fng": {
    "value": 14,
    "classification": "Extreme Fear"
  },
  "usd_thb": 31.69
}