{
  "ts": "2026-06-12T06:16:18.825Z",
  "xauusd": 4184.100098,
  "xagusd": 66.964996,
  "fng": {
    "value": 12,
    "classification": "Extreme Fear"
  },
  "usd_thb": 32.8
}