{
  "ts": "2026-05-06T13:14:25.311Z",
  "xauusd": 4681.200195,
  "xagusd": 76.931999,
  "fng": {
    "value": 46,
    "classification": "Fear"
  },
  "usd_thb": 32.24
}