{
  "ts": "2025-12-05T11:51:54.465Z",
  "xauusd": 4223.799805,
  "xagusd": 58.212002,
  "fng": {
    "value": 28,
    "classification": "Fear"
  },
  "usd_thb": 31.84
}