{
  "ts": "2026-01-12T13:56:35.553Z",
  "xauusd": 4620.899902,
  "xagusd": 85.668999,
  "fng": {
    "value": 27,
    "classification": "Fear"
  },
  "usd_thb": 31.14
}