{
  "ts": "2025-10-15T08:16:15.011Z",
  "xauusd": 4216.899902,
  "xagusd": 52.825001,
  "fng": {
    "value": 34,
    "classification": "Fear"
  },
  "usd_thb": 32.46
}