{
  "ts": "2025-10-10T07:22:12.442Z",
  "xauusd": 3964.300049,
  "xagusd": 50.320999,
  "fng": {
    "value": 64,
    "classification": "Greed"
  },
  "usd_thb": 32.78
}