{
  "ts": "2025-11-27T13:59:30.915Z",
  "xauusd": 4155.399902,
  "xagusd": 53.119999,
  "fng": {
    "value": 22,
    "classification": "Extreme Fear"
  },
  "usd_thb": 32.22
}