{
  "ts": "2026-02-17T11:27:03.810Z",
  "xauusd": 4928.299805,
  "xagusd": 74.536003,
  "fng": {
    "value": 10,
    "classification": "Extreme Fear"
  },
  "usd_thb": 31.25
}