{
  "ts": "2026-04-24T20:07:21.199Z",
  "xauusd": 4713.299805,
  "xagusd": 76.063004,
  "fng": {
    "value": 39,
    "classification": "Fear"
  },
  "usd_thb": 32.28
}