{
  "ts": "2026-04-08T04:59:20.753Z",
  "xauusd": 4803.700195,
  "xagusd": 76.761002,
  "fng": {
    "value": 17,
    "classification": "Extreme Fear"
  },
  "usd_thb": 32.02
}