{
  "ts": "2025-09-04T02:44:55.214Z",
  "xauusd": 3541.699951,
  "xagusd": 40.720001,
  "fng": {
    "value": 51,
    "classification": "Neutral"
  },
  "usd_thb": 32.28
}