{
  "ts": "2025-08-28T05:57:46.346Z",
  "xauusd": 3389.699951,
  "xagusd": 38.772999,
  "fng": {
    "value": 48,
    "classification": "Neutral"
  },
  "usd_thb": 32.42
}