{
  "ts": "2026-03-25T16:20:41.362Z",
  "xauusd": 4550.899902,
  "xagusd": 72.662003,
  "fng": {
    "value": 14,
    "classification": "Extreme Fear"
  },
  "usd_thb": 32.58
}