{
  "ts": "2025-10-08T04:13:58.994Z",
  "xauusd": 4021.399902,
  "xagusd": 48.512001,
  "fng": {
    "value": 60,
    "classification": "Greed"
  },
  "usd_thb": 32.4
}