{
  "ts": "2025-09-26T09:24:32.080Z",
  "xauusd": 3750.899902,
  "xagusd": 45.105999,
  "fng": {
    "value": 28,
    "classification": "Fear"
  },
  "usd_thb": 32.22
}