{
  "ts": "2025-09-11T03:29:31.211Z",
  "xauusd": 3635.699951,
  "xagusd": 41.168999,
  "fng": {
    "value": 54,
    "classification": "Neutral"
  },
  "usd_thb": 31.79
}