{
  "ts": "2026-01-15T11:55:51.853Z",
  "xauusd": 4618.299805,
  "xagusd": 91.122002,
  "fng": {
    "value": 61,
    "classification": "Greed"
  },
  "usd_thb": 31.31
}