{
  "ts": "2026-04-22T17:43:28.393Z",
  "xauusd": 4735.700195,
  "xagusd": 77.899002,
  "fng": {
    "value": 32,
    "classification": "Fear"
  },
  "usd_thb": 32.2
}