{
  "ts": "2025-09-02T04:54:02.386Z",
  "xauusd": 3498.899902,
  "xagusd": 40.879002,
  "fng": {
    "value": 49,
    "classification": "Neutral"
  },
  "usd_thb": 32.26
}