{
  "ts": "2026-02-02T11:42:32.327Z",
  "xauusd": 4777.399902,
  "xagusd": 83.813004,
  "fng": {
    "value": 14,
    "classification": "Extreme Fear"
  },
  "usd_thb": 31.49
}