{
  "ts": "2026-01-05T09:49:25.387Z",
  "xauusd": 4436.399902,
  "xagusd": 76.212997,
  "fng": {
    "value": 26,
    "classification": "Fear"
  },
  "usd_thb": 31.32
}