{
  "ts": "2025-11-21T09:24:04.094Z",
  "xauusd": 4057.899902,
  "xagusd": 49.457001,
  "fng": {
    "value": 14,
    "classification": "Extreme Fear"
  },
  "usd_thb": 32.46
}