{
  "ts": "2026-03-18T11:25:58.161Z",
  "xauusd": 4967.399902,
  "xagusd": 79.483002,
  "fng": {
    "value": 26,
    "classification": "Fear"
  },
  "usd_thb": 32.4
}