{
  "ts": "2025-12-04T16:57:57.975Z",
  "xauusd": 4217.200195,
  "xagusd": 57.243999,
  "fng": {
    "value": 26,
    "classification": "Fear"
  },
  "usd_thb": 32
}