{
  "ts": "2026-01-02T18:31:34.670Z",
  "xauusd": 4319.700195,
  "xagusd": 71.731003,
  "fng": {
    "value": 28,
    "classification": "Fear"
  },
  "usd_thb": 31.41
}