{
  "ts": "2026-02-02T12:01:17.588Z",
  "xauusd": 4775.100098,
  "xagusd": 83.438004,
  "fng": {
    "value": 14,
    "classification": "Extreme Fear"
  },
  "usd_thb": 31.55
}