{
  "ts": "2025-09-10T00:56:23.761Z",
  "xauusd": 3622.139893,
  "xagusd": 40.775101,
  "fng": {
    "value": 49,
    "classification": "Neutral"
  },
  "usd_thb": 31.78
}