{
  "ts": "2026-01-27T04:17:12.433Z",
  "xauusd": 5073.100098,
  "xagusd": 109.445999,
  "fng": {
    "value": 29,
    "classification": "Fear"
  },
  "usd_thb": 31.1
}