{
  "ts": "2025-11-06T11:26:52.203Z",
  "xauusd": 4008.399902,
  "xagusd": 48.625999,
  "fng": {
    "value": 27,
    "classification": "Fear"
  },
  "usd_thb": 32.36
}