{
  "ts": "2025-08-27T08:31:24.120Z",
  "xauusd": 3385.100098,
  "xagusd": 38.456001,
  "fng": {
    "value": 51,
    "classification": "Neutral"
  },
  "usd_thb": 32.46
}