{
  "ts": "2025-10-07T17:52:19.065Z",
  "xauusd": 3983.699951,
  "xagusd": 47.856998,
  "fng": {
    "value": 70,
    "classification": "Greed"
  },
  "usd_thb": 32.47
}