{
  "ts": "2025-10-02T22:41:36.644Z",
  "xauusd": 3858.300049,
  "xagusd": 47.018002,
  "fng": {
    "value": 64,
    "classification": "Greed"
  },
  "usd_thb": 32.45
}