{
  "ts": "2025-09-23T17:07:45.788Z",
  "xauusd": 3781.300049,
  "xagusd": 44.337002,
  "fng": {
    "value": 43,
    "classification": "Fear"
  },
  "usd_thb": 31.88
}