{
  "ts": "2025-10-10T14:57:01.619Z",
  "xauusd": 3987.300049,
  "xagusd": 50.625999,
  "fng": {
    "value": 64,
    "classification": "Greed"
  },
  "usd_thb": 32.7
}