{
  "ts": "2025-09-10T16:59:18.958Z",
  "xauusd": 3643.389893,
  "xagusd": 41.148499,
  "fng": {
    "value": 49,
    "classification": "Neutral"
  },
  "usd_thb": 31.73
}