{
  "ts": "2025-09-10T08:29:54.375Z",
  "xauusd": 3645.100098,
  "xagusd": 41.105801,
  "fng": {
    "value": 49,
    "classification": "Neutral"
  },
  "usd_thb": 31.8
}