{
  "ts": "2025-10-09T18:42:37.766Z",
  "xauusd": 3961.800049,
  "xagusd": 48.889999,
  "fng": {
    "value": 70,
    "classification": "Greed"
  },
  "usd_thb": 32.8
}