{
  "ts": "2025-12-22T19:28:05.989Z",
  "xauusd": 4433.299805,
  "xagusd": 68.467003,
  "fng": {
    "value": 25,
    "classification": "Extreme Fear"
  },
  "usd_thb": 31.15
}