{
  "ts": "2025-10-27T15:41:54.129Z",
  "xauusd": 3988.199951,
  "xagusd": 46.535999,
  "fng": {
    "value": 51,
    "classification": "Neutral"
  },
  "usd_thb": 32.69
}