{
  "ts": "2026-03-23T13:42:33.498Z",
  "xauusd": 4442.700195,
  "xagusd": 68.668999,
  "fng": {
    "value": 8,
    "classification": "Extreme Fear"
  },
  "usd_thb": 32.2
}