{
  "ts": "2025-10-11T16:33:57.343Z",
  "xauusd": 4018.399902,
  "xagusd": 50.008999,
  "fng": {
    "value": 27,
    "classification": "Fear"
  },
  "usd_thb": 32.63
}