{
  "ts": "2026-03-17T16:45:56.904Z",
  "xauusd": 5003.200195,
  "xagusd": 79.615997,
  "fng": {
    "value": 28,
    "classification": "Fear"
  },
  "usd_thb": 32.3
}