{
  "ts": "2026-01-13T10:58:34.264Z",
  "xauusd": 4587.100098,
  "xagusd": 85.803001,
  "fng": {
    "value": 26,
    "classification": "Fear"
  },
  "usd_thb": 31.41
}