{
  "ts": "2025-09-15T23:39:47.540Z",
  "xauusd": 3679.199951,
  "xagusd": 42.681999,
  "fng": {
    "value": 53,
    "classification": "Neutral"
  },
  "usd_thb": 31.79
}