{
  "ts": "2025-12-24T08:52:00.648Z",
  "xauusd": 4487.700195,
  "xagusd": 71.844002,
  "fng": {
    "value": 24,
    "classification": "Extreme Fear"
  },
  "usd_thb": 31.02
}