{
  "ts": "2025-11-10T09:16:57.114Z",
  "xauusd": 4072.899902,
  "xagusd": 49.744999,
  "fng": {
    "value": 29,
    "classification": "Fear"
  },
  "usd_thb": 32.37
}