{
  "ts": "2026-01-02T08:26:48.719Z",
  "xauusd": 4384.700195,
  "xagusd": 74.411003,
  "fng": {
    "value": 28,
    "classification": "Fear"
  },
  "usd_thb": 31.39
}