{
  "ts": "2026-01-06T10:33:48.030Z",
  "xauusd": 4453.799805,
  "xagusd": 77.970001,
  "fng": {
    "value": 44,
    "classification": "Fear"
  },
  "usd_thb": 31.23
}