{
  "ts": "2025-11-12T22:55:17.108Z",
  "xauusd": 4196.399902,
  "xagusd": 53.308998,
  "fng": {
    "value": 24,
    "classification": "Extreme Fear"
  },
  "usd_thb": 32.36
}