{
  "ts": "2025-11-24T19:47:27.505Z",
  "xauusd": 4117.799805,
  "xagusd": 51.032001,
  "fng": {
    "value": 19,
    "classification": "Extreme Fear"
  },
  "usd_thb": 32.36
}