{
  "ts": "2025-10-20T10:23:10.928Z",
  "xauusd": 4258.399902,
  "xagusd": 51.852001,
  "fng": {
    "value": 29,
    "classification": "Fear"
  },
  "usd_thb": 32.73
}