{
  "ts": "2025-12-19T15:18:12.399Z",
  "xauusd": 4344.700195,
  "xagusd": 66.489998,
  "fng": {
    "value": 16,
    "classification": "Extreme Fear"
  },
  "usd_thb": 31.42
}