{
  "ts": "2026-01-12T08:26:42.296Z",
  "xauusd": 4583.799805,
  "xagusd": 84.259003,
  "fng": {
    "value": 27,
    "classification": "Fear"
  },
  "usd_thb": 31.22
}