{
  "ts": "2025-10-08T07:16:08.292Z",
  "xauusd": 4037.699951,
  "xagusd": 48.731998,
  "fng": {
    "value": 60,
    "classification": "Greed"
  },
  "usd_thb": 32.4
}