{
  "ts": "2026-01-22T21:18:44.200Z",
  "xauusd": 4923.899902,
  "xagusd": 96.323997,
  "fng": {
    "value": 20,
    "classification": "Extreme Fear"
  },
  "usd_thb": 31.068
}