{
  "ts": "2025-12-18T21:28:00.404Z",
  "xauusd": 4333.299805,
  "xagusd": 65.450996,
  "fng": {
    "value": 17,
    "classification": "Extreme Fear"
  },
  "usd_thb": 31.4
}