{
  "ts": "2025-09-24T11:33:44.712Z",
  "xauusd": 3765.399902,
  "xagusd": 44.042999,
  "fng": {
    "value": 44,
    "classification": "Fear"
  },
  "usd_thb": 32.03
}