{
  "ts": "2025-08-27T23:45:16.825Z",
  "xauusd": 3398.800049,
  "xagusd": 38.661999,
  "fng": {
    "value": 51,
    "classification": "Neutral"
  },
  "usd_thb": 32.41
}