{
  "ts": "2025-11-23T00:00:02.361Z",
  "xauusd": 4066.199951,
  "xagusd": 50.060001,
  "fng": {
    "value": 11,
    "classification": "Extreme Fear"
  },
  "usd_thb": 32.36
}