{
  "ts": "2026-01-29T08:21:52.064Z",
  "xauusd": 5537.899902,
  "xagusd": 117.233002,
  "fng": {
    "value": 26,
    "classification": "Fear"
  },
  "usd_thb": 31.142
}