{
  "ts": "2025-11-11T18:49:27.029Z",
  "xauusd": 4113.600098,
  "xagusd": 51.009998,
  "fng": {
    "value": 26,
    "classification": "Fear"
  },
  "usd_thb": 32.43
}