{
  "ts": "2025-12-05T05:38:58.114Z",
  "xauusd": 4220.799805,
  "xagusd": 57.875999,
  "fng": {
    "value": 28,
    "classification": "Fear"
  },
  "usd_thb": 31.88
}