{
  "ts": "2026-01-02T15:40:40.629Z",
  "xauusd": 4340.299805,
  "xagusd": 73.147003,
  "fng": {
    "value": 28,
    "classification": "Fear"
  },
  "usd_thb": 31.4
}