{
  "ts": "2025-10-31T07:45:37.575Z",
  "xauusd": 4015.399902,
  "xagusd": 49.244999,
  "fng": {
    "value": 29,
    "classification": "Fear"
  },
  "usd_thb": 32.35
}