{
  "ts": "2026-06-29T21:25:44.586Z",
  "xauusd": 4017.600098,
  "xagusd": 58.425999,
  "fng": {
    "value": 12,
    "classification": "Extreme Fear"
  },
  "usd_thb": 33.24
}