{
  "ts": "2025-09-04T09:26:27.885Z",
  "xauusd": 3542.699951,
  "xagusd": 40.970001,
  "fng": {
    "value": 51,
    "classification": "Neutral"
  },
  "usd_thb": 32.32
}