{
  "ts": "2025-12-29T16:58:13.019Z",
  "xauusd": 4345.399902,
  "xagusd": 72.533997,
  "fng": {
    "value": 24,
    "classification": "Extreme Fear"
  },
  "usd_thb": 31.6
}