{
  "ts": "2026-06-16T07:08:15.254Z",
  "xauusd": 4328.299805,
  "xagusd": 69.978996,
  "fng": {
    "value": 23,
    "classification": "Extreme Fear"
  },
  "usd_thb": 32.49
}