{
  "ts": "2025-10-31T06:51:34.862Z",
  "xauusd": 4009.100098,
  "xagusd": 49.185001,
  "fng": {
    "value": 29,
    "classification": "Fear"
  },
  "usd_thb": 32.3
}