{
  "ts": "2025-12-19T14:54:57.265Z",
  "xauusd": 4329.600098,
  "xagusd": 66.224998,
  "fng": {
    "value": 16,
    "classification": "Extreme Fear"
  },
  "usd_thb": 31.44
}