{
  "ts": "2026-02-25T22:58:43.893Z",
  "xauusd": 5166.100098,
  "xagusd": 89.336998,
  "fng": {
    "value": 11,
    "classification": "Extreme Fear"
  },
  "usd_thb": 31.02
}