{
  "ts": "2025-12-31T15:52:26.893Z",
  "xauusd": 4332.299805,
  "xagusd": 72.337997,
  "fng": {
    "value": 21,
    "classification": "Extreme Fear"
  },
  "usd_thb": 31.48
}