{
  "ts": "2025-09-17T04:58:51.690Z",
  "xauusd": 3681.699951,
  "xagusd": 42.063999,
  "fng": {
    "value": 53,
    "classification": "Neutral"
  },
  "usd_thb": 31.74
}