{
  "ts": "2025-12-31T20:18:37.863Z",
  "xauusd": 4315.899902,
  "xagusd": 70.644997,
  "fng": {
    "value": 21,
    "classification": "Extreme Fear"
  },
  "usd_thb": 31.44
}