{
  "ts": "2025-12-15T21:22:57.233Z",
  "xauusd": 4305.700195,
  "xagusd": 64.096001,
  "fng": {
    "value": 16,
    "classification": "Extreme Fear"
  },
  "usd_thb": 31.48
}