{
  "ts": "2025-08-18T19:13:53.278Z",
  "xauusd": 3331.199951,
  "xagusd": 38.049999,
  "fng": {
    "value": 60,
    "classification": "Greed"
  },
  "usd_thb": 32.5
}