{
  "ts": "2025-12-18T07:48:23.180Z",
  "xauusd": 4334.399902,
  "xagusd": 66.531998,
  "fng": {
    "value": 17,
    "classification": "Extreme Fear"
  },
  "usd_thb": 31.45
}