{
  "ts": "2026-04-06T11:29:43.705Z",
  "xauusd": 4693.799805,
  "xagusd": 73.452003,
  "fng": {
    "value": 13,
    "classification": "Extreme Fear"
  },
  "usd_thb": 32.48
}