{
  "ts": "2025-11-19T07:14:04.734Z",
  "xauusd": 4087.899902,
  "xagusd": 51.377998,
  "fng": {
    "value": 15,
    "classification": "Extreme Fear"
  },
  "usd_thb": 32.41
}