{
  "ts": "2025-10-23T15:34:52.545Z",
  "xauusd": 4146.600098,
  "xagusd": 49.368999,
  "fng": {
    "value": 27,
    "classification": "Fear"
  },
  "usd_thb": 32.76
}