{
  "ts": "2025-11-06T09:26:52.186Z",
  "xauusd": 4014.237549,
  "xagusd": 48.759499,
  "fng": {
    "value": 27,
    "classification": "Fear"
  },
  "usd_thb": 32.37
}