{
  "ts": "2026-06-23T05:54:46.973Z",
  "xauusd": 4119.799805,
  "xagusd": 62.643002,
  "fng": {
    "value": 23,
    "classification": "Extreme Fear"
  },
  "usd_thb": 33.11
}