{
  "ts": "2025-09-04T14:13:31.629Z",
  "xauusd": 3541.399902,
  "xagusd": 40.623001,
  "fng": {
    "value": 51,
    "classification": "Neutral"
  },
  "usd_thb": 32.31
}