{
  "ts": "2025-10-27T11:18:02.823Z",
  "xauusd": 4032.100098,
  "xagusd": 47.616001,
  "fng": {
    "value": 51,
    "classification": "Neutral"
  },
  "usd_thb": 32.68
}