{
  "ts": "2025-09-15T03:41:13.795Z",
  "xauusd": 3645.300049,
  "xagusd": 42.310001,
  "fng": {
    "value": 53,
    "classification": "Neutral"
  },
  "usd_thb": 31.77
}