{
  "ts": "2025-10-02T23:57:54.463Z",
  "xauusd": 3863.600098,
  "xagusd": 47.015999,
  "fng": {
    "value": 64,
    "classification": "Greed"
  },
  "usd_thb": 32.44
}