{
  "ts": "2025-12-12T21:32:54.536Z",
  "xauusd": 4303.399902,
  "xagusd": 62.019001,
  "fng": {
    "value": 29,
    "classification": "Fear"
  },
  "usd_thb": 31.61
}