{
  "ts": "2025-10-29T04:25:25.959Z",
  "xauusd": 3959.100098,
  "xagusd": 47.532001,
  "fng": {
    "value": 51,
    "classification": "Neutral"
  },
  "usd_thb": 32.39
}