{
  "ts": "2025-12-12T20:56:14.685Z",
  "xauusd": 4299.200195,
  "xagusd": 61.853001,
  "fng": {
    "value": 29,
    "classification": "Fear"
  },
  "usd_thb": 31.57
}