{
  "ts": "2025-11-04T15:36:33.691Z",
  "xauusd": 3956.600098,
  "xagusd": 47.396999,
  "fng": {
    "value": 21,
    "classification": "Extreme Fear"
  },
  "usd_thb": 32.59
}