{
  "ts": "2025-12-18T01:11:39.766Z",
  "xauusd": 4333.100098,
  "xagusd": 66.337997,
  "fng": {
    "value": 17,
    "classification": "Extreme Fear"
  },
  "usd_thb": 31.48
}