{
  "ts": "2026-02-27T15:02:48.270Z",
  "xauusd": 5223.600098,
  "xagusd": 92.035004,
  "fng": {
    "value": 13,
    "classification": "Extreme Fear"
  },
  "usd_thb": 31.05
}