{
  "ts": "2025-10-28T11:26:36.407Z",
  "xauusd": 3920.199951,
  "xagusd": 46.372002,
  "fng": {
    "value": 50,
    "classification": "Neutral"
  },
  "usd_thb": 32.45
}