{
  "ts": "2025-11-20T16:17:32.582Z",
  "xauusd": 4075.800049,
  "xagusd": 50.955002,
  "fng": {
    "value": 11,
    "classification": "Extreme Fear"
  },
  "usd_thb": 32.4
}