{
  "ts": "2025-10-29T23:53:54.530Z",
  "xauusd": 3951.199951,
  "xagusd": 47.831001,
  "fng": {
    "value": 51,
    "classification": "Neutral"
  },
  "usd_thb": 32.39
}