{
  "ts": "2025-09-05T09:14:03.359Z",
  "xauusd": 3551.100098,
  "xagusd": 40.851002,
  "fng": {
    "value": 48,
    "classification": "Neutral"
  },
  "usd_thb": 32.18
}