{
  "ts": "2025-12-24T15:01:01.798Z",
  "xauusd": 4466.100098,
  "xagusd": 70.964996,
  "fng": {
    "value": 24,
    "classification": "Extreme Fear"
  },
  "usd_thb": 31.05
}