{
  "ts": "2025-10-20T04:47:26.586Z",
  "xauusd": 4268.399902,
  "xagusd": 52.196999,
  "fng": {
    "value": 29,
    "classification": "Fear"
  },
  "usd_thb": 32.73
}