{
  "ts": "2025-09-02T19:15:15.649Z",
  "xauusd": 3536.100098,
  "xagusd": 40.959999,
  "fng": {
    "value": 49,
    "classification": "Neutral"
  },
  "usd_thb": 32.34
}