{
  "ts": "2025-10-07T08:58:07.922Z",
  "xauusd": 3953.100098,
  "xagusd": 48.257999,
  "fng": {
    "value": 70,
    "classification": "Greed"
  },
  "usd_thb": 32.56
}