{
  "ts": "2025-12-29T15:53:24.731Z",
  "xauusd": 4326.200195,
  "xagusd": 71.080002,
  "fng": {
    "value": 24,
    "classification": "Extreme Fear"
  },
  "usd_thb": 31.59
}