{
  "ts": "2026-04-22T11:34:34.732Z",
  "xauusd": 4760.399902,
  "xagusd": 78.311996,
  "fng": {
    "value": 32,
    "classification": "Fear"
  },
  "usd_thb": 32.18
}