{
  "ts": "2025-10-02T18:55:58.172Z",
  "xauusd": 3851.899902,
  "xagusd": 46.811001,
  "fng": {
    "value": 64,
    "classification": "Greed"
  },
  "usd_thb": 32.47
}