{
  "ts": "2025-10-23T19:47:37.099Z",
  "xauusd": 4119.100098,
  "xagusd": 48.970001,
  "fng": {
    "value": 27,
    "classification": "Fear"
  },
  "usd_thb": 32.79
}