{
  "ts": "2025-09-16T19:27:20.389Z",
  "xauusd": 3690.699951,
  "xagusd": 42.605999,
  "fng": {
    "value": 52,
    "classification": "Neutral"
  },
  "usd_thb": 31.68
}