{
  "ts": "2025-10-07T11:48:21.505Z",
  "xauusd": 3966.800049,
  "xagusd": 48.584999,
  "fng": {
    "value": 70,
    "classification": "Greed"
  },
  "usd_thb": 32.5
}