{
  "ts": "2025-12-31T11:52:37.603Z",
  "xauusd": 4315.200195,
  "xagusd": 72.322998,
  "fng": {
    "value": 21,
    "classification": "Extreme Fear"
  },
  "usd_thb": 31.56
}