{
  "ts": "2025-09-30T03:44:51.166Z",
  "xauusd": 3863.800049,
  "xagusd": 47.085999,
  "fng": {
    "value": 50,
    "classification": "Neutral"
  },
  "usd_thb": 32.31
}