{
  "ts": "2025-12-09T21:51:44.731Z",
  "xauusd": 4209.700195,
  "xagusd": 60.728001,
  "fng": {
    "value": 22,
    "classification": "Extreme Fear"
  },
  "usd_thb": 31.83
}