{
  "ts": "2025-09-02T09:55:05.640Z",
  "xauusd": 3479.300049,
  "xagusd": 40.439999,
  "fng": {
    "value": 49,
    "classification": "Neutral"
  },
  "usd_thb": 32.39
}