{
  "ts": "2025-12-18T11:47:41.335Z",
  "xauusd": 4327.399902,
  "xagusd": 66.252998,
  "fng": {
    "value": 17,
    "classification": "Extreme Fear"
  },
  "usd_thb": 31.45
}