{
  "ts": "2026-01-08T21:58:24.888Z",
  "xauusd": 4477.799805,
  "xagusd": 76.988998,
  "fng": {
    "value": 28,
    "classification": "Fear"
  },
  "usd_thb": 31.41
}