{
  "ts": "2025-11-27T13:50:47.029Z",
  "xauusd": 4156.399902,
  "xagusd": 53.117001,
  "fng": {
    "value": 22,
    "classification": "Extreme Fear"
  },
  "usd_thb": 32.24
}