{
  "ts": "2025-08-21T04:27:48.910Z",
  "xauusd": 3340.399902,
  "xagusd": 37.945999,
  "fng": {
    "value": 50,
    "classification": "Neutral"
  },
  "usd_thb": 32.55
}