{
  "ts": "2026-03-04T12:02:01.266Z",
  "xauusd": 5196.399902,
  "xagusd": 86.536003,
  "fng": {
    "value": 10,
    "classification": "Extreme Fear"
  },
  "usd_thb": 31.47
}