{
  "ts": "2025-12-03T12:40:07.836Z",
  "xauusd": 4214.100098,
  "xagusd": 58.560001,
  "fng": {
    "value": 28,
    "classification": "Fear"
  },
  "usd_thb": 31.89
}