{
  "ts": "2026-05-17T22:29:12.548Z",
  "xauusd": 4542.399902,
  "xagusd": 76.414001,
  "fng": {
    "value": 27,
    "classification": "Fear"
  },
  "usd_thb": 32.66
}