{
  "ts": "2026-05-04T00:11:24.742Z",
  "xauusd": 4617.600098,
  "xagusd": 75.880997,
  "fng": {
    "value": 40,
    "classification": "Fear"
  },
  "usd_thb": 32.33
}