{
  "ts": "2025-12-17T23:54:37.390Z",
  "xauusd": 4343.700195,
  "xagusd": 66.504997,
  "fng": {
    "value": 16,
    "classification": "Extreme Fear"
  },
  "usd_thb": 31.47
}