{
  "ts": "2025-11-05T07:42:54.290Z",
  "xauusd": 3970.100098,
  "xagusd": 47.766998,
  "fng": {
    "value": 23,
    "classification": "Extreme Fear"
  },
  "usd_thb": 32.57
}