{
  "ts": "2026-01-20T20:01:02.341Z",
  "xauusd": 4761.899902,
  "xagusd": 94.623001,
  "fng": {
    "value": 32,
    "classification": "Fear"
  },
  "usd_thb": 31.02
}