{
  "ts": "2026-03-30T12:39:25.581Z",
  "xauusd": 4572.100098,
  "xagusd": 71.581001,
  "fng": {
    "value": 8,
    "classification": "Extreme Fear"
  },
  "usd_thb": 32.81
}