{
  "ts": "2025-12-12T11:36:45.225Z",
  "xauusd": 4334.799805,
  "xagusd": 64.450996,
  "fng": {
    "value": 29,
    "classification": "Fear"
  },
  "usd_thb": 31.54
}