{
  "ts": "2026-01-09T13:28:43.407Z",
  "xauusd": 4473.899902,
  "xagusd": 77.876999,
  "fng": {
    "value": 27,
    "classification": "Fear"
  },
  "usd_thb": 31.4
}