{
  "ts": "2025-11-12T05:43:53.216Z",
  "xauusd": 4107.600098,
  "xagusd": 51.115002,
  "fng": {
    "value": 24,
    "classification": "Extreme Fear"
  },
  "usd_thb": 32.5
}