{
  "ts": "2025-09-11T01:53:01.391Z",
  "xauusd": 3642.600098,
  "xagusd": 41.240002,
  "fng": {
    "value": 54,
    "classification": "Neutral"
  },
  "usd_thb": 31.77
}