{
  "ts": "2026-05-11T18:11:55.222Z",
  "xauusd": 4726.799805,
  "xagusd": 85.872002,
  "fng": {
    "value": 48,
    "classification": "Neutral"
  },
  "usd_thb": 32.23
}