{
  "ts": "2025-10-07T17:32:16.213Z",
  "xauusd": 3982.399902,
  "xagusd": 47.748001,
  "fng": {
    "value": 70,
    "classification": "Greed"
  },
  "usd_thb": 32.47
}