{
  "ts": "2025-10-23T22:52:11.837Z",
  "xauusd": 4118.200195,
  "xagusd": 48.830002,
  "fng": {
    "value": 27,
    "classification": "Fear"
  },
  "usd_thb": 32.78
}