{
  "ts": "2025-11-20T05:15:12.443Z",
  "xauusd": 4070.600098,
  "xagusd": 51.332001,
  "fng": {
    "value": 11,
    "classification": "Extreme Fear"
  },
  "usd_thb": 32.46
}