{
  "ts": "2025-10-13T22:50:40.040Z",
  "xauusd": 4112.799805,
  "xagusd": 52.470001,
  "fng": {
    "value": 38,
    "classification": "Fear"
  },
  "usd_thb": 32.62
}