{
  "ts": "2026-06-12T01:37:03.147Z",
  "xauusd": 4179.100098,
  "xagusd": 66.716003,
  "fng": {
    "value": 12,
    "classification": "Extreme Fear"
  },
  "usd_thb": 32.79
}