{
  "ts": "2025-10-08T22:43:07.834Z",
  "xauusd": 4023.300049,
  "xagusd": 49.080002,
  "fng": {
    "value": 60,
    "classification": "Greed"
  },
  "usd_thb": 32.51
}