{
  "ts": "2025-11-04T16:28:16.308Z",
  "xauusd": 3974.199951,
  "xagusd": 47.741001,
  "fng": {
    "value": 21,
    "classification": "Extreme Fear"
  },
  "usd_thb": 32.54
}