{
  "ts": "2025-10-02T23:49:17.538Z",
  "xauusd": 3864.699951,
  "xagusd": 46.998001,
  "fng": {
    "value": 64,
    "classification": "Greed"
  },
  "usd_thb": 32.44
}