{
  "ts": "2025-10-03T07:39:38.419Z",
  "xauusd": 3864.100098,
  "xagusd": 47.412998,
  "fng": {
    "value": 63,
    "classification": "Greed"
  },
  "usd_thb": 32.4
}