{
  "ts": "2026-07-23T15:09:48.877Z",
  "xauusd": 4056.600098,
  "xagusd": 57.762001,
  "fng": {
    "value": 31,
    "classification": "Fear"
  },
  "usd_thb": 33.81
}