{
  "ts": "2025-09-25T02:52:11.734Z",
  "xauusd": 3740.399902,
  "xagusd": 44.023998,
  "fng": {
    "value": 44,
    "classification": "Fear"
  },
  "usd_thb": 32.11
}