{
  "ts": "2025-09-30T07:34:21.043Z",
  "xauusd": 3854.399902,
  "xagusd": 46.783001,
  "fng": {
    "value": 50,
    "classification": "Neutral"
  },
  "usd_thb": 32.33
}