{
  "ts": "2025-09-03T07:21:50.812Z",
  "xauusd": 3531.899902,
  "xagusd": 40.782001,
  "fng": {
    "value": 55,
    "classification": "Greed"
  },
  "usd_thb": 32.38
}