{
  "ts": "2026-04-08T23:38:29.616Z",
  "xauusd": 4714.399902,
  "xagusd": 73.831001,
  "fng": {
    "value": 17,
    "classification": "Extreme Fear"
  },
  "usd_thb": 32.05
}