{
  "ts": "2025-12-11T11:56:14.073Z",
  "xauusd": 4213.799805,
  "xagusd": 62.102001,
  "fng": {
    "value": 29,
    "classification": "Fear"
  },
  "usd_thb": 31.74
}