{
  "ts": "2025-12-15T16:42:12.389Z",
  "xauusd": 4293.700195,
  "xagusd": 63.117001,
  "fng": {
    "value": 16,
    "classification": "Extreme Fear"
  },
  "usd_thb": 31.49
}