{
  "ts": "2025-10-13T10:14:12.804Z",
  "xauusd": 4073.399902,
  "xagusd": 51.021999,
  "fng": {
    "value": 38,
    "classification": "Fear"
  },
  "usd_thb": 32.52
}