{
  "ts": "2025-09-15T13:45:16.496Z",
  "xauusd": 3664.800049,
  "xagusd": 42.296001,
  "fng": {
    "value": 53,
    "classification": "Neutral"
  },
  "usd_thb": 31.79
}