{
  "ts": "2025-09-26T12:35:50.726Z",
  "xauusd": 3754.800049,
  "xagusd": 45.199001,
  "fng": {
    "value": 28,
    "classification": "Fear"
  },
  "usd_thb": 32.21
}