{
  "ts": "2025-09-09T07:23:19.513Z",
  "xauusd": 3646.100098,
  "xagusd": 41.377998,
  "fng": {
    "value": 48,
    "classification": "Neutral"
  },
  "usd_thb": 31.7
}