{
  "ts": "2025-11-13T17:58:59.837Z",
  "xauusd": 4202.600098,
  "xagusd": 53.191002,
  "fng": {
    "value": 15,
    "classification": "Extreme Fear"
  },
  "usd_thb": 32.27
}