{
  "ts": "2025-08-14T21:43:34.788Z",
  "xauusd": 3336.600098,
  "xagusd": 38.054001,
  "fng": {
    "value": 75,
    "classification": "Greed"
  },
  "usd_thb": 32.44
}