{
  "ts": "2025-09-12T03:17:42.802Z",
  "xauusd": 3651.199951,
  "xagusd": 41.936001,
  "fng": {
    "value": 57,
    "classification": "Greed"
  },
  "usd_thb": 31.67
}