{
  "ts": "2026-01-27T10:13:30.810Z",
  "xauusd": 5093.299805,
  "xagusd": 112.782997,
  "fng": {
    "value": 29,
    "classification": "Fear"
  },
  "usd_thb": 31.032
}