{
  "ts": "2025-09-17T15:33:09.174Z",
  "xauusd": 3686.199951,
  "xagusd": 42.116001,
  "fng": {
    "value": 53,
    "classification": "Neutral"
  },
  "usd_thb": 31.69
}