{
  "ts": "2025-09-17T15:44:51.235Z",
  "xauusd": 3686.199951,
  "xagusd": 42.108002,
  "fng": {
    "value": 53,
    "classification": "Neutral"
  },
  "usd_thb": 31.68
}