{
  "ts": "2025-09-25T18:51:59.491Z",
  "xauusd": 3757.100098,
  "xagusd": 45.123001,
  "fng": {
    "value": 44,
    "classification": "Fear"
  },
  "usd_thb": 32.2
}