{
  "ts": "2025-12-29T11:21:03.843Z",
  "xauusd": 4465.700195,
  "xagusd": 75.615997,
  "fng": {
    "value": 24,
    "classification": "Extreme Fear"
  },
  "usd_thb": 29.51
}