{
  "ts": "2025-10-14T03:58:04.224Z",
  "xauusd": 4164.399902,
  "xagusd": 53.310001,
  "fng": {
    "value": 38,
    "classification": "Fear"
  },
  "usd_thb": 32.55
}