{
  "ts": "2026-05-01T11:44:43.034Z",
  "xauusd": 4577.200195,
  "xagusd": 73.670998,
  "fng": {
    "value": 26,
    "classification": "Fear"
  },
  "usd_thb": 32.52
}