{
  "ts": "2026-01-15T08:30:48.447Z",
  "xauusd": 4603.600098,
  "xagusd": 89.549004,
  "fng": {
    "value": 61,
    "classification": "Greed"
  },
  "usd_thb": 31.36
}