{
  "ts": "2025-10-30T06:53:13.059Z",
  "xauusd": 3967.699951,
  "xagusd": 47.825001,
  "fng": {
    "value": 34,
    "classification": "Fear"
  },
  "usd_thb": 32.49
}