{
  "ts": "2026-03-18T21:46:47.768Z",
  "xauusd": 4819.700195,
  "xagusd": 75.456001,
  "fng": {
    "value": 26,
    "classification": "Fear"
  },
  "usd_thb": 32.77
}