{
  "ts": "2025-09-09T05:56:35.249Z",
  "xauusd": 3657.199951,
  "xagusd": 41.467201,
  "fng": {
    "value": 48,
    "classification": "Neutral"
  },
  "usd_thb": 31.62
}