{
  "ts": "2026-01-19T23:48:25.215Z",
  "xauusd": 4667.299805,
  "xagusd": 94.071999,
  "fng": {
    "value": 44,
    "classification": "Fear"
  },
  "usd_thb": 31.245
}