{
  "ts": "2026-02-05T16:01:54.018Z",
  "xauusd": 4814.100098,
  "xagusd": 74.056999,
  "fng": {
    "value": 12,
    "classification": "Extreme Fear"
  },
  "usd_thb": 31.78
}