{
  "ts": "2025-10-23T08:56:38.352Z",
  "xauusd": 4115.200195,
  "xagusd": 49.195999,
  "fng": {
    "value": 27,
    "classification": "Fear"
  },
  "usd_thb": 32.78
}