{
  "ts": "2026-06-08T23:37:04.327Z",
  "xauusd": 4321.600098,
  "xagusd": 68.087997,
  "fng": {
    "value": 8,
    "classification": "Extreme Fear"
  },
  "usd_thb": 32.84
}