{
  "ts": "2026-06-26T19:10:27.859Z",
  "xauusd": 4067.699951,
  "xagusd": 59.060001,
  "fng": {
    "value": 13,
    "classification": "Extreme Fear"
  },
  "usd_thb": 33.36
}