{
  "ts": "2025-11-11T03:38:40.381Z",
  "xauusd": 4148.700195,
  "xagusd": 50.887001,
  "fng": {
    "value": 26,
    "classification": "Fear"
  },
  "usd_thb": 32.39
}