{
  "ts": "2026-01-08T21:36:16.719Z",
  "xauusd": 4474.899902,
  "xagusd": 76.978996,
  "fng": {
    "value": 28,
    "classification": "Fear"
  },
  "usd_thb": 31.4
}