{
  "ts": "2025-11-12T14:10:21.743Z",
  "xauusd": 4135.799805,
  "xagusd": 51.875999,
  "fng": {
    "value": 24,
    "classification": "Extreme Fear"
  },
  "usd_thb": 32.45
}