{
  "ts": "2025-12-05T05:50:01.885Z",
  "xauusd": 4220.799805,
  "xagusd": 58.089001,
  "fng": {
    "value": 28,
    "classification": "Fear"
  },
  "usd_thb": 31.88
}