{
  "ts": "2025-12-10T18:22:23.551Z",
  "xauusd": 4199.700195,
  "xagusd": 60.700001,
  "fng": {
    "value": 26,
    "classification": "Fear"
  },
  "usd_thb": 31.82
}