{
  "ts": "2026-04-24T11:45:46.759Z",
  "xauusd": 4706.200195,
  "xagusd": 75.990997,
  "fng": {
    "value": 39,
    "classification": "Fear"
  },
  "usd_thb": 32.32
}