{
  "ts": "2026-06-16T22:24:57.217Z",
  "xauusd": 4330.899902,
  "xagusd": 70.127998,
  "fng": {
    "value": 23,
    "classification": "Extreme Fear"
  },
  "usd_thb": 32.49
}