{
  "ts": "2025-09-23T06:16:43.448Z",
  "xauusd": 3755.899902,
  "xagusd": 43.903999,
  "fng": {
    "value": 43,
    "classification": "Fear"
  },
  "usd_thb": 31.84
}