{
  "ts": "2025-10-30T07:49:56.058Z",
  "xauusd": 3960.600098,
  "xagusd": 47.714001,
  "fng": {
    "value": 34,
    "classification": "Fear"
  },
  "usd_thb": 32.46
}