{
  "ts": "2025-12-04T05:59:30.595Z",
  "xauusd": 4180.100098,
  "xagusd": 57.632999,
  "fng": {
    "value": 26,
    "classification": "Fear"
  },
  "usd_thb": 32.06
}