{
  "ts": "2026-02-13T10:09:34.270Z",
  "xauusd": 4971.899902,
  "xagusd": 78.412003,
  "fng": {
    "value": 9,
    "classification": "Extreme Fear"
  },
  "usd_thb": 31.07
}