{
  "ts": "2026-06-02T21:34:21.838Z",
  "xauusd": 4489.100098,
  "xagusd": 75.253998,
  "fng": {
    "value": 23,
    "classification": "Extreme Fear"
  },
  "usd_thb": 32.63
}