{
  "ts": "2025-10-30T11:59:38.888Z",
  "xauusd": 3976.699951,
  "xagusd": 48.235001,
  "fng": {
    "value": 34,
    "classification": "Fear"
  },
  "usd_thb": 32.44
}