{
  "ts": "2025-08-26T07:52:16.218Z",
  "xauusd": 3378.199951,
  "xagusd": 38.757999,
  "fng": {
    "value": 48,
    "classification": "Neutral"
  },
  "usd_thb": 32.46
}