{
  "ts": "2025-09-08T06:59:25.164Z",
  "xauusd": 3596.300049,
  "xagusd": 41.005001,
  "fng": {
    "value": 51,
    "classification": "Neutral"
  },
  "usd_thb": 31.93
}