{
  "ts": "2025-09-10T15:42:53.070Z",
  "xauusd": 3648.199951,
  "xagusd": 41.235001,
  "fng": {
    "value": 49,
    "classification": "Neutral"
  },
  "usd_thb": 31.73
}