{
  "ts": "2025-10-22T06:58:39.671Z",
  "xauusd": 4159.600098,
  "xagusd": 49.276001,
  "fng": {
    "value": 25,
    "classification": "Extreme Fear"
  },
  "usd_thb": 32.76
}