{
  "ts": "2026-01-20T23:56:43.046Z",
  "xauusd": 4776.100098,
  "xagusd": 94.942001,
  "fng": {
    "value": 32,
    "classification": "Fear"
  },
  "usd_thb": 30.97
}