{
  "ts": "2026-01-16T06:33:05.165Z",
  "xauusd": 4605.299805,
  "xagusd": 90.761002,
  "fng": {
    "value": 49,
    "classification": "Neutral"
  },
  "usd_thb": 31.32
}