{
  "ts": "2026-01-15T15:11:46.884Z",
  "xauusd": 4609.799805,
  "xagusd": 90.455002,
  "fng": {
    "value": 61,
    "classification": "Greed"
  },
  "usd_thb": 31.31
}