{
  "ts": "2025-12-12T08:56:31.495Z",
  "xauusd": 4309.600098,
  "xagusd": 63.942001,
  "fng": {
    "value": 29,
    "classification": "Fear"
  },
  "usd_thb": 31.63
}