{
  "ts": "2025-08-27T14:59:50.254Z",
  "xauusd": 3386.199951,
  "xagusd": 38.422001,
  "fng": {
    "value": 51,
    "classification": "Neutral"
  },
  "usd_thb": 32.45
}