{
  "ts": "2025-11-03T06:25:04.725Z",
  "xauusd": 4016.800049,
  "xagusd": 49.018002,
  "fng": {
    "value": 42,
    "classification": "Fear"
  },
  "usd_thb": 32.37
}