{
  "ts": "2025-09-09T18:30:39.661Z",
  "xauusd": 3644.202393,
  "xagusd": 40.962002,
  "fng": {
    "value": 48,
    "classification": "Neutral"
  },
  "usd_thb": 31.74
}