{
  "ts": "2026-03-19T11:41:22.747Z",
  "xauusd": 4678.700195,
  "xagusd": 70.978996,
  "fng": {
    "value": 23,
    "classification": "Extreme Fear"
  },
  "usd_thb": 32.84
}