{
  "ts": "2025-09-08T01:39:54.710Z",
  "xauusd": 3587.399902,
  "xagusd": 40.869999,
  "fng": {
    "value": 51,
    "classification": "Neutral"
  },
  "usd_thb": 32.08
}