{
  "ts": "2025-08-29T18:37:26.435Z",
  "xauusd": 3445.100098,
  "xagusd": 39.799999,
  "fng": {
    "value": 50,
    "classification": "Neutral"
  },
  "usd_thb": 32.31
}