{
  "ts": "2025-10-30T14:53:32.715Z",
  "xauusd": 3998.300049,
  "xagusd": 48.728001,
  "fng": {
    "value": 34,
    "classification": "Fear"
  },
  "usd_thb": 32.4
}