{
  "ts": "2025-11-06T10:39:41.983Z",
  "xauusd": 4007.399902,
  "xagusd": 48.676998,
  "fng": {
    "value": 27,
    "classification": "Fear"
  },
  "usd_thb": 32.35
}