{
  "ts": "2025-10-28T09:49:05.107Z",
  "xauusd": 3910.100098,
  "xagusd": 46.035999,
  "fng": {
    "value": 50,
    "classification": "Neutral"
  },
  "usd_thb": 32.45
}