{
  "ts": "2025-09-22T17:00:59.078Z",
  "xauusd": 3738.199951,
  "xagusd": 43.949001,
  "fng": {
    "value": 45,
    "classification": "Fear"
  },
  "usd_thb": 31.77
}