{
  "ts": "2025-08-15T11:27:10.192Z",
  "xauusd": 3340.300049,
  "xagusd": 37.869999,
  "fng": {
    "value": 60,
    "classification": "Greed"
  },
  "usd_thb": 32.44
}