{
  "ts": "2025-08-26T13:49:30.787Z",
  "xauusd": 3377.899902,
  "xagusd": 38.585999,
  "fng": {
    "value": 48,
    "classification": "Neutral"
  },
  "usd_thb": 32.44
}