{
  "ts": "2026-01-14T15:13:05.338Z",
  "xauusd": 4610.200195,
  "xagusd": 90.904999,
  "fng": {
    "value": 48,
    "classification": "Neutral"
  },
  "usd_thb": 31.35
}