{
  "ts": "2026-01-15T05:44:03.420Z",
  "xauusd": 4588.399902,
  "xagusd": 87.500999,
  "fng": {
    "value": 61,
    "classification": "Greed"
  },
  "usd_thb": 31.44
}