{
  "ts": "2025-10-07T11:28:48.183Z",
  "xauusd": 3958.800049,
  "xagusd": 48.453999,
  "fng": {
    "value": 70,
    "classification": "Greed"
  },
  "usd_thb": 32.52
}