{
  "ts": "2025-09-25T10:15:04.344Z",
  "xauusd": 3758.100098,
  "xagusd": 44.938999,
  "fng": {
    "value": 44,
    "classification": "Fear"
  },
  "usd_thb": 32.12
}