{
  "ts": "2026-05-12T15:10:31.085Z",
  "xauusd": 4671.700195,
  "xagusd": 84.462997,
  "fng": {
    "value": 49,
    "classification": "Neutral"
  },
  "usd_thb": 32.4
}