{
  "ts": "2025-12-26T10:56:38.956Z",
  "xauusd": 4514.399902,
  "xagusd": 74.894997,
  "fng": {
    "value": 20,
    "classification": "Extreme Fear"
  },
  "usd_thb": 30.99
}