{
  "ts": "2026-01-23T07:58:31.583Z",
  "xauusd": 4950.299805,
  "xagusd": 98.913002,
  "fng": {
    "value": 24,
    "classification": "Extreme Fear"
  },
  "usd_thb": 31.16
}