{
  "ts": "2025-08-25T05:59:29.989Z",
  "xauusd": 3364.300049,
  "xagusd": 38.910999,
  "fng": {
    "value": 47,
    "classification": "Neutral"
  },
  "usd_thb": 32.4
}