{
  "ts": "2026-02-09T09:08:17.818Z",
  "xauusd": 5034.600098,
  "xagusd": 82.155998,
  "fng": {
    "value": 14,
    "classification": "Extreme Fear"
  },
  "usd_thb": 31.18
}