{
  "ts": "2025-12-26T19:50:38.276Z",
  "xauusd": 4523.799805,
  "xagusd": 77.157997,
  "fng": {
    "value": 20,
    "classification": "Extreme Fear"
  },
  "usd_thb": 30.98
}