{
  "ts": "2026-01-07T05:43:44.632Z",
  "xauusd": 4454.399902,
  "xagusd": 78.913002,
  "fng": {
    "value": 42,
    "classification": "Fear"
  },
  "usd_thb": 31.19
}