{
  "ts": "2026-01-16T04:12:12.266Z",
  "xauusd": 4600.200195,
  "xagusd": 90.669998,
  "fng": {
    "value": 49,
    "classification": "Neutral"
  },
  "usd_thb": 31.35
}