{
  "ts": "2026-01-16T05:16:42.722Z",
  "xauusd": 4597.600098,
  "xagusd": 90.690002,
  "fng": {
    "value": 49,
    "classification": "Neutral"
  },
  "usd_thb": 31.35
}