{
  "ts": "2025-12-09T04:15:31.699Z",
  "xauusd": 4195.200195,
  "xagusd": 58.355999,
  "fng": {
    "value": 22,
    "classification": "Extreme Fear"
  },
  "usd_thb": 31.85
}