{
  "ts": "2025-09-02T23:30:01.077Z",
  "xauusd": 3529.100098,
  "xagusd": 40.932999,
  "fng": {
    "value": 49,
    "classification": "Neutral"
  },
  "usd_thb": 32.32
}