{
  "ts": "2025-12-15T14:57:40.316Z",
  "xauusd": 4321.100098,
  "xagusd": 63.317001,
  "fng": {
    "value": 16,
    "classification": "Extreme Fear"
  },
  "usd_thb": 31.44
}