{
  "ts": "2025-11-28T05:47:41.658Z",
  "xauusd": 4185.899902,
  "xagusd": 53.964001,
  "fng": {
    "value": 25,
    "classification": "Extreme Fear"
  },
  "usd_thb": 32.15
}