{
  "ts": "2026-05-29T23:18:45.666Z",
  "xauusd": 4540.299805,
  "xagusd": 75.400002,
  "fng": {
    "value": 23,
    "classification": "Extreme Fear"
  },
  "usd_thb": 32.43
}