{
  "ts": "2026-01-13T18:43:11.069Z",
  "xauusd": 4600.700195,
  "xagusd": 87.614998,
  "fng": {
    "value": 26,
    "classification": "Fear"
  },
  "usd_thb": 31.49
}