{
  "ts": "2025-09-04T01:37:29.472Z",
  "xauusd": 3553.300049,
  "xagusd": 41.077999,
  "fng": {
    "value": 51,
    "classification": "Neutral"
  },
  "usd_thb": 32.29
}