{
  "ts": "2025-11-14T07:48:12.024Z",
  "xauusd": 4176.299805,
  "xagusd": 52.830002,
  "fng": {
    "value": 16,
    "classification": "Extreme Fear"
  },
  "usd_thb": 32.35
}