{
  "ts": "2025-09-08T17:17:34.419Z",
  "xauusd": 3634.699951,
  "xagusd": 41.296001,
  "fng": {
    "value": 51,
    "classification": "Neutral"
  },
  "usd_thb": 31.69
}