{
  "ts": "2025-12-10T14:58:24.965Z",
  "xauusd": 4195.899902,
  "xagusd": 60.507999,
  "fng": {
    "value": 26,
    "classification": "Fear"
  },
  "usd_thb": 31.85
}