{
  "ts": "2026-01-08T05:43:25.081Z",
  "xauusd": 4424.399902,
  "xagusd": 75.949997,
  "fng": {
    "value": 28,
    "classification": "Fear"
  },
  "usd_thb": 31.34
}