{
  "ts": "2025-08-21T04:45:03.603Z",
  "xauusd": 3339.800049,
  "xagusd": 37.936001,
  "fng": {
    "value": 50,
    "classification": "Neutral"
  },
  "usd_thb": 32.55
}