{
  "ts": "2025-11-25T19:57:29.005Z",
  "xauusd": 4132.799805,
  "xagusd": 51.251999,
  "fng": {
    "value": 20,
    "classification": "Extreme Fear"
  },
  "usd_thb": 32.25
}