{
  "ts": "2025-09-22T21:35:23.594Z",
  "xauusd": 3747.699951,
  "xagusd": 44.115002,
  "fng": {
    "value": 45,
    "classification": "Fear"
  },
  "usd_thb": 31.77
}