{
  "ts": "2026-01-26T13:06:15.099Z",
  "xauusd": 5073.100098,
  "xagusd": 109.345001,
  "fng": {
    "value": 20,
    "classification": "Extreme Fear"
  },
  "usd_thb": 31.14
}