{
  "ts": "2025-09-04T17:39:51.548Z",
  "xauusd": 3546.100098,
  "xagusd": 40.658001,
  "fng": {
    "value": 51,
    "classification": "Neutral"
  },
  "usd_thb": 32.28
}