{
  "ts": "2025-10-29T05:19:21.805Z",
  "xauusd": 3959.699951,
  "xagusd": 47.528999,
  "fng": {
    "value": 51,
    "classification": "Neutral"
  },
  "usd_thb": 32.37
}