{
  "ts": "2025-08-20T17:15:00.589Z",
  "xauusd": 3346.300049,
  "xagusd": 37.849998,
  "fng": {
    "value": 44,
    "classification": "Fear"
  },
  "usd_thb": 32.55
}