{
  "ts": "2025-09-26T13:47:06.426Z",
  "xauusd": 3760.800049,
  "xagusd": 45.515999,
  "fng": {
    "value": 28,
    "classification": "Fear"
  },
  "usd_thb": 32.22
}