{
  "ts": "2025-10-23T09:48:10.782Z",
  "xauusd": 4118.200195,
  "xagusd": 49.012001,
  "fng": {
    "value": 27,
    "classification": "Fear"
  },
  "usd_thb": 32.8
}