{
  "ts": "2026-01-02T06:00:44.251Z",
  "xauusd": 4380.899902,
  "xagusd": 73.960999,
  "fng": {
    "value": 28,
    "classification": "Fear"
  },
  "usd_thb": 31.42
}