{
  "ts": "2025-08-18T13:59:48.894Z",
  "xauusd": 3338.199951,
  "xagusd": 38.130001,
  "fng": {
    "value": 60,
    "classification": "Greed"
  },
  "usd_thb": 32.48
}