{
  "ts": "2026-03-11T13:44:52.238Z",
  "xauusd": 5171.299805,
  "xagusd": 85.378998,
  "fng": {
    "value": 15,
    "classification": "Extreme Fear"
  },
  "usd_thb": 31.75
}