{
  "ts": "2025-09-22T07:56:22.585Z",
  "xauusd": 3714.699951,
  "xagusd": 43.630001,
  "fng": {
    "value": 45,
    "classification": "Fear"
  },
  "usd_thb": 31.79
}