{
  "ts": "2025-10-17T09:49:42.316Z",
  "xauusd": 4340.299805,
  "xagusd": 53.897999,
  "fng": {
    "value": 22,
    "classification": "Extreme Fear"
  },
  "usd_thb": 32.65
}