{
  "ts": "2026-01-12T03:55:56.561Z",
  "xauusd": 4573.899902,
  "xagusd": 83.459999,
  "fng": {
    "value": 27,
    "classification": "Fear"
  },
  "usd_thb": 31.25
}