{
  "ts": "2026-07-19T15:07:46.789Z",
  "xauusd": 4019.300049,
  "xagusd": 56.080002,
  "fng": {
    "value": 28,
    "classification": "Fear"
  },
  "usd_thb": 33.57
}