{
  "ts": "2025-09-05T09:42:42.397Z",
  "xauusd": 3550.199951,
  "xagusd": 40.827999,
  "fng": {
    "value": 48,
    "classification": "Neutral"
  },
  "usd_thb": 32.21
}