{
  "ts": "2026-02-04T13:46:27.371Z",
  "xauusd": 5037.200195,
  "xagusd": 90.669998,
  "fng": {
    "value": 14,
    "classification": "Extreme Fear"
  },
  "usd_thb": 31.63
}