{
  "ts": "2025-08-15T10:19:34.329Z",
  "xauusd": 3341.600098,
  "xagusd": 37.903999,
  "fng": {
    "value": 60,
    "classification": "Greed"
  },
  "usd_thb": 32.42
}