{
  "ts": "2026-01-09T13:55:27.701Z",
  "xauusd": 4482.200195,
  "xagusd": 78.272003,
  "fng": {
    "value": 27,
    "classification": "Fear"
  },
  "usd_thb": 31.34
}