{
  "ts": "2026-03-02T14:27:33.442Z",
  "xauusd": 5331.200195,
  "xagusd": 89.809998,
  "fng": {
    "value": 10,
    "classification": "Extreme Fear"
  },
  "usd_thb": 31.5
}