{
  "ts": "2026-01-20T14:25:12.670Z",
  "xauusd": 4746.200195,
  "xagusd": 95.290001,
  "fng": {
    "value": 32,
    "classification": "Fear"
  },
  "usd_thb": 31.01
}