{
  "ts": "2025-09-25T14:09:59.241Z",
  "xauusd": 3725.899902,
  "xagusd": 44.400002,
  "fng": {
    "value": 44,
    "classification": "Fear"
  },
  "usd_thb": 32.3
}