{
  "ts": "2025-09-02T19:54:01.212Z",
  "xauusd": 3539.899902,
  "xagusd": 40.950001,
  "fng": {
    "value": 49,
    "classification": "Neutral"
  },
  "usd_thb": 32.31
}