{
  "ts": "2025-10-10T11:26:54.820Z",
  "xauusd": 3998.800049,
  "xagusd": 50.259998,
  "fng": {
    "value": 64,
    "classification": "Greed"
  },
  "usd_thb": 32.68
}