{
  "ts": "2025-12-02T10:54:10.117Z",
  "xauusd": 4187.200195,
  "xagusd": 57.066002,
  "fng": {
    "value": 23,
    "classification": "Extreme Fear"
  },
  "usd_thb": 32.02
}