{
  "ts": "2026-01-13T07:33:54.149Z",
  "xauusd": 4586.100098,
  "xagusd": 85.264999,
  "fng": {
    "value": 26,
    "classification": "Fear"
  },
  "usd_thb": 31.31
}