{
  "ts": "2025-11-14T21:45:50.714Z",
  "xauusd": 4081.399902,
  "xagusd": 50.618999,
  "fng": {
    "value": 16,
    "classification": "Extreme Fear"
  },
  "usd_thb": 32.44
}