{
  "ts": "2026-01-09T19:48:50.333Z",
  "xauusd": 4499.299805,
  "xagusd": 79.998001,
  "fng": {
    "value": 27,
    "classification": "Fear"
  },
  "usd_thb": 31.36
}