{
  "ts": "2025-12-24T05:59:37.187Z",
  "xauusd": 4490.700195,
  "xagusd": 72.154999,
  "fng": {
    "value": 24,
    "classification": "Extreme Fear"
  },
  "usd_thb": 31.02
}