{
  "ts": "2025-10-02T22:15:35.235Z",
  "xauusd": 3854.699951,
  "xagusd": 46.943001,
  "fng": {
    "value": 64,
    "classification": "Greed"
  },
  "usd_thb": 32.45
}