{
  "ts": "2025-09-19T16:49:10.777Z",
  "xauusd": 3670.399902,
  "xagusd": 42.719002,
  "fng": {
    "value": 53,
    "classification": "Neutral"
  },
  "usd_thb": 31.82
}