{
  "ts": "2025-11-13T05:39:10.496Z",
  "xauusd": 4213.299805,
  "xagusd": 54.189999,
  "fng": {
    "value": 15,
    "classification": "Extreme Fear"
  },
  "usd_thb": 32.36
}