{
  "ts": "2026-01-29T17:36:56.233Z",
  "xauusd": 5345.799805,
  "xagusd": 115.252998,
  "fng": {
    "value": 26,
    "classification": "Fear"
  },
  "usd_thb": 31.281
}