{
  "ts": "2025-09-30T11:29:59.292Z",
  "xauusd": 3810.899902,
  "xagusd": 46.203999,
  "fng": {
    "value": 50,
    "classification": "Neutral"
  },
  "usd_thb": 32.44
}