{
  "ts": "2026-04-15T14:02:06.135Z",
  "xauusd": 4827.700195,
  "xagusd": 80.134003,
  "fng": {
    "value": 23,
    "classification": "Extreme Fear"
  },
  "usd_thb": 31.98
}