{
  "ts": "2025-10-09T08:59:38.523Z",
  "xauusd": 4039.800049,
  "xagusd": 49.342999,
  "fng": {
    "value": 70,
    "classification": "Greed"
  },
  "usd_thb": 32.6
}