{
  "ts": "2025-09-26T10:47:10.914Z",
  "xauusd": 3746.399902,
  "xagusd": 45.066002,
  "fng": {
    "value": 28,
    "classification": "Fear"
  },
  "usd_thb": 32.23
}