{
  "ts": "2026-03-17T08:31:55.362Z",
  "xauusd": 5021.299805,
  "xagusd": 81.135002,
  "fng": {
    "value": 28,
    "classification": "Fear"
  },
  "usd_thb": 32.39
}