{
  "ts": "2026-02-25T23:56:40.662Z",
  "xauusd": 5170.399902,
  "xagusd": 88.331001,
  "fng": {
    "value": 11,
    "classification": "Extreme Fear"
  },
  "usd_thb": 31.03
}