{
  "ts": "2026-07-17T12:51:10.531Z",
  "xauusd": 3968.399902,
  "xagusd": 55.303001,
  "fng": {
    "value": 27,
    "classification": "Fear"
  },
  "usd_thb": 33.64
}