{
  "ts": "2025-12-30T09:28:41.879Z",
  "xauusd": 4369.899902,
  "xagusd": 74.474998,
  "fng": {
    "value": 23,
    "classification": "Extreme Fear"
  },
  "usd_thb": 31.45
}