{
  "ts": "2025-12-17T10:56:57.701Z",
  "xauusd": 4317.200195,
  "xagusd": 65.788002,
  "fng": {
    "value": 16,
    "classification": "Extreme Fear"
  },
  "usd_thb": 31.51
}