{
  "ts": "2025-11-11T23:29:06.506Z",
  "xauusd": 4138.899902,
  "xagusd": 51.358002,
  "fng": {
    "value": 26,
    "classification": "Fear"
  },
  "usd_thb": 32.4
}