{
  "ts": "2025-12-01T10:57:41.099Z",
  "xauusd": 4257.200195,
  "xagusd": 57.685001,
  "fng": {
    "value": 24,
    "classification": "Extreme Fear"
  },
  "usd_thb": 31.96
}