{
  "ts": "2025-09-24T14:16:53.135Z",
  "xauusd": 3762.399902,
  "xagusd": 44.096001,
  "fng": {
    "value": 44,
    "classification": "Fear"
  },
  "usd_thb": 32.06
}