{
  "ts": "2026-03-10T05:28:09.329Z",
  "xauusd": 5171.600098,
  "xagusd": 88.712997,
  "fng": {
    "value": 13,
    "classification": "Extreme Fear"
  },
  "usd_thb": 31.7
}