{
  "ts": "2025-11-18T15:40:04.548Z",
  "xauusd": 4063.600098,
  "xagusd": 50.636002,
  "fng": {
    "value": 11,
    "classification": "Extreme Fear"
  },
  "usd_thb": 32.38
}