{
  "ts": "2025-12-01T06:51:20.424Z",
  "xauusd": 4240.399902,
  "xagusd": 57.101002,
  "fng": {
    "value": 24,
    "classification": "Extreme Fear"
  },
  "usd_thb": 32.04
}