{
  "ts": "2026-03-03T23:55:20.007Z",
  "xauusd": 5123.899902,
  "xagusd": 83.158997,
  "fng": {
    "value": 14,
    "classification": "Extreme Fear"
  },
  "usd_thb": 31.56
}