{
  "ts": "2025-10-02T14:55:31.051Z",
  "xauusd": 3826.600098,
  "xagusd": 46.110001,
  "fng": {
    "value": 64,
    "classification": "Greed"
  },
  "usd_thb": 32.49
}