{
  "ts": "2026-05-01T17:11:12.361Z",
  "xauusd": 4639.899902,
  "xagusd": 76.289001,
  "fng": {
    "value": 26,
    "classification": "Fear"
  },
  "usd_thb": 32.44
}