{
  "ts": "2025-12-29T21:20:37.296Z",
  "xauusd": 4336.100098,
  "xagusd": 72.440002,
  "fng": {
    "value": 24,
    "classification": "Extreme Fear"
  },
  "usd_thb": 31.63
}