{
  "ts": "2025-10-03T18:33:01.971Z",
  "xauusd": 3886.100098,
  "xagusd": 48.057999,
  "fng": {
    "value": 63,
    "classification": "Greed"
  },
  "usd_thb": 32.33
}