{
  "ts": "2025-12-15T19:49:22.966Z",
  "xauusd": 4313.600098,
  "xagusd": 64.099998,
  "fng": {
    "value": 16,
    "classification": "Extreme Fear"
  },
  "usd_thb": 31.49
}