{
  "ts": "2025-12-18T09:24:44.486Z",
  "xauusd": 4327.899902,
  "xagusd": 66.139999,
  "fng": {
    "value": 17,
    "classification": "Extreme Fear"
  },
  "usd_thb": 31.46
}