{
  "ts": "2025-09-25T17:59:55.793Z",
  "xauusd": 3743.399902,
  "xagusd": 44.873001,
  "fng": {
    "value": 44,
    "classification": "Fear"
  },
  "usd_thb": 32.24
}