{
  "ts": "2026-01-15T11:32:55.278Z",
  "xauusd": 4620.200195,
  "xagusd": 91.441002,
  "fng": {
    "value": 61,
    "classification": "Greed"
  },
  "usd_thb": 31.3
}