{
  "ts": "2025-09-09T17:30:23.712Z",
  "xauusd": 3643.899902,
  "xagusd": 40.912998,
  "fng": {
    "value": 48,
    "classification": "Neutral"
  },
  "usd_thb": 31.71
}