{
  "ts": "2025-10-07T18:14:03.494Z",
  "xauusd": 3980.399902,
  "xagusd": 47.620998,
  "fng": {
    "value": 70,
    "classification": "Greed"
  },
  "usd_thb": 32.48
}