{
  "ts": "2025-10-20T04:56:28.470Z",
  "xauusd": 4267.100098,
  "xagusd": 52.185001,
  "fng": {
    "value": 29,
    "classification": "Fear"
  },
  "usd_thb": 32.72
}