{
  "ts": "2025-09-11T06:58:27.284Z",
  "xauusd": 3636.100098,
  "xagusd": 41.148998,
  "fng": {
    "value": 54,
    "classification": "Neutral"
  },
  "usd_thb": 31.8
}