{
  "ts": "2026-05-08T06:14:44.450Z",
  "xauusd": 4726.899902,
  "xagusd": 80.676003,
  "fng": {
    "value": 38,
    "classification": "Fear"
  },
  "usd_thb": 32.22
}