{
  "ts": "2025-08-29T07:33:25.100Z",
  "xauusd": 3407.899902,
  "xagusd": 38.845001,
  "fng": {
    "value": 50,
    "classification": "Neutral"
  },
  "usd_thb": 32.36
}