{
  "ts": "2026-07-22T07:05:39.359Z",
  "xauusd": 4113.700195,
  "xagusd": 59.316002,
  "fng": {
    "value": 33,
    "classification": "Fear"
  },
  "usd_thb": 33.78
}