{
  "ts": "2026-06-16T12:20:06.860Z",
  "xauusd": 4341.899902,
  "xagusd": 70.733002,
  "fng": {
    "value": 23,
    "classification": "Extreme Fear"
  },
  "usd_thb": 32.48
}