{
  "ts": "2026-03-30T04:15:41.386Z",
  "xauusd": 4488.799805,
  "xagusd": 69.990997,
  "fng": {
    "value": 8,
    "classification": "Extreme Fear"
  },
  "usd_thb": 32.8
}