{
  "ts": "2025-09-04T10:36:48.052Z",
  "xauusd": 3542.600098,
  "xagusd": 40.988998,
  "fng": {
    "value": 51,
    "classification": "Neutral"
  },
  "usd_thb": 32.31
}