{
  "ts": "2025-11-05T13:56:58.700Z",
  "xauusd": 3979.899902,
  "xagusd": 48.089001,
  "fng": {
    "value": 23,
    "classification": "Extreme Fear"
  },
  "usd_thb": 32.5
}