{
  "ts": "2025-10-16T10:51:31.562Z",
  "xauusd": 4242.100098,
  "xagusd": 53.057999,
  "fng": {
    "value": 28,
    "classification": "Fear"
  },
  "usd_thb": 32.54
}