{
  "ts": "2026-01-29T16:56:24.914Z",
  "xauusd": 5254.399902,
  "xagusd": 112.108002,
  "fng": {
    "value": 26,
    "classification": "Fear"
  },
  "usd_thb": 31.344
}