{
  "ts": "2026-02-10T22:00:03.648Z",
  "xauusd": 5025.700195,
  "xagusd": 80.907997,
  "fng": {
    "value": 9,
    "classification": "Extreme Fear"
  },
  "usd_thb": 31.15
}