{
  "ts": "2025-09-16T20:34:22.955Z",
  "xauusd": 3694.399902,
  "xagusd": 42.640999,
  "fng": {
    "value": 52,
    "classification": "Neutral"
  },
  "usd_thb": 31.67
}