{
  "ts": "2025-10-01T11:59:06.465Z",
  "xauusd": 3885.100098,
  "xagusd": 47.439999,
  "fng": {
    "value": 49,
    "classification": "Neutral"
  },
  "usd_thb": 32.34
}