{
  "ts": "2025-09-26T08:49:40.190Z",
  "xauusd": 3754.300049,
  "xagusd": 45.085999,
  "fng": {
    "value": 28,
    "classification": "Fear"
  },
  "usd_thb": 32.17
}