{
  "ts": "2025-11-20T07:39:32.131Z",
  "xauusd": 4067.399902,
  "xagusd": 51.210999,
  "fng": {
    "value": 11,
    "classification": "Extreme Fear"
  },
  "usd_thb": 32.45
}