{
  "ts": "2026-02-20T11:49:07.331Z",
  "xauusd": 5021.899902,
  "xagusd": 80.280998,
  "fng": {
    "value": 7,
    "classification": "Extreme Fear"
  },
  "usd_thb": 31.16
}