{
  "ts": "2026-05-13T00:11:13.344Z",
  "xauusd": 4723.299805,
  "xagusd": 87.320999,
  "fng": {
    "value": 42,
    "classification": "Fear"
  },
  "usd_thb": 32.34
}