{
  "ts": "2026-01-05T11:56:26.458Z",
  "xauusd": 4421.899902,
  "xagusd": 75.125999,
  "fng": {
    "value": 26,
    "classification": "Fear"
  },
  "usd_thb": 31.28
}