{
  "ts": "2026-03-13T17:20:27.599Z",
  "xauusd": 5059.299805,
  "xagusd": 81.164001,
  "fng": {
    "value": 15,
    "classification": "Extreme Fear"
  },
  "usd_thb": 32.38
}