{
  "ts": "2025-10-01T09:20:54.500Z",
  "xauusd": 3890.100098,
  "xagusd": 47.355999,
  "fng": {
    "value": 49,
    "classification": "Neutral"
  },
  "usd_thb": 32.34
}