{
  "ts": "2026-03-20T17:07:58.463Z",
  "xauusd": 4590.799805,
  "xagusd": 69.981003,
  "fng": {
    "value": 11,
    "classification": "Extreme Fear"
  },
  "usd_thb": 32.78
}