{
  "ts": "2025-11-14T09:51:49.430Z",
  "xauusd": 4172.299805,
  "xagusd": 52.790001,
  "fng": {
    "value": 16,
    "classification": "Extreme Fear"
  },
  "usd_thb": 32.38
}