{
  "ts": "2025-10-01T01:03:21.244Z",
  "xauusd": 3863.300049,
  "xagusd": 46.787998,
  "fng": {
    "value": 49,
    "classification": "Neutral"
  },
  "usd_thb": 32.47
}