{
  "ts": "2025-09-01T14:20:22.795Z",
  "xauusd": 3478.699951,
  "xagusd": 40.742001,
  "fng": {
    "value": 46,
    "classification": "Fear"
  },
  "usd_thb": 32.3
}