{
  "ts": "2026-05-29T08:33:14.150Z",
  "xauusd": 4517.600098,
  "xagusd": 75.374001,
  "fng": {
    "value": 23,
    "classification": "Extreme Fear"
  },
  "usd_thb": 32.55
}