{
  "ts": "2025-08-22T14:45:45.872Z",
  "xauusd": 3372.899902,
  "xagusd": 38.926998,
  "fng": {
    "value": 50,
    "classification": "Neutral"
  },
  "usd_thb": 32.58
}