{
  "ts": "2025-10-21T10:43:43.861Z",
  "xauusd": 4261.799805,
  "xagusd": 50.250999,
  "fng": {
    "value": 34,
    "classification": "Fear"
  },
  "usd_thb": 32.77
}