{
  "ts": "2025-10-09T11:54:27.858Z",
  "xauusd": 4044.800049,
  "xagusd": 49.712002,
  "fng": {
    "value": 70,
    "classification": "Greed"
  },
  "usd_thb": 32.56
}