{
  "ts": "2026-05-01T12:42:09.773Z",
  "xauusd": 4577.200195,
  "xagusd": 74.785004,
  "fng": {
    "value": 26,
    "classification": "Fear"
  },
  "usd_thb": 32.47
}