{
  "ts": "2025-09-26T20:32:10.351Z",
  "xauusd": 3766.300049,
  "xagusd": 46.169998,
  "fng": {
    "value": 28,
    "classification": "Fear"
  },
  "usd_thb": 32.22
}