{
  "ts": "2025-09-05T02:38:09.477Z",
  "xauusd": 3548.100098,
  "xagusd": 40.807999,
  "fng": {
    "value": 48,
    "classification": "Neutral"
  },
  "usd_thb": 32.25
}