{
  "ts": "2025-10-27T17:29:52.446Z",
  "xauusd": 4003.100098,
  "xagusd": 46.887001,
  "fng": {
    "value": 51,
    "classification": "Neutral"
  },
  "usd_thb": 32.66
}