{
  "ts": "2025-11-24T04:21:36.025Z",
  "xauusd": 4054.600098,
  "xagusd": 50.063999,
  "fng": {
    "value": 19,
    "classification": "Extreme Fear"
  },
  "usd_thb": 32.48
}