{
  "ts": "2025-08-18T11:44:30.255Z",
  "xauusd": 3349.100098,
  "xagusd": 38.169998,
  "fng": {
    "value": 60,
    "classification": "Greed"
  },
  "usd_thb": 32.45
}