{
  "ts": "2025-11-12T06:17:29.270Z",
  "xauusd": 4108.600098,
  "xagusd": 51.280998,
  "fng": {
    "value": 24,
    "classification": "Extreme Fear"
  },
  "usd_thb": 32.5
}