{
  "ts": "2025-11-07T11:37:30.346Z",
  "xauusd": 3998.199951,
  "xagusd": 48.526001,
  "fng": {
    "value": 24,
    "classification": "Extreme Fear"
  },
  "usd_thb": 32.34
}