{
  "ts": "2025-08-18T23:41:37.697Z",
  "xauusd": 3332.399902,
  "xagusd": 38.095001,
  "fng": {
    "value": 60,
    "classification": "Greed"
  },
  "usd_thb": 32.52
}