{
  "ts": "2025-09-25T20:58:08.147Z",
  "xauusd": 3750.699951,
  "xagusd": 45.231998,
  "fng": {
    "value": 44,
    "classification": "Fear"
  },
  "usd_thb": 32.2
}