{
  "ts": "2025-09-18T19:13:03.262Z",
  "xauusd": 3642.300049,
  "xagusd": 41.866001,
  "fng": {
    "value": 52,
    "classification": "Neutral"
  },
  "usd_thb": 31.89
}