{
  "ts": "2025-10-29T20:55:47.864Z",
  "xauusd": 3931.899902,
  "xagusd": 47.682999,
  "fng": {
    "value": 51,
    "classification": "Neutral"
  },
  "usd_thb": 32.4
}