{
  "ts": "2025-10-07T07:16:34.792Z",
  "xauusd": 3951.300049,
  "xagusd": 48.191002,
  "fng": {
    "value": 70,
    "classification": "Greed"
  },
  "usd_thb": 32.52
}