{
  "ts": "2026-01-20T18:50:05.114Z",
  "xauusd": 4759.299805,
  "xagusd": 94.601997,
  "fng": {
    "value": 32,
    "classification": "Fear"
  },
  "usd_thb": 31.026
}