{
  "ts": "2025-08-26T23:27:15.000Z",
  "xauusd": 3393.800049,
  "xagusd": 38.743999,
  "fng": {
    "value": 48,
    "classification": "Neutral"
  },
  "usd_thb": 32.45
}