{
  "ts": "2025-11-03T19:36:10.584Z",
  "xauusd": 4003.699951,
  "xagusd": 48.162998,
  "fng": {
    "value": 42,
    "classification": "Fear"
  },
  "usd_thb": 32.48
}