{
  "ts": "2025-09-15T09:54:04.110Z",
  "xauusd": 3637.800049,
  "xagusd": 42.169998,
  "fng": {
    "value": 53,
    "classification": "Neutral"
  },
  "usd_thb": 31.88
}