{
  "ts": "2026-07-16T21:30:34.704Z",
  "xauusd": 3977.199951,
  "xagusd": 55.643002,
  "fng": {
    "value": 25,
    "classification": "Extreme Fear"
  },
  "usd_thb": 33.56
}