{
  "ts": "2025-08-29T15:16:49.090Z",
  "xauusd": 3443.699951,
  "xagusd": 39.414001,
  "fng": {
    "value": 50,
    "classification": "Neutral"
  },
  "usd_thb": 32.36
}