{
  "ts": "2025-10-31T18:20:52.170Z",
  "xauusd": 4010.100098,
  "xagusd": 48.823002,
  "fng": {
    "value": 29,
    "classification": "Fear"
  },
  "usd_thb": 32.39
}