{
  "ts": "2025-12-05T09:47:51.980Z",
  "xauusd": 4225.100098,
  "xagusd": 58.195999,
  "fng": {
    "value": 28,
    "classification": "Fear"
  },
  "usd_thb": 31.85
}