{
  "ts": "2025-11-18T17:59:56.439Z",
  "xauusd": 4073.600098,
  "xagusd": 50.839001,
  "fng": {
    "value": 11,
    "classification": "Extreme Fear"
  },
  "usd_thb": 32.37
}