{
  "ts": "2025-10-07T09:56:47.316Z",
  "xauusd": 3957.100098,
  "xagusd": 48.389999,
  "fng": {
    "value": 70,
    "classification": "Greed"
  },
  "usd_thb": 32.49
}