{
  "ts": "2025-09-05T23:30:01.113Z",
  "xauusd": 3587.300049,
  "xagusd": 41.049999,
  "fng": {
    "value": 48,
    "classification": "Neutral"
  },
  "usd_thb": 32.06
}