{
  "ts": "2025-10-09T04:56:12.824Z",
  "xauusd": 4040.699951,
  "xagusd": 49.110001,
  "fng": {
    "value": 70,
    "classification": "Greed"
  },
  "usd_thb": 32.58
}