{
  "ts": "2026-02-11T22:25:35.707Z",
  "xauusd": 5085.100098,
  "xagusd": 84.407997,
  "fng": {
    "value": 11,
    "classification": "Extreme Fear"
  },
  "usd_thb": 30.97
}