{
  "ts": "2025-11-24T17:21:15.598Z",
  "xauusd": 4091.600098,
  "xagusd": 50.507999,
  "fng": {
    "value": 19,
    "classification": "Extreme Fear"
  },
  "usd_thb": 32.4
}