{
  "ts": "2026-07-10T18:52:13.339Z",
  "xauusd": 4101.399902,
  "xagusd": 59.698002,
  "fng": {
    "value": 23,
    "classification": "Extreme Fear"
  },
  "usd_thb": 33.25
}