{
  "ts": "2025-12-30T17:12:15.614Z",
  "xauusd": 4376.799805,
  "xagusd": 77.268997,
  "fng": {
    "value": 23,
    "classification": "Extreme Fear"
  },
  "usd_thb": 31.35
}