{
  "ts": "2026-07-09T05:04:42.204Z",
  "xauusd": 4069.100098,
  "xagusd": 58.176998,
  "fng": {
    "value": 22,
    "classification": "Extreme Fear"
  },
  "usd_thb": 33.45
}