{
  "ts": "2025-09-24T20:55:09.759Z",
  "xauusd": 3737.399902,
  "xagusd": 43.962002,
  "fng": {
    "value": 44,
    "classification": "Fear"
  },
  "usd_thb": 32.11
}