{
  "ts": "2026-02-18T19:09:35.299Z",
  "xauusd": 4991.399902,
  "xagusd": 77.439003,
  "fng": {
    "value": 8,
    "classification": "Extreme Fear"
  },
  "usd_thb": 31.22
}