{
  "ts": "2025-12-08T09:43:56.284Z",
  "xauusd": 4209.799805,
  "xagusd": 58.474998,
  "fng": {
    "value": 20,
    "classification": "Extreme Fear"
  },
  "usd_thb": 31.85
}