{
  "ts": "2026-01-30T21:51:52.954Z",
  "xauusd": 4870.200195,
  "xagusd": 84.831001,
  "fng": {
    "value": 16,
    "classification": "Extreme Fear"
  },
  "usd_thb": 31.49
}