{
  "ts": "2026-02-11T14:05:30.569Z",
  "xauusd": 5067.799805,
  "xagusd": 85.033997,
  "fng": {
    "value": 11,
    "classification": "Extreme Fear"
  },
  "usd_thb": 31.05
}