{
  "ts": "2025-10-23T19:27:18.292Z",
  "xauusd": 4131.200195,
  "xagusd": 49.019001,
  "fng": {
    "value": 27,
    "classification": "Fear"
  },
  "usd_thb": 32.79
}