{
  "ts": "2025-09-18T07:46:20.995Z",
  "xauusd": 3658.100098,
  "xagusd": 41.893002,
  "fng": {
    "value": 52,
    "classification": "Neutral"
  },
  "usd_thb": 31.82
}