{
  "ts": "2025-10-13T23:49:28.966Z",
  "xauusd": 4131.700195,
  "xagusd": 52.623001,
  "fng": {
    "value": 38,
    "classification": "Fear"
  },
  "usd_thb": 32.62
}