{
  "ts": "2025-09-23T07:32:45.233Z",
  "xauusd": 3755.899902,
  "xagusd": 43.921001,
  "fng": {
    "value": 43,
    "classification": "Fear"
  },
  "usd_thb": 31.81
}