{
  "ts": "2025-12-16T20:24:03.827Z",
  "xauusd": 4310.600098,
  "xagusd": 63.846001,
  "fng": {
    "value": 11,
    "classification": "Extreme Fear"
  },
  "usd_thb": 31.42
}