{
  "ts": "2025-09-09T09:54:12.156Z",
  "xauusd": 3654.699951,
  "xagusd": 41.284401,
  "fng": {
    "value": 48,
    "classification": "Neutral"
  },
  "usd_thb": 31.65
}