{
  "ts": "2025-08-14T15:52:33.412Z",
  "xauusd": 3342.699951,
  "xagusd": 38.113998,
  "fng": {
    "value": 75,
    "classification": "Greed"
  },
  "usd_thb": 32.46
}