{
  "ts": "2025-09-04T20:31:15.181Z",
  "xauusd": 3550.100098,
  "xagusd": 40.737999,
  "fng": {
    "value": 51,
    "classification": "Neutral"
  },
  "usd_thb": 32.29
}