{
  "ts": "2025-11-05T06:53:50.606Z",
  "xauusd": 3970.300049,
  "xagusd": 47.793999,
  "fng": {
    "value": 23,
    "classification": "Extreme Fear"
  },
  "usd_thb": 32.54
}