{
  "ts": "2025-10-22T19:49:27.155Z",
  "xauusd": 4102.600098,
  "xagusd": 48.627998,
  "fng": {
    "value": 25,
    "classification": "Extreme Fear"
  },
  "usd_thb": 32.76
}