{
  "ts": "2026-01-23T20:19:20.088Z",
  "xauusd": 4982.899902,
  "xagusd": 102.394997,
  "fng": {
    "value": 24,
    "classification": "Extreme Fear"
  },
  "usd_thb": 30.93
}