{
  "ts": "2026-05-17T23:31:51.732Z",
  "xauusd": 4539.200195,
  "xagusd": 76.336998,
  "fng": {
    "value": 27,
    "classification": "Fear"
  },
  "usd_thb": 32.69
}