{
  "ts": "2025-10-06T09:51:43.561Z",
  "xauusd": 3941.600098,
  "xagusd": 48.648998,
  "fng": {
    "value": 71,
    "classification": "Greed"
  },
  "usd_thb": 32.45
}