{
  "ts": "2025-09-10T20:35:04.154Z",
  "xauusd": 3641.100098,
  "xagusd": 41.206001,
  "fng": {
    "value": 49,
    "classification": "Neutral"
  },
  "usd_thb": 31.77
}