{
  "ts": "2026-01-13T10:44:19.099Z",
  "xauusd": 4589.200195,
  "xagusd": 85.848999,
  "fng": {
    "value": 26,
    "classification": "Fear"
  },
  "usd_thb": 31.41
}