{
  "ts": "2026-03-20T00:01:49.435Z",
  "xauusd": 4646.799805,
  "xagusd": 72.821999,
  "fng": {
    "value": 11,
    "classification": "Extreme Fear"
  },
  "usd_thb": 32.48
}