{
  "ts": "2026-03-26T23:03:07.636Z",
  "xauusd": 4410.600098,
  "xagusd": 68.985001,
  "fng": {
    "value": 10,
    "classification": "Extreme Fear"
  },
  "usd_thb": 32.63
}