{
  "ts": "2025-11-06T19:41:03.894Z",
  "xauusd": 3992.300049,
  "xagusd": 48.286999,
  "fng": {
    "value": 27,
    "classification": "Fear"
  },
  "usd_thb": 32.37
}