{
  "ts": "2025-09-18T07:09:03.773Z",
  "xauusd": 3641.100098,
  "xagusd": 41.509998,
  "fng": {
    "value": 52,
    "classification": "Neutral"
  },
  "usd_thb": 31.85
}