{
  "ts": "2025-09-10T04:46:32.480Z",
  "xauusd": 3641.899902,
  "xagusd": 41.106998,
  "fng": {
    "value": 49,
    "classification": "Neutral"
  },
  "usd_thb": 31.75
}