{
  "ts": "2025-09-11T19:16:09.069Z",
  "xauusd": 3635.100098,
  "xagusd": 41.580002,
  "fng": {
    "value": 54,
    "classification": "Neutral"
  },
  "usd_thb": 31.69
}