{
  "ts": "2025-12-05T21:38:41.069Z",
  "xauusd": 4195.399902,
  "xagusd": 58.345001,
  "fng": {
    "value": 28,
    "classification": "Fear"
  },
  "usd_thb": 31.86
}