{
  "ts": "2025-12-17T08:40:05.226Z",
  "xauusd": 4318.899902,
  "xagusd": 65.838997,
  "fng": {
    "value": 16,
    "classification": "Extreme Fear"
  },
  "usd_thb": 31.51
}