{
  "ts": "2026-03-24T02:01:34.753Z",
  "xauusd": 4315.600098,
  "xagusd": 66.714996,
  "fng": {
    "value": 11,
    "classification": "Extreme Fear"
  },
  "usd_thb": 32.63
}