{
  "ts": "2025-09-02T15:23:51.637Z",
  "xauusd": 3513.699951,
  "xagusd": 40.810001,
  "fng": {
    "value": 49,
    "classification": "Neutral"
  },
  "usd_thb": 32.32
}