{
  "ts": "2025-11-20T19:22:05.725Z",
  "xauusd": 4075.600098,
  "xagusd": 50.610001,
  "fng": {
    "value": 11,
    "classification": "Extreme Fear"
  },
  "usd_thb": 32.43
}