{
  "ts": "2026-06-25T23:59:09.661Z",
  "xauusd": 4014.800049,
  "xagusd": 57.752998,
  "fng": {
    "value": 12,
    "classification": "Extreme Fear"
  },
  "usd_thb": 33.37
}