{
  "ts": "2025-11-28T09:50:54.834Z",
  "xauusd": 4167.299805,
  "xagusd": 53.686001,
  "fng": {
    "value": 25,
    "classification": "Extreme Fear"
  },
  "usd_thb": 32.18
}