{
  "ts": "2025-12-02T15:50:02.412Z",
  "xauusd": 4185.600098,
  "xagusd": 57.337002,
  "fng": {
    "value": 23,
    "classification": "Extreme Fear"
  },
  "usd_thb": 32.03
}