{
  "ts": "2025-09-04T07:23:30.028Z",
  "xauusd": 3537.899902,
  "xagusd": 40.889999,
  "fng": {
    "value": 51,
    "classification": "Neutral"
  },
  "usd_thb": 32.32
}