{
  "ts": "2025-12-19T11:33:47.258Z",
  "xauusd": 4327.799805,
  "xagusd": 65.994003,
  "fng": {
    "value": 16,
    "classification": "Extreme Fear"
  },
  "usd_thb": 31.45
}