{
  "ts": "2026-02-26T10:58:22.435Z",
  "xauusd": 5171.899902,
  "xagusd": 86.953003,
  "fng": {
    "value": 11,
    "classification": "Extreme Fear"
  },
  "usd_thb": 31.01
}