{
  "ts": "2026-01-07T17:51:53.518Z",
  "xauusd": 4458.299805,
  "xagusd": 78.203003,
  "fng": {
    "value": 42,
    "classification": "Fear"
  },
  "usd_thb": 31.3
}