{
  "ts": "2026-01-02T18:53:47.274Z",
  "xauusd": 4313.899902,
  "xagusd": 71.771004,
  "fng": {
    "value": 28,
    "classification": "Fear"
  },
  "usd_thb": 31.41
}