{
  "ts": "2026-02-20T00:54:01.813Z",
  "xauusd": 5000.299805,
  "xagusd": 78.655998,
  "fng": {
    "value": 7,
    "classification": "Extreme Fear"
  },
  "usd_thb": 31.14
}