{
  "ts": "2025-12-18T09:47:06.295Z",
  "xauusd": 4325.200195,
  "xagusd": 66.188004,
  "fng": {
    "value": 17,
    "classification": "Extreme Fear"
  },
  "usd_thb": 31.46
}