{
  "ts": "2026-01-20T13:54:22.802Z",
  "xauusd": 4731.299805,
  "xagusd": 95.386002,
  "fng": {
    "value": 32,
    "classification": "Fear"
  },
  "usd_thb": 31.074
}