{
  "ts": "2025-12-22T21:12:31.151Z",
  "xauusd": 4443.299805,
  "xagusd": 68.978996,
  "fng": {
    "value": 25,
    "classification": "Extreme Fear"
  },
  "usd_thb": 31.14
}