{
  "ts": "2025-08-26T20:14:37.482Z",
  "xauusd": 3391.699951,
  "xagusd": 38.625999,
  "fng": {
    "value": 48,
    "classification": "Neutral"
  },
  "usd_thb": 32.44
}