{
  "ts": "2025-10-21T11:25:39.731Z",
  "xauusd": 4264.299805,
  "xagusd": 50.250999,
  "fng": {
    "value": 34,
    "classification": "Fear"
  },
  "usd_thb": 32.74
}