{
  "ts": "2025-09-02T21:29:45.978Z",
  "xauusd": 3533.899902,
  "xagusd": 40.933998,
  "fng": {
    "value": 49,
    "classification": "Neutral"
  },
  "usd_thb": 32.34
}