{
  "ts": "2025-12-26T13:41:14.386Z",
  "xauusd": 4525.100098,
  "xagusd": 74.563004,
  "fng": {
    "value": 20,
    "classification": "Extreme Fear"
  },
  "usd_thb": 30.97
}