{
  "ts": "2025-10-15T05:13:22.436Z",
  "xauusd": 4186.600098,
  "xagusd": 52.353001,
  "fng": {
    "value": 34,
    "classification": "Fear"
  },
  "usd_thb": 32.54
}