{
  "ts": "2025-11-07T07:00:16.159Z",
  "xauusd": 4007.600098,
  "xagusd": 48.772999,
  "fng": {
    "value": 24,
    "classification": "Extreme Fear"
  },
  "usd_thb": 32.34
}