{
  "ts": "2025-09-15T14:14:45.670Z",
  "xauusd": 3659.899902,
  "xagusd": 42.299999,
  "fng": {
    "value": 53,
    "classification": "Neutral"
  },
  "usd_thb": 31.83
}