{
  "ts": "2025-09-24T06:17:45.929Z",
  "xauusd": 3774.600098,
  "xagusd": 44.230999,
  "fng": {
    "value": 44,
    "classification": "Fear"
  },
  "usd_thb": 31.95
}