{
  "ts": "2025-10-02T08:44:30.438Z",
  "xauusd": 3874.300049,
  "xagusd": 47.508999,
  "fng": {
    "value": 64,
    "classification": "Greed"
  },
  "usd_thb": 32.37
}