{
  "ts": "2026-03-17T14:42:43.938Z",
  "xauusd": 5009.600098,
  "xagusd": 80.702003,
  "fng": {
    "value": 28,
    "classification": "Fear"
  },
  "usd_thb": 32.33
}