{
  "ts": "2026-01-27T20:00:20.651Z",
  "xauusd": 5100.200195,
  "xagusd": 109.418999,
  "fng": {
    "value": 29,
    "classification": "Fear"
  },
  "usd_thb": 30.98
}