{
  "ts": "2025-10-13T09:28:18.965Z",
  "xauusd": 4073.100098,
  "xagusd": 51.452999,
  "fng": {
    "value": 38,
    "classification": "Fear"
  },
  "usd_thb": 32.53
}