{
  "ts": "2025-09-08T16:00:09.633Z",
  "xauusd": 3640.199951,
  "xagusd": 41.473999,
  "fng": {
    "value": 51,
    "classification": "Neutral"
  },
  "usd_thb": 31.7
}