{
  "ts": "2026-05-01T18:10:21.770Z",
  "xauusd": 4625.899902,
  "xagusd": 76.019997,
  "fng": {
    "value": 26,
    "classification": "Fear"
  },
  "usd_thb": 32.49
}