{
  "ts": "2025-09-19T04:26:20.891Z",
  "xauusd": 3660.199951,
  "xagusd": 42.384998,
  "fng": {
    "value": 53,
    "classification": "Neutral"
  },
  "usd_thb": 31.87
}