{
  "ts": "2025-10-17T14:40:16.020Z",
  "xauusd": 4245.212402,
  "xagusd": 52.364498,
  "fng": {
    "value": 22,
    "classification": "Extreme Fear"
  },
  "usd_thb": 32.87
}