{
  "ts": "2026-04-26T17:08:29.243Z",
  "xauusd": 4710.799805,
  "xagusd": 75.806999,
  "fng": {
    "value": 33,
    "classification": "Fear"
  },
  "usd_thb": 32.31
}