{
  "ts": "2025-08-22T18:54:56.925Z",
  "xauusd": 3374.199951,
  "xagusd": 39.060001,
  "fng": {
    "value": 50,
    "classification": "Neutral"
  },
  "usd_thb": 32.37
}