{
  "ts": "2025-12-08T08:21:49.178Z",
  "xauusd": 4214.600098,
  "xagusd": 58.424999,
  "fng": {
    "value": 20,
    "classification": "Extreme Fear"
  },
  "usd_thb": 31.84
}