{
  "ts": "2025-12-30T07:23:00.162Z",
  "xauusd": 4370.299805,
  "xagusd": 74.681999,
  "fng": {
    "value": 23,
    "classification": "Extreme Fear"
  },
  "usd_thb": 31.45
}