{
  "ts": "2025-12-04T05:38:49.889Z",
  "xauusd": 4190.299805,
  "xagusd": 57.943001,
  "fng": {
    "value": 26,
    "classification": "Fear"
  },
  "usd_thb": 32.02
}