{
  "ts": "2025-09-10T23:59:03.381Z",
  "xauusd": 3646.100098,
  "xagusd": 41.256001,
  "fng": {
    "value": 49,
    "classification": "Neutral"
  },
  "usd_thb": 31.76
}