{
  "ts": "2025-11-19T09:25:32.183Z",
  "xauusd": 4091.100098,
  "xagusd": 51.540001,
  "fng": {
    "value": 15,
    "classification": "Extreme Fear"
  },
  "usd_thb": 32.41
}