{
  "ts": "2025-12-02T23:53:33.490Z",
  "xauusd": 4215.600098,
  "xagusd": 58.726002,
  "fng": {
    "value": 23,
    "classification": "Extreme Fear"
  },
  "usd_thb": 32.01
}