{
  "ts": "2025-11-04T23:59:06.835Z",
  "xauusd": 3937.699951,
  "xagusd": 47.160999,
  "fng": {
    "value": 21,
    "classification": "Extreme Fear"
  },
  "usd_thb": 32.57
}