{
  "ts": "2026-04-14T07:11:47.647Z",
  "xauusd": 4790.299805,
  "xagusd": 77.879997,
  "fng": {
    "value": 21,
    "classification": "Extreme Fear"
  },
  "usd_thb": 31.99
}