{
  "ts": "2026-01-05T19:53:00.168Z",
  "xauusd": 4442.299805,
  "xagusd": 76.172997,
  "fng": {
    "value": 26,
    "classification": "Fear"
  },
  "usd_thb": 31.27
}