{
  "ts": "2025-11-26T20:40:24.972Z",
  "xauusd": 4167.799805,
  "xagusd": 53.428001,
  "fng": {
    "value": 15,
    "classification": "Extreme Fear"
  },
  "usd_thb": 32.21
}