{
  "ts": "2025-11-08T22:50:53.103Z",
  "xauusd": 4000.564941,
  "xagusd": 48.300999,
  "fng": {
    "value": 20,
    "classification": "Extreme Fear"
  },
  "usd_thb": 32.39
}