{
  "ts": "2026-04-14T17:50:22.368Z",
  "xauusd": 4839.899902,
  "xagusd": 79.622002,
  "fng": {
    "value": 21,
    "classification": "Extreme Fear"
  },
  "usd_thb": 31.92
}