{
  "ts": "2025-09-03T20:43:04.158Z",
  "xauusd": 3562.199951,
  "xagusd": 41.214001,
  "fng": {
    "value": 55,
    "classification": "Greed"
  },
  "usd_thb": 32.27
}