{
  "ts": "2025-12-29T14:55:01.693Z",
  "xauusd": 4375.200195,
  "xagusd": 73.026001,
  "fng": {
    "value": 24,
    "classification": "Extreme Fear"
  },
  "usd_thb": 31.57
}