{
  "ts": "2026-02-06T08:03:26.810Z",
  "xauusd": 4832.100098,
  "xagusd": 71.814003,
  "fng": {
    "value": 9,
    "classification": "Extreme Fear"
  },
  "usd_thb": 31.66
}