{
  "ts": "2026-01-15T11:47:00.286Z",
  "xauusd": 4618.899902,
  "xagusd": 91.205002,
  "fng": {
    "value": 61,
    "classification": "Greed"
  },
  "usd_thb": 31.31
}