{
  "ts": "2026-06-24T18:02:40.101Z",
  "xauusd": 3973.399902,
  "xagusd": 56.391998,
  "fng": {
    "value": 17,
    "classification": "Extreme Fear"
  },
  "usd_thb": 33.43
}