{
  "ts": "2025-11-21T09:39:42.094Z",
  "xauusd": 4058.199951,
  "xagusd": 49.373001,
  "fng": {
    "value": 14,
    "classification": "Extreme Fear"
  },
  "usd_thb": 32.44
}