{
  "ts": "2025-10-22T13:57:44.208Z",
  "xauusd": 4080.399902,
  "xagusd": 48.533001,
  "fng": {
    "value": 25,
    "classification": "Extreme Fear"
  },
  "usd_thb": 32.79
}