{
  "ts": "2025-09-10T09:34:34.208Z",
  "xauusd": 3647.300049,
  "xagusd": 41.178001,
  "fng": {
    "value": 49,
    "classification": "Neutral"
  },
  "usd_thb": 31.79
}