{
  "ts": "2025-08-20T13:51:26.482Z",
  "xauusd": 3344.300049,
  "xagusd": 37.837002,
  "fng": {
    "value": 44,
    "classification": "Fear"
  },
  "usd_thb": 32.44
}