{
  "ts": "2025-09-15T16:40:49.498Z",
  "xauusd": 3678.600098,
  "xagusd": 42.641998,
  "fng": {
    "value": 53,
    "classification": "Neutral"
  },
  "usd_thb": 31.81
}