{
  "ts": "2025-10-10T16:11:46.491Z",
  "xauusd": 3993.600098,
  "xagusd": 50.067001,
  "fng": {
    "value": 64,
    "classification": "Greed"
  },
  "usd_thb": 32.68
}