{
  "ts": "2025-12-02T01:10:53.973Z",
  "xauusd": 4205.799805,
  "xagusd": 56.966999,
  "fng": {
    "value": 23,
    "classification": "Extreme Fear"
  },
  "usd_thb": 32.02
}