{
  "ts": "2025-11-26T14:20:52.650Z",
  "xauusd": 4147.399902,
  "xagusd": 52.311001,
  "fng": {
    "value": 15,
    "classification": "Extreme Fear"
  },
  "usd_thb": 32.21
}