{
  "ts": "2025-11-21T11:56:12.371Z",
  "xauusd": 4033.100098,
  "xagusd": 48.929001,
  "fng": {
    "value": 14,
    "classification": "Extreme Fear"
  },
  "usd_thb": 32.51
}