{
  "ts": "2025-08-29T11:29:03.342Z",
  "xauusd": 3406.800049,
  "xagusd": 38.877998,
  "fng": {
    "value": 50,
    "classification": "Neutral"
  },
  "usd_thb": 32.41
}