{
  "ts": "2025-09-15T11:47:08.448Z",
  "xauusd": 3647.300049,
  "xagusd": 42.275002,
  "fng": {
    "value": 53,
    "classification": "Neutral"
  },
  "usd_thb": 31.86
}