{
  "ts": "2025-10-10T03:28:30.393Z",
  "xauusd": 3968.699951,
  "xagusd": 49.349998,
  "fng": {
    "value": 64,
    "classification": "Greed"
  },
  "usd_thb": 32.74
}