{
  "ts": "2025-09-17T11:26:00.137Z",
  "xauusd": 3663.100098,
  "xagusd": 41.500999,
  "fng": {
    "value": 53,
    "classification": "Neutral"
  },
  "usd_thb": 31.74
}