{
  "ts": "2025-11-19T19:45:38.675Z",
  "xauusd": 4072.600098,
  "xagusd": 51.066002,
  "fng": {
    "value": 15,
    "classification": "Extreme Fear"
  },
  "usd_thb": 32.47
}