{
  "ts": "2026-02-12T11:51:51.796Z",
  "xauusd": 5066.600098,
  "xagusd": 83.591003,
  "fng": {
    "value": 5,
    "classification": "Extreme Fear"
  },
  "usd_thb": 30.91
}