{
  "ts": "2026-04-22T12:42:15.089Z",
  "xauusd": 4750.399902,
  "xagusd": 77.887001,
  "fng": {
    "value": 32,
    "classification": "Fear"
  },
  "usd_thb": 32.22
}