{
  "ts": "2025-08-18T03:10:25.632Z",
  "xauusd": 3345.199951,
  "xagusd": 38.037998,
  "fng": {
    "value": 60,
    "classification": "Greed"
  },
  "usd_thb": 32.42
}