{
  "ts": "2025-12-09T09:48:22.659Z",
  "xauusd": 4206.100098,
  "xagusd": 58.750999,
  "fng": {
    "value": 22,
    "classification": "Extreme Fear"
  },
  "usd_thb": 31.8
}