{
  "ts": "2026-03-09T10:28:01.183Z",
  "xauusd": 5106.200195,
  "xagusd": 84.329002,
  "fng": {
    "value": 8,
    "classification": "Extreme Fear"
  },
  "usd_thb": 32.07
}