{
  "ts": "2025-09-24T09:50:25.177Z",
  "xauusd": 3768.399902,
  "xagusd": 44.167999,
  "fng": {
    "value": 44,
    "classification": "Fear"
  },
  "usd_thb": 32.01
}