{
  "ts": "2025-09-15T19:26:21.316Z",
  "xauusd": 3680.399902,
  "xagusd": 42.709999,
  "fng": {
    "value": 53,
    "classification": "Neutral"
  },
  "usd_thb": 31.78
}