{
  "ts": "2026-05-08T12:10:31.070Z",
  "xauusd": 4712.700195,
  "xagusd": 80.846001,
  "fng": {
    "value": 38,
    "classification": "Fear"
  },
  "usd_thb": 32.21
}