{
  "ts": "2025-12-09T14:51:52.095Z",
  "xauusd": 4206.799805,
  "xagusd": 59.186001,
  "fng": {
    "value": 22,
    "classification": "Extreme Fear"
  },
  "usd_thb": 31.83
}