{
  "ts": "2025-11-21T04:00:35.530Z",
  "xauusd": 4057.300049,
  "xagusd": 49.873001,
  "fng": {
    "value": 14,
    "classification": "Extreme Fear"
  },
  "usd_thb": 32.44
}