{
  "ts": "2026-01-06T19:30:13.881Z",
  "xauusd": 4483.700195,
  "xagusd": 80.300003,
  "fng": {
    "value": 44,
    "classification": "Fear"
  },
  "usd_thb": 31.22
}