{
  "ts": "2026-01-16T07:55:27.236Z",
  "xauusd": 4608.899902,
  "xagusd": 91.137001,
  "fng": {
    "value": 49,
    "classification": "Neutral"
  },
  "usd_thb": 31.33
}