{
  "ts": "2025-10-19T20:09:20.657Z",
  "xauusd": 4252.799805,
  "xagusd": 51.980999,
  "fng": {
    "value": 29,
    "classification": "Fear"
  },
  "usd_thb": 32.76
}