{
  "ts": "2026-01-16T09:56:10.852Z",
  "xauusd": 4602.299805,
  "xagusd": 91.216003,
  "fng": {
    "value": 49,
    "classification": "Neutral"
  },
  "usd_thb": 31.35
}