{
  "ts": "2025-08-29T09:27:35.220Z",
  "xauusd": 3410.600098,
  "xagusd": 38.971001,
  "fng": {
    "value": 50,
    "classification": "Neutral"
  },
  "usd_thb": 32.35
}