{
  "ts": "2026-03-11T19:47:43.499Z",
  "xauusd": 5172.799805,
  "xagusd": 85.971001,
  "fng": {
    "value": 15,
    "classification": "Extreme Fear"
  },
  "usd_thb": 31.84
}