{
  "ts": "2025-10-20T20:58:22.392Z",
  "xauusd": 4357.600098,
  "xagusd": 52.455002,
  "fng": {
    "value": 29,
    "classification": "Fear"
  },
  "usd_thb": 32.61
}