{
  "ts": "2025-11-14T19:40:04.618Z",
  "xauusd": 4096.299805,
  "xagusd": 50.932999,
  "fng": {
    "value": 16,
    "classification": "Extreme Fear"
  },
  "usd_thb": 32.44
}