{
  "ts": "2025-12-02T18:33:38.299Z",
  "xauusd": 4190.100098,
  "xagusd": 58.061001,
  "fng": {
    "value": 23,
    "classification": "Extreme Fear"
  },
  "usd_thb": 32.05
}