{
  "ts": "2025-10-21T01:39:10.578Z",
  "xauusd": 4339.799805,
  "xagusd": 51.799999,
  "fng": {
    "value": 34,
    "classification": "Fear"
  },
  "usd_thb": 32.58
}