{
  "ts": "2025-11-19T06:35:21.167Z",
  "xauusd": 4091.600098,
  "xagusd": 51.456001,
  "fng": {
    "value": 15,
    "classification": "Extreme Fear"
  },
  "usd_thb": 32.4
}