{
  "ts": "2025-11-27T14:44:37.626Z",
  "xauusd": 4156.700195,
  "xagusd": 53.230999,
  "fng": {
    "value": 22,
    "classification": "Extreme Fear"
  },
  "usd_thb": 32.23
}