{
  "ts": "2025-09-23T05:33:24.127Z",
  "xauusd": 3753.600098,
  "xagusd": 44.143002,
  "fng": {
    "value": 43,
    "classification": "Fear"
  },
  "usd_thb": 31.83
}