{
  "ts": "2025-12-23T10:48:05.415Z",
  "xauusd": 4484.700195,
  "xagusd": 69.749001,
  "fng": {
    "value": 24,
    "classification": "Extreme Fear"
  },
  "usd_thb": 31.06
}