{
  "ts": "2025-10-14T10:49:00.432Z",
  "xauusd": 4133.200195,
  "xagusd": 51.285999,
  "fng": {
    "value": 38,
    "classification": "Fear"
  },
  "usd_thb": 32.79
}