{
  "ts": "2026-03-09T11:09:23.781Z",
  "xauusd": 5098.200195,
  "xagusd": 83.592003,
  "fng": {
    "value": 8,
    "classification": "Extreme Fear"
  },
  "usd_thb": 32.06
}