{
  "ts": "2025-08-14T04:56:53.868Z",
  "xauusd": 3361.399902,
  "xagusd": 38.630001,
  "fng": {
    "value": 75,
    "classification": "Greed"
  },
  "usd_thb": 32.29
}