{
  "ts": "2025-10-01T19:19:35.105Z",
  "xauusd": 3866.399902,
  "xagusd": 47.495998,
  "fng": {
    "value": 49,
    "classification": "Neutral"
  },
  "usd_thb": 32.42
}