{
  "ts": "2026-07-22T01:00:19.142Z",
  "xauusd": 4097.899902,
  "xagusd": 59.299999,
  "fng": {
    "value": 33,
    "classification": "Fear"
  },
  "usd_thb": 33.7
}