{
  "ts": "2026-04-14T14:10:49.088Z",
  "xauusd": 4803.399902,
  "xagusd": 78.943001,
  "fng": {
    "value": 21,
    "classification": "Extreme Fear"
  },
  "usd_thb": 31.93
}