{
  "ts": "2025-08-24T22:14:48.122Z",
  "xauusd": 3368.800049,
  "xagusd": 38.925999,
  "fng": {
    "value": 53,
    "classification": "Neutral"
  },
  "usd_thb": 32.28
}