{
  "ts": "2025-09-12T09:58:43.961Z",
  "xauusd": 3647.199951,
  "xagusd": 42.360001,
  "fng": {
    "value": 57,
    "classification": "Greed"
  },
  "usd_thb": 31.7
}