{
  "ts": "2026-03-10T07:50:56.132Z",
  "xauusd": 5180.299805,
  "xagusd": 89.281998,
  "fng": {
    "value": 13,
    "classification": "Extreme Fear"
  },
  "usd_thb": 31.52
}