{
  "ts": "2025-09-09T02:44:59.754Z",
  "xauusd": 3651.699951,
  "xagusd": 41.380001,
  "fng": {
    "value": 48,
    "classification": "Neutral"
  },
  "usd_thb": 31.62
}