{
  "ts": "2025-12-23T19:09:27.987Z",
  "xauusd": 4494.200195,
  "xagusd": 71.462997,
  "fng": {
    "value": 24,
    "classification": "Extreme Fear"
  },
  "usd_thb": 31.1
}