{
  "ts": "2026-01-27T08:51:13.637Z",
  "xauusd": 5084.899902,
  "xagusd": 111.214996,
  "fng": {
    "value": 29,
    "classification": "Fear"
  },
  "usd_thb": 31.11
}