{
  "ts": "2026-03-31T23:19:03.259Z",
  "xauusd": 4680.399902,
  "xagusd": 75.304001,
  "fng": {
    "value": 11,
    "classification": "Extreme Fear"
  },
  "usd_thb": 32.52
}