{
  "ts": "2025-09-08T15:27:58.428Z",
  "xauusd": 3642.399902,
  "xagusd": 41.521999,
  "fng": {
    "value": 51,
    "classification": "Neutral"
  },
  "usd_thb": 31.67
}