{
  "ts": "2025-11-12T09:57:27.052Z",
  "xauusd": 4125.399902,
  "xagusd": 51.821999,
  "fng": {
    "value": 24,
    "classification": "Extreme Fear"
  },
  "usd_thb": 32.5
}