{
  "ts": "2026-02-25T21:23:15.567Z",
  "xauusd": 5167.700195,
  "xagusd": 89.276001,
  "fng": {
    "value": 11,
    "classification": "Extreme Fear"
  },
  "usd_thb": 31.01
}