{
  "ts": "2025-09-05T14:35:44.453Z",
  "xauusd": 3581.399902,
  "xagusd": 40.939999,
  "fng": {
    "value": 48,
    "classification": "Neutral"
  },
  "usd_thb": 31.95
}