{
  "ts": "2026-02-20T12:25:50.779Z",
  "xauusd": 5018.100098,
  "xagusd": 80.316002,
  "fng": {
    "value": 7,
    "classification": "Extreme Fear"
  },
  "usd_thb": 31.16
}