{
  "ts": "2025-11-28T07:53:06.175Z",
  "xauusd": 4178.299805,
  "xagusd": 53.957001,
  "fng": {
    "value": 25,
    "classification": "Extreme Fear"
  },
  "usd_thb": 32.16
}