{
  "ts": "2025-09-03T05:29:52.350Z",
  "xauusd": 3533.899902,
  "xagusd": 40.755001,
  "fng": {
    "value": 55,
    "classification": "Greed"
  },
  "usd_thb": 32.41
}