{
  "ts": "2025-10-01T03:34:50.073Z",
  "xauusd": 3862.399902,
  "xagusd": 47.094002,
  "fng": {
    "value": 49,
    "classification": "Neutral"
  },
  "usd_thb": 32.52
}