{
  "ts": "2025-10-08T05:44:11.249Z",
  "xauusd": 4035.800049,
  "xagusd": 48.821999,
  "fng": {
    "value": 60,
    "classification": "Greed"
  },
  "usd_thb": 32.52
}