{
  "ts": "2025-09-02T09:18:52.696Z",
  "xauusd": 3477.699951,
  "xagusd": 40.380001,
  "fng": {
    "value": 49,
    "classification": "Neutral"
  },
  "usd_thb": 32.37
}