{
  "ts": "2026-02-09T10:14:17.782Z",
  "xauusd": 5010.799805,
  "xagusd": 81.233002,
  "fng": {
    "value": 14,
    "classification": "Extreme Fear"
  },
  "usd_thb": 31.21
}