{
  "ts": "2026-01-06T13:21:13.898Z",
  "xauusd": 4469.200195,
  "xagusd": 78.577003,
  "fng": {
    "value": 44,
    "classification": "Fear"
  },
  "usd_thb": 31.25
}