{
  "ts": "2025-08-20T15:16:43.090Z",
  "xauusd": 3344.399902,
  "xagusd": 37.797001,
  "fng": {
    "value": 44,
    "classification": "Fear"
  },
  "usd_thb": 32.58
}