{
  "ts": "2025-09-04T23:27:04.313Z",
  "xauusd": 3544.100098,
  "xagusd": 40.676998,
  "fng": {
    "value": 51,
    "classification": "Neutral"
  },
  "usd_thb": 32.29
}