{
  "ts": "2025-10-20T05:37:20.039Z",
  "xauusd": 4260.299805,
  "xagusd": 52.164001,
  "fng": {
    "value": 29,
    "classification": "Fear"
  },
  "usd_thb": 32.75
}