{
  "ts": "2025-11-14T11:51:12.469Z",
  "xauusd": 4151.299805,
  "xagusd": 52.349998,
  "fng": {
    "value": 16,
    "classification": "Extreme Fear"
  },
  "usd_thb": 32.45
}