{
  "ts": "2026-02-19T21:50:07.314Z",
  "xauusd": 4999.700195,
  "xagusd": 78.461998,
  "fng": {
    "value": 9,
    "classification": "Extreme Fear"
  },
  "usd_thb": 31.11
}