{
  "ts": "2025-08-25T07:35:28.215Z",
  "xauusd": 3367.699951,
  "xagusd": 38.955002,
  "fng": {
    "value": 47,
    "classification": "Neutral"
  },
  "usd_thb": 32.41
}