{
  "ts": "2026-01-27T22:40:37.930Z",
  "xauusd": 5181.600098,
  "xagusd": 112.335999,
  "fng": {
    "value": 29,
    "classification": "Fear"
  },
  "usd_thb": 30.93
}