{
  "ts": "2026-04-29T19:01:21.496Z",
  "xauusd": 4539.399902,
  "xagusd": 71.620003,
  "fng": {
    "value": 26,
    "classification": "Fear"
  },
  "usd_thb": 32.75
}