{
  "ts": "2026-07-22T21:23:35.839Z",
  "xauusd": 4131.399902,
  "xagusd": 59.839001,
  "fng": {
    "value": 33,
    "classification": "Fear"
  },
  "usd_thb": 33.76
}