{
  "ts": "2025-08-22T16:37:41.451Z",
  "xauusd": 3371.800049,
  "xagusd": 39.009998,
  "fng": {
    "value": 50,
    "classification": "Neutral"
  },
  "usd_thb": 32.38
}