{
  "ts": "2025-11-04T08:16:50.708Z",
  "xauusd": 3992.399902,
  "xagusd": 47.816002,
  "fng": {
    "value": 21,
    "classification": "Extreme Fear"
  },
  "usd_thb": 32.51
}