{
  "ts": "2025-11-03T19:44:49.491Z",
  "xauusd": 4002.699951,
  "xagusd": 48.130001,
  "fng": {
    "value": 42,
    "classification": "Fear"
  },
  "usd_thb": 32.47
}