{
  "ts": "2025-08-27T07:40:57.079Z",
  "xauusd": 3377.800049,
  "xagusd": 38.431999,
  "fng": {
    "value": 51,
    "classification": "Neutral"
  },
  "usd_thb": 32.48
}