{
  "ts": "2025-10-02T22:50:36.586Z",
  "xauusd": 3858.199951,
  "xagusd": 46.985001,
  "fng": {
    "value": 64,
    "classification": "Greed"
  },
  "usd_thb": 32.44
}