{
  "ts": "2025-10-06T10:53:07.949Z",
  "xauusd": 3943.899902,
  "xagusd": 48.636002,
  "fng": {
    "value": 71,
    "classification": "Greed"
  },
  "usd_thb": 32.46
}