{
  "ts": "2025-11-06T14:40:39.449Z",
  "xauusd": 4000.899902,
  "xagusd": 48.389999,
  "fng": {
    "value": 27,
    "classification": "Fear"
  },
  "usd_thb": 32.37
}