{
  "ts": "2026-04-07T17:38:50.536Z",
  "xauusd": 4687.200195,
  "xagusd": 72.385002,
  "fng": {
    "value": 11,
    "classification": "Extreme Fear"
  },
  "usd_thb": 32.55
}