{
  "ts": "2025-08-19T16:31:40.180Z",
  "xauusd": 3320.300049,
  "xagusd": 37.518002,
  "fng": {
    "value": 56,
    "classification": "Greed"
  },
  "usd_thb": 32.58
}