{
  "ts": "2026-01-02T21:42:56.313Z",
  "xauusd": 4328.799805,
  "xagusd": 72.586998,
  "fng": {
    "value": 28,
    "classification": "Fear"
  },
  "usd_thb": 31.44
}