{
  "ts": "2025-08-25T22:10:39.913Z",
  "xauusd": 3366.199951,
  "xagusd": 38.608002,
  "fng": {
    "value": 47,
    "classification": "Neutral"
  },
  "usd_thb": 32.43
}