{
  "ts": "2025-10-29T01:58:58.669Z",
  "xauusd": 3974.399902,
  "xagusd": 47.612999,
  "fng": {
    "value": 51,
    "classification": "Neutral"
  },
  "usd_thb": 32.33
}