{
  "ts": "2026-02-03T22:43:16.574Z",
  "xauusd": 4947.799805,
  "xagusd": 85.280998,
  "fng": {
    "value": 17,
    "classification": "Extreme Fear"
  },
  "usd_thb": 31.63
}