{
  "ts": "2025-09-26T11:14:27.850Z",
  "xauusd": 3747.800049,
  "xagusd": 45.130001,
  "fng": {
    "value": 28,
    "classification": "Fear"
  },
  "usd_thb": 32.28
}