{
  "ts": "2026-02-06T11:06:26.929Z",
  "xauusd": 4872.899902,
  "xagusd": 74.001999,
  "fng": {
    "value": 9,
    "classification": "Extreme Fear"
  },
  "usd_thb": 31.61
}