{
  "ts": "2025-10-06T21:48:07.424Z",
  "xauusd": 3961.199951,
  "xagusd": 48.567001,
  "fng": {
    "value": 71,
    "classification": "Greed"
  },
  "usd_thb": 32.45
}