{
  "ts": "2026-01-13T19:00:44.775Z",
  "xauusd": 4596.299805,
  "xagusd": 87.787003,
  "fng": {
    "value": 26,
    "classification": "Fear"
  },
  "usd_thb": 31.48
}