{
  "ts": "2025-08-18T17:48:09.021Z",
  "xauusd": 3335.600098,
  "xagusd": 38.084999,
  "fng": {
    "value": 60,
    "classification": "Greed"
  },
  "usd_thb": 32.5
}