{
  "ts": "2025-09-01T09:20:30.845Z",
  "xauusd": 3475.399902,
  "xagusd": 40.706001,
  "fng": {
    "value": 46,
    "classification": "Fear"
  },
  "usd_thb": 32.29
}