{
  "ts": "2025-12-18T13:54:23.792Z",
  "xauusd": 4342.600098,
  "xagusd": 66.443001,
  "fng": {
    "value": 17,
    "classification": "Extreme Fear"
  },
  "usd_thb": 31.41
}