{
  "ts": "2025-09-30T04:37:04.207Z",
  "xauusd": 3866.899902,
  "xagusd": 47.087002,
  "fng": {
    "value": 50,
    "classification": "Neutral"
  },
  "usd_thb": 32.36
}