{
  "ts": "2025-08-19T19:37:56.986Z",
  "xauusd": 3317.199951,
  "xagusd": 37.372002,
  "fng": {
    "value": 56,
    "classification": "Greed"
  },
  "usd_thb": 32.61
}