{
  "ts": "2025-10-14T19:58:13.036Z",
  "xauusd": 4141.299805,
  "xagusd": 51.497002,
  "fng": {
    "value": 38,
    "classification": "Fear"
  },
  "usd_thb": 32.67
}