{
  "ts": "2025-12-09T15:10:50.392Z",
  "xauusd": 4198.600098,
  "xagusd": 59.167999,
  "fng": {
    "value": 22,
    "classification": "Extreme Fear"
  },
  "usd_thb": 31.86
}