{
  "ts": "2025-11-28T15:40:10.981Z",
  "xauusd": 4196.700195,
  "xagusd": 55.249001,
  "fng": {
    "value": 25,
    "classification": "Extreme Fear"
  },
  "usd_thb": 32.13
}