{
  "ts": "2025-08-26T22:53:29.119Z",
  "xauusd": 3391.300049,
  "xagusd": 38.712002,
  "fng": {
    "value": 48,
    "classification": "Neutral"
  },
  "usd_thb": 32.45
}