{
  "ts": "2025-10-29T18:52:19.943Z",
  "xauusd": 3956.399902,
  "xagusd": 47.543999,
  "fng": {
    "value": 51,
    "classification": "Neutral"
  },
  "usd_thb": 32.41
}