{
  "ts": "2025-12-29T21:47:12.777Z",
  "xauusd": 4332.700195,
  "xagusd": 72.154999,
  "fng": {
    "value": 24,
    "classification": "Extreme Fear"
  },
  "usd_thb": 31.6
}