{
  "ts": "2026-02-23T07:05:14.524Z",
  "xauusd": 5142.600098,
  "xagusd": 86.619003,
  "fng": {
    "value": 5,
    "classification": "Extreme Fear"
  },
  "usd_thb": 30.98
}