{
  "ts": "2025-08-26T09:59:25.217Z",
  "xauusd": 3371.399902,
  "xagusd": 38.509998,
  "fng": {
    "value": 48,
    "classification": "Neutral"
  },
  "usd_thb": 32.49
}