{
  "ts": "2025-11-14T15:15:55.888Z",
  "xauusd": 4077.899902,
  "xagusd": 51.139999,
  "fng": {
    "value": 16,
    "classification": "Extreme Fear"
  },
  "usd_thb": 32.42
}