{
  "ts": "2026-03-30T22:27:57.964Z",
  "xauusd": 4510.700195,
  "xagusd": 70.122002,
  "fng": {
    "value": 8,
    "classification": "Extreme Fear"
  },
  "usd_thb": 32.78
}