{
  "ts": "2025-10-26T23:55:36.547Z",
  "xauusd": 4071.300049,
  "xagusd": 48.259998,
  "fng": {
    "value": 40,
    "classification": "Fear"
  },
  "usd_thb": 32.64
}