{
  "ts": "2025-11-09T11:35:54.485Z",
  "xauusd": 4001.600098,
  "xagusd": 48.300999,
  "fng": {
    "value": 22,
    "classification": "Extreme Fear"
  },
  "usd_thb": 32.11
}