{
  "ts": "2025-11-11T05:20:34.923Z",
  "xauusd": 4141.399902,
  "xagusd": 51.019001,
  "fng": {
    "value": 26,
    "classification": "Fear"
  },
  "usd_thb": 32.41
}