{
  "ts": "2026-02-03T23:38:00.160Z",
  "xauusd": 4933.899902,
  "xagusd": 84.220001,
  "fng": {
    "value": 17,
    "classification": "Extreme Fear"
  },
  "usd_thb": 31.65
}