{
  "ts": "2025-11-11T11:14:58.330Z",
  "xauusd": 4141.299805,
  "xagusd": 51.078999,
  "fng": {
    "value": 26,
    "classification": "Fear"
  },
  "usd_thb": 32.39
}