{
  "ts": "2025-09-23T13:18:49.210Z",
  "xauusd": 3787.100098,
  "xagusd": 44.433998,
  "fng": {
    "value": 43,
    "classification": "Fear"
  },
  "usd_thb": 31.81
}