{
  "ts": "2025-10-21T06:58:04.197Z",
  "xauusd": 4343.899902,
  "xagusd": 51.846001,
  "fng": {
    "value": 34,
    "classification": "Fear"
  },
  "usd_thb": 32.63
}