{
  "ts": "2026-03-06T06:06:03.126Z",
  "xauusd": 5115.399902,
  "xagusd": 83.657997,
  "fng": {
    "value": 18,
    "classification": "Extreme Fear"
  },
  "usd_thb": 31.77
}