{
  "ts": "2025-11-28T13:46:33.298Z",
  "xauusd": 4174.200195,
  "xagusd": 54.042999,
  "fng": {
    "value": 25,
    "classification": "Extreme Fear"
  },
  "usd_thb": 32.18
}