{
  "ts": "2026-01-02T20:49:19.018Z",
  "xauusd": 4328.100098,
  "xagusd": 72.491997,
  "fng": {
    "value": 28,
    "classification": "Fear"
  },
  "usd_thb": 31.41
}