{
  "ts": "2026-02-24T15:39:03.032Z",
  "xauusd": 5144.700195,
  "xagusd": 87.873001,
  "fng": {
    "value": 8,
    "classification": "Extreme Fear"
  },
  "usd_thb": 31.03
}