{
  "ts": "2026-03-23T00:59:29.022Z",
  "xauusd": 4368.100098,
  "xagusd": 66.639999,
  "fng": {
    "value": 8,
    "classification": "Extreme Fear"
  },
  "usd_thb": 32.98
}