{
  "ts": "2025-09-12T11:37:20.554Z",
  "xauusd": 3649.300049,
  "xagusd": 42.287998,
  "fng": {
    "value": 57,
    "classification": "Greed"
  },
  "usd_thb": 31.74
}