{
  "ts": "2025-09-29T23:39:57.872Z",
  "xauusd": 3829.199951,
  "xagusd": 46.808998,
  "fng": {
    "value": 50,
    "classification": "Neutral"
  },
  "usd_thb": 32.22
}