{
  "ts": "2025-09-12T17:49:18.649Z",
  "xauusd": 3650.100098,
  "xagusd": 42.374001,
  "fng": {
    "value": 57,
    "classification": "Greed"
  },
  "usd_thb": 31.78
}