{
  "ts": "2026-06-12T18:26:44.536Z",
  "xauusd": 4227.799805,
  "xagusd": 68.304001,
  "fng": {
    "value": 12,
    "classification": "Extreme Fear"
  },
  "usd_thb": 32.7
}