{
  "ts": "2025-08-15T01:07:15.486Z",
  "xauusd": 3337.600098,
  "xagusd": 38.049999,
  "fng": {
    "value": 60,
    "classification": "Greed"
  },
  "usd_thb": 32.43
}