{
  "ts": "2025-12-24T01:08:21.703Z",
  "xauusd": 4517.299805,
  "xagusd": 71.844002,
  "fng": {
    "value": 24,
    "classification": "Extreme Fear"
  },
  "usd_thb": 31.07
}