{
  "ts": "2025-09-16T05:10:14.260Z",
  "xauusd": 3684.800049,
  "xagusd": 42.744999,
  "fng": {
    "value": 52,
    "classification": "Neutral"
  },
  "usd_thb": 31.74
}