{
  "ts": "2026-03-24T16:43:35.158Z",
  "xauusd": 4418.100098,
  "xagusd": 69.788002,
  "fng": {
    "value": 11,
    "classification": "Extreme Fear"
  },
  "usd_thb": 32.65
}