{
  "ts": "2025-09-18T14:45:39.977Z",
  "xauusd": 3642.399902,
  "xagusd": 41.740002,
  "fng": {
    "value": 52,
    "classification": "Neutral"
  },
  "usd_thb": 31.93
}