{
  "ts": "2025-10-14T05:56:11.484Z",
  "xauusd": 4132.299805,
  "xagusd": 52.631001,
  "fng": {
    "value": 38,
    "classification": "Fear"
  },
  "usd_thb": 32.62
}