{
  "ts": "2026-04-08T02:27:23.463Z",
  "xauusd": 4810.100098,
  "xagusd": 76.578003,
  "fng": {
    "value": 17,
    "classification": "Extreme Fear"
  },
  "usd_thb": 32.07
}