{
  "ts": "2025-09-11T07:41:51.297Z",
  "xauusd": 3628.100098,
  "xagusd": 41.046001,
  "fng": {
    "value": 54,
    "classification": "Neutral"
  },
  "usd_thb": 31.81
}