{
  "ts": "2025-08-19T11:46:33.518Z",
  "xauusd": 3341.199951,
  "xagusd": 38.110001,
  "fng": {
    "value": 56,
    "classification": "Greed"
  },
  "usd_thb": 32.5
}