{
  "ts": "2025-10-30T20:46:01.119Z",
  "xauusd": 4021.199951,
  "xagusd": 49.000999,
  "fng": {
    "value": 34,
    "classification": "Fear"
  },
  "usd_thb": 32.33
}