{
  "ts": "2025-12-23T14:29:54.899Z",
  "xauusd": 4468.200195,
  "xagusd": 70.346001,
  "fng": {
    "value": 24,
    "classification": "Extreme Fear"
  },
  "usd_thb": 31.1
}