{
  "ts": "2025-10-16T12:00:20.340Z",
  "xauusd": 4242.799805,
  "xagusd": 52.957001,
  "fng": {
    "value": 28,
    "classification": "Fear"
  },
  "usd_thb": 32.51
}