{
  "ts": "2026-02-12T18:35:55.158Z",
  "xauusd": 4934.299805,
  "xagusd": 76.302002,
  "fng": {
    "value": 5,
    "classification": "Extreme Fear"
  },
  "usd_thb": 31.06
}