{
  "ts": "2025-09-02T10:16:35.248Z",
  "xauusd": 3476.800049,
  "xagusd": 40.445999,
  "fng": {
    "value": 49,
    "classification": "Neutral"
  },
  "usd_thb": 32.38
}