{
  "ts": "2025-11-28T11:50:26.546Z",
  "xauusd": 4174.899902,
  "xagusd": 53.939999,
  "fng": {
    "value": 25,
    "classification": "Extreme Fear"
  },
  "usd_thb": 32.17
}