{
  "ts": "2025-09-23T04:13:32.889Z",
  "xauusd": 3746.199951,
  "xagusd": 43.912998,
  "fng": {
    "value": 43,
    "classification": "Fear"
  },
  "usd_thb": 31.85
}