{
  "ts": "2025-08-29T16:48:03.524Z",
  "xauusd": 3447.100098,
  "xagusd": 39.867001,
  "fng": {
    "value": 50,
    "classification": "Neutral"
  },
  "usd_thb": 32.29
}