{
  "ts": "2025-11-12T18:18:44.935Z",
  "xauusd": 4199.399902,
  "xagusd": 53.490002,
  "fng": {
    "value": 24,
    "classification": "Extreme Fear"
  },
  "usd_thb": 32.34
}