{
  "ts": "2026-05-16T01:20:21.108Z",
  "xauusd": 4541.200195,
  "xagusd": 76.092003,
  "fng": {
    "value": 31,
    "classification": "Fear"
  },
  "usd_thb": 32.65
}