{
  "ts": "2025-10-20T17:51:23.641Z",
  "xauusd": 4346.899902,
  "xagusd": 52.265999,
  "fng": {
    "value": 29,
    "classification": "Fear"
  },
  "usd_thb": 32.55
}