{
  "ts": "2025-12-29T19:50:35.620Z",
  "xauusd": 4333.600098,
  "xagusd": 72.183998,
  "fng": {
    "value": 24,
    "classification": "Extreme Fear"
  },
  "usd_thb": 31.61
}