{
  "ts": "2025-09-23T17:36:46.948Z",
  "xauusd": 3779.300049,
  "xagusd": 44.292999,
  "fng": {
    "value": 43,
    "classification": "Fear"
  },
  "usd_thb": 31.83
}