{
  "ts": "2026-06-10T20:44:27.033Z",
  "xauusd": 4072.800049,
  "xagusd": 63.603001,
  "fng": {
    "value": 9,
    "classification": "Extreme Fear"
  },
  "usd_thb": 32.94
}