{
  "ts": "2025-09-29T11:59:03.896Z",
  "xauusd": 3832.300049,
  "xagusd": 47.105999,
  "fng": {
    "value": 50,
    "classification": "Neutral"
  },
  "usd_thb": 32.22
}