{
  "ts": "2025-10-31T08:42:22.790Z",
  "xauusd": 4019.899902,
  "xagusd": 49.264999,
  "fng": {
    "value": 29,
    "classification": "Fear"
  },
  "usd_thb": 32.35
}