{
  "ts": "2025-09-12T19:31:27.303Z",
  "xauusd": 3646.899902,
  "xagusd": 42.240002,
  "fng": {
    "value": 57,
    "classification": "Greed"
  },
  "usd_thb": 31.71
}