{
  "ts": "2025-10-09T10:43:28.040Z",
  "xauusd": 4039.699951,
  "xagusd": 49.695999,
  "fng": {
    "value": 70,
    "classification": "Greed"
  },
  "usd_thb": 32.58
}