{
  "ts": "2026-01-15T21:00:22.862Z",
  "xauusd": 4606.799805,
  "xagusd": 92.087997,
  "fng": {
    "value": 61,
    "classification": "Greed"
  },
  "usd_thb": 31.35
}