{
  "ts": "2025-12-08T07:44:45.075Z",
  "xauusd": 4212.200195,
  "xagusd": 58.419998,
  "fng": {
    "value": 20,
    "classification": "Extreme Fear"
  },
  "usd_thb": 31.83
}