{
  "ts": "2025-10-13T15:46:14.381Z",
  "xauusd": 4100.799805,
  "xagusd": 51.550999,
  "fng": {
    "value": 38,
    "classification": "Fear"
  },
  "usd_thb": 32.52
}