{
  "ts": "2026-02-27T15:48:31.204Z",
  "xauusd": 5232.600098,
  "xagusd": 93.292999,
  "fng": {
    "value": 13,
    "classification": "Extreme Fear"
  },
  "usd_thb": 31.03
}