{
  "ts": "2025-09-04T06:35:59.328Z",
  "xauusd": 3536.399902,
  "xagusd": 40.845001,
  "fng": {
    "value": 51,
    "classification": "Neutral"
  },
  "usd_thb": 32.27
}