{
  "ts": "2026-04-22T08:58:25.811Z",
  "xauusd": 4759.100098,
  "xagusd": 78.217003,
  "fng": {
    "value": 32,
    "classification": "Fear"
  },
  "usd_thb": 32.16
}