{
  "ts": "2026-01-06T07:33:39.273Z",
  "xauusd": 4467.100098,
  "xagusd": 78.799004,
  "fng": {
    "value": 44,
    "classification": "Fear"
  },
  "usd_thb": 31.14
}