{
  "ts": "2026-03-19T23:15:58.136Z",
  "xauusd": 4639.799805,
  "xagusd": 72.483002,
  "fng": {
    "value": 23,
    "classification": "Extreme Fear"
  },
  "usd_thb": 32.47
}