{
  "ts": "2025-12-16T18:59:52.607Z",
  "xauusd": 4312.299805,
  "xagusd": 63.863998,
  "fng": {
    "value": 11,
    "classification": "Extreme Fear"
  },
  "usd_thb": 31.42
}