{
  "ts": "2026-03-16T20:54:17.695Z",
  "xauusd": 5008.799805,
  "xagusd": 81.004997,
  "fng": {
    "value": 23,
    "classification": "Extreme Fear"
  },
  "usd_thb": 32.29
}