{
  "ts": "2025-09-02T05:13:37.621Z",
  "xauusd": 3496.399902,
  "xagusd": 40.830002,
  "fng": {
    "value": 49,
    "classification": "Neutral"
  },
  "usd_thb": 32.27
}