{
  "ts": "2025-08-18T15:45:41.360Z",
  "xauusd": 3335.800049,
  "xagusd": 38.110001,
  "fng": {
    "value": 60,
    "classification": "Greed"
  },
  "usd_thb": 32.51
}