{
  "ts": "2025-10-22T05:45:17.152Z",
  "xauusd": 4137.299805,
  "xagusd": 49.054001,
  "fng": {
    "value": 25,
    "classification": "Extreme Fear"
  },
  "usd_thb": 32.74
}