{
  "ts": "2025-10-31T19:13:50.070Z",
  "xauusd": 4004.399902,
  "xagusd": 48.726002,
  "fng": {
    "value": 29,
    "classification": "Fear"
  },
  "usd_thb": 32.39
}