{
  "ts": "2025-09-09T04:40:11.258Z",
  "xauusd": 3652.899902,
  "xagusd": 41.380001,
  "fng": {
    "value": 48,
    "classification": "Neutral"
  },
  "usd_thb": 31.61
}