{
  "ts": "2025-12-18T06:54:31.825Z",
  "xauusd": 4334.799805,
  "xagusd": 66.461998,
  "fng": {
    "value": 17,
    "classification": "Extreme Fear"
  },
  "usd_thb": 31.45
}