{
  "ts": "2025-09-01T21:53:31.025Z",
  "xauusd": 3477.699951,
  "xagusd": 40.779999,
  "fng": {
    "value": 46,
    "classification": "Fear"
  },
  "usd_thb": 32.31
}