{
  "ts": "2025-09-30T08:56:42.754Z",
  "xauusd": 3817.800049,
  "xagusd": 46.323002,
  "fng": {
    "value": 50,
    "classification": "Neutral"
  },
  "usd_thb": 32.35
}