{
  "ts": "2025-10-17T21:54:04.767Z",
  "xauusd": 4252.799805,
  "xagusd": 51.980999,
  "fng": {
    "value": 22,
    "classification": "Extreme Fear"
  },
  "usd_thb": 32.67
}