{
  "ts": "2026-07-17T22:04:43.644Z",
  "xauusd": 4019.300049,
  "xagusd": 56.080002,
  "fng": {
    "value": 27,
    "classification": "Fear"
  },
  "usd_thb": 33.57
}