{
  "ts": "2025-08-21T19:56:55.787Z",
  "xauusd": 3338.899902,
  "xagusd": 38.155998,
  "fng": {
    "value": 50,
    "classification": "Neutral"
  },
  "usd_thb": 32.66
}