{
  "ts": "2025-08-22T03:04:48.971Z",
  "xauusd": 3334.899902,
  "xagusd": 38.169998,
  "fng": {
    "value": 50,
    "classification": "Neutral"
  },
  "usd_thb": 32.66
}