{
  "ts": "2025-10-31T11:41:07.566Z",
  "xauusd": 4006.600098,
  "xagusd": 49.037998,
  "fng": {
    "value": 29,
    "classification": "Fear"
  },
  "usd_thb": 32.32
}