{
  "ts": "2025-09-23T08:50:12.889Z",
  "xauusd": 3771.699951,
  "xagusd": 44.113998,
  "fng": {
    "value": 43,
    "classification": "Fear"
  },
  "usd_thb": 31.81
}