{
  "ts": "2025-10-16T15:32:39.298Z",
  "xauusd": 4273.100098,
  "xagusd": 53.921001,
  "fng": {
    "value": 28,
    "classification": "Fear"
  },
  "usd_thb": 32.48
}