{
  "ts": "2025-08-21T03:42:49.501Z",
  "xauusd": 3343.399902,
  "xagusd": 37.950001,
  "fng": {
    "value": 50,
    "classification": "Neutral"
  },
  "usd_thb": 32.55
}