{
  "ts": "2026-05-21T07:56:19.761Z",
  "xauusd": 4522.700195,
  "xagusd": 74.964996,
  "fng": {
    "value": 29,
    "classification": "Fear"
  },
  "usd_thb": 32.67
}