{
  "ts": "2026-01-14T05:26:11.133Z",
  "xauusd": 4634.799805,
  "xagusd": 90.731003,
  "fng": {
    "value": 48,
    "classification": "Neutral"
  },
  "usd_thb": 31.31
}