{
  "ts": "2026-07-23T19:38:34.195Z",
  "xauusd": 4048.600098,
  "xagusd": 57.702999,
  "fng": {
    "value": 31,
    "classification": "Fear"
  },
  "usd_thb": 33.81
}