{
  "ts": "2025-12-02T08:47:24.482Z",
  "xauusd": 4214.600098,
  "xagusd": 57.167999,
  "fng": {
    "value": 23,
    "classification": "Extreme Fear"
  },
  "usd_thb": 31.98
}