{
  "ts": "2025-09-01T07:42:44.410Z",
  "xauusd": 3470.800049,
  "xagusd": 40.551998,
  "fng": {
    "value": 46,
    "classification": "Fear"
  },
  "usd_thb": 32.3
}