{
  "ts": "2025-09-15T10:14:27.028Z",
  "xauusd": 3644.100098,
  "xagusd": 42.255001,
  "fng": {
    "value": 53,
    "classification": "Neutral"
  },
  "usd_thb": 31.87
}