{
  "ts": "2025-09-10T03:05:07.541Z",
  "xauusd": 3636.800049,
  "xagusd": 41.060001,
  "fng": {
    "value": 49,
    "classification": "Neutral"
  },
  "usd_thb": 31.73
}