{
  "ts": "2026-04-16T15:55:13.022Z",
  "xauusd": 4807.100098,
  "xagusd": 79.017998,
  "fng": {
    "value": 23,
    "classification": "Extreme Fear"
  },
  "usd_thb": 31.96
}