{
  "ts": "2026-01-09T11:36:53.563Z",
  "xauusd": 4471.899902,
  "xagusd": 77.967003,
  "fng": {
    "value": 27,
    "classification": "Fear"
  },
  "usd_thb": 31.41
}