{
  "ts": "2025-12-02T14:50:41.015Z",
  "xauusd": 4224.700195,
  "xagusd": 58.029999,
  "fng": {
    "value": 23,
    "classification": "Extreme Fear"
  },
  "usd_thb": 32
}