{
  "ts": "2025-09-04T20:14:41.092Z",
  "xauusd": 3550.600098,
  "xagusd": 40.737999,
  "fng": {
    "value": 51,
    "classification": "Neutral"
  },
  "usd_thb": 32.31
}