{
  "ts": "2026-04-08T12:04:27.235Z",
  "xauusd": 4803.399902,
  "xagusd": 77.531998,
  "fng": {
    "value": 17,
    "classification": "Extreme Fear"
  },
  "usd_thb": 31.86
}