{
  "ts": "2025-09-22T13:51:05.781Z",
  "xauusd": 3715.100098,
  "xagusd": 43.404999,
  "fng": {
    "value": 45,
    "classification": "Fear"
  },
  "usd_thb": 31.8
}