{
  "ts": "2025-12-23T23:54:07.724Z",
  "xauusd": 4509.399902,
  "xagusd": 71.864998,
  "fng": {
    "value": 24,
    "classification": "Extreme Fear"
  },
  "usd_thb": 31.08
}