{
  "ts": "2025-10-06T16:55:52.771Z",
  "xauusd": 3954.199951,
  "xagusd": 48.616001,
  "fng": {
    "value": 71,
    "classification": "Greed"
  },
  "usd_thb": 32.39
}