{
  "ts": "2025-10-28T05:00:00.293Z",
  "xauusd": 3977.399902,
  "xagusd": 46.730999,
  "fng": {
    "value": 50,
    "classification": "Neutral"
  },
  "usd_thb": 32.57
}