{
  "ts": "2025-09-02T15:58:26.995Z",
  "xauusd": 3518.399902,
  "xagusd": 40.882999,
  "fng": {
    "value": 49,
    "classification": "Neutral"
  },
  "usd_thb": 32.32
}