{
  "ts": "2025-10-02T16:51:06.469Z",
  "xauusd": 3842.399902,
  "xagusd": 46.478001,
  "fng": {
    "value": 64,
    "classification": "Greed"
  },
  "usd_thb": 32.46
}