{
  "ts": "2025-12-30T11:55:57.848Z",
  "xauusd": 4384.399902,
  "xagusd": 74.903999,
  "fng": {
    "value": 23,
    "classification": "Extreme Fear"
  },
  "usd_thb": 31.37
}