{
  "ts": "2025-10-30T23:49:39.543Z",
  "xauusd": 4038.600098,
  "xagusd": 49.101002,
  "fng": {
    "value": 34,
    "classification": "Fear"
  },
  "usd_thb": 32.33
}