{
  "ts": "2025-08-19T10:52:00.550Z",
  "xauusd": 3342.800049,
  "xagusd": 38.099998,
  "fng": {
    "value": 56,
    "classification": "Greed"
  },
  "usd_thb": 32.48
}