{
  "ts": "2026-06-08T06:56:06.092Z",
  "xauusd": 4298.799805,
  "xagusd": 67.132004,
  "fng": {
    "value": 8,
    "classification": "Extreme Fear"
  },
  "usd_thb": 32.88
}