{
  "ts": "2025-10-29T23:35:05.441Z",
  "xauusd": 3950.899902,
  "xagusd": 47.761002,
  "fng": {
    "value": 51,
    "classification": "Neutral"
  },
  "usd_thb": 32.38
}