{
  "ts": "2026-01-07T14:51:38.121Z",
  "xauusd": 4444.700195,
  "xagusd": 77.293999,
  "fng": {
    "value": 42,
    "classification": "Fear"
  },
  "usd_thb": 31.28
}