{
  "ts": "2026-02-20T17:03:57.910Z",
  "xauusd": 5066.200195,
  "xagusd": 82.603996,
  "fng": {
    "value": 7,
    "classification": "Extreme Fear"
  },
  "usd_thb": 31.1
}