{
  "ts": "2025-08-28T11:49:57.360Z",
  "xauusd": 3405.899902,
  "xagusd": 39.070999,
  "fng": {
    "value": 48,
    "classification": "Neutral"
  },
  "usd_thb": 32.34
}