{
  "ts": "2026-02-11T22:58:30.641Z",
  "xauusd": 5085.100098,
  "xagusd": 84.407997,
  "fng": {
    "value": 11,
    "classification": "Extreme Fear"
  },
  "usd_thb": 31.03
}