{
  "ts": "2026-02-02T18:21:38.816Z",
  "xauusd": 4628.200195,
  "xagusd": 76.589996,
  "fng": {
    "value": 14,
    "classification": "Extreme Fear"
  },
  "usd_thb": 31.58
}