{
  "ts": "2026-05-18T05:49:49.414Z",
  "xauusd": 4542.799805,
  "xagusd": 75.489998,
  "fng": {
    "value": 28,
    "classification": "Fear"
  },
  "usd_thb": 32.67
}