{
  "ts": "2026-03-13T13:37:42.621Z",
  "xauusd": 5102.799805,
  "xagusd": 83.677002,
  "fng": {
    "value": 15,
    "classification": "Extreme Fear"
  },
  "usd_thb": 32.19
}