{
  "ts": "2025-12-29T15:39:51.325Z",
  "xauusd": 4329.600098,
  "xagusd": 71.331001,
  "fng": {
    "value": 24,
    "classification": "Extreme Fear"
  },
  "usd_thb": 31.62
}