{
  "ts": "2025-08-19T22:39:30.062Z",
  "xauusd": 3316.800049,
  "xagusd": 37.412998,
  "fng": {
    "value": 56,
    "classification": "Greed"
  },
  "usd_thb": 32.57
}