{
  "ts": "2025-10-17T13:58:31.391Z",
  "xauusd": 4285.799805,
  "xagusd": 52.942001,
  "fng": {
    "value": 22,
    "classification": "Extreme Fear"
  },
  "usd_thb": 32.81
}