{
  "ts": "2025-10-20T06:58:17.472Z",
  "xauusd": 4238.299805,
  "xagusd": 51.661999,
  "fng": {
    "value": 29,
    "classification": "Fear"
  },
  "usd_thb": 32.77
}