{
  "ts": "2026-01-26T22:19:38.724Z",
  "xauusd": 5011.299805,
  "xagusd": 104.025002,
  "fng": {
    "value": 20,
    "classification": "Extreme Fear"
  },
  "usd_thb": 31.12
}