{
  "ts": "2025-09-09T14:13:54.816Z",
  "xauusd": 3648.600098,
  "xagusd": 40.998501,
  "fng": {
    "value": 48,
    "classification": "Neutral"
  },
  "usd_thb": 31.72
}