{
  "ts": "2025-10-10T19:28:10.972Z",
  "xauusd": 4009.399902,
  "xagusd": 49.919998,
  "fng": {
    "value": 64,
    "classification": "Greed"
  },
  "usd_thb": 32.65
}