{
  "ts": "2025-08-15T10:41:53.675Z",
  "xauusd": 3339.899902,
  "xagusd": 37.873001,
  "fng": {
    "value": 60,
    "classification": "Greed"
  },
  "usd_thb": 32.43
}