{
  "ts": "2025-11-18T11:42:03.283Z",
  "xauusd": 4048.199951,
  "xagusd": 50.508999,
  "fng": {
    "value": 11,
    "classification": "Extreme Fear"
  },
  "usd_thb": 32.41
}