{
  "ts": "2025-11-17T03:22:13.312Z",
  "xauusd": 4081.100098,
  "xagusd": 51.032001,
  "fng": {
    "value": 14,
    "classification": "Extreme Fear"
  },
  "usd_thb": 32.44
}