{
  "ts": "2025-10-13T13:45:10.217Z",
  "xauusd": 4084.300049,
  "xagusd": 51.686001,
  "fng": {
    "value": 38,
    "classification": "Fear"
  },
  "usd_thb": 32.13
}