{
  "ts": "2025-09-04T13:54:40.869Z",
  "xauusd": 3548.199951,
  "xagusd": 40.709999,
  "fng": {
    "value": 51,
    "classification": "Neutral"
  },
  "usd_thb": 32.28
}