{
  "ts": "2026-02-02T23:55:58.953Z",
  "xauusd": 4764.700195,
  "xagusd": 82.670998,
  "fng": {
    "value": 14,
    "classification": "Extreme Fear"
  },
  "usd_thb": 31.49
}