{
  "ts": "2026-01-16T19:41:46.973Z",
  "xauusd": 4589.700195,
  "xagusd": 89.231003,
  "fng": {
    "value": 49,
    "classification": "Neutral"
  },
  "usd_thb": 31.41
}