{
  "ts": "2026-01-13T23:54:18.694Z",
  "xauusd": 4597.399902,
  "xagusd": 87.762001,
  "fng": {
    "value": 26,
    "classification": "Fear"
  },
  "usd_thb": 31.41
}