{
  "ts": "2026-03-24T18:37:43.379Z",
  "xauusd": 4384.200195,
  "xagusd": 70.043999,
  "fng": {
    "value": 11,
    "classification": "Extreme Fear"
  },
  "usd_thb": 32.64
}