{
  "ts": "2025-08-27T06:15:06.227Z",
  "xauusd": 3379.699951,
  "xagusd": 38.529999,
  "fng": {
    "value": 51,
    "classification": "Neutral"
  },
  "usd_thb": 32.51
}