{
  "ts": "2026-02-27T01:04:21.874Z",
  "xauusd": 5173.100098,
  "xagusd": 88.682999,
  "fng": {
    "value": 13,
    "classification": "Extreme Fear"
  },
  "usd_thb": 31.09
}