{
  "ts": "2025-11-14T17:55:22.857Z",
  "xauusd": 4104.700195,
  "xagusd": 51.261002,
  "fng": {
    "value": 16,
    "classification": "Extreme Fear"
  },
  "usd_thb": 32.46
}