{
  "ts": "2025-11-15T05:00:15.861Z",
  "xauusd": 4082.699951,
  "xagusd": 50.594002,
  "fng": {
    "value": 10,
    "classification": "Extreme Fear"
  },
  "usd_thb": 32.4
}