{
  "ts": "2026-03-31T01:02:45.406Z",
  "xauusd": 4551.399902,
  "xagusd": 71.018997,
  "fng": {
    "value": 11,
    "classification": "Extreme Fear"
  },
  "usd_thb": 32.8
}