{
  "ts": "2025-12-01T18:57:02.192Z",
  "xauusd": 4240.299805,
  "xagusd": 58.467999,
  "fng": {
    "value": 24,
    "classification": "Extreme Fear"
  },
  "usd_thb": 32.01
}