{
  "ts": "2025-11-10T20:21:22.721Z",
  "xauusd": 4108.600098,
  "xagusd": 50.485001,
  "fng": {
    "value": 29,
    "classification": "Fear"
  },
  "usd_thb": 32.31
}