{
  "ts": "2026-01-06T11:12:19.336Z",
  "xauusd": 4452.600098,
  "xagusd": 78.001999,
  "fng": {
    "value": 44,
    "classification": "Fear"
  },
  "usd_thb": 31.25
}