{
  "ts": "2025-10-21T21:08:54.021Z",
  "xauusd": 4125.700195,
  "xagusd": 48.740002,
  "fng": {
    "value": 34,
    "classification": "Fear"
  },
  "usd_thb": 32.83
}