{
  "ts": "2026-02-25T20:04:48.560Z",
  "xauusd": 5198.399902,
  "xagusd": 90.978996,
  "fng": {
    "value": 11,
    "classification": "Extreme Fear"
  },
  "usd_thb": 31.02
}