{
  "ts": "2025-10-02T23:20:56.408Z",
  "xauusd": 3858.800049,
  "xagusd": 46.969002,
  "fng": {
    "value": 64,
    "classification": "Greed"
  },
  "usd_thb": 32.44
}