{
  "ts": "2025-10-16T20:32:20.618Z",
  "xauusd": 4315.899902,
  "xagusd": 54.063999,
  "fng": {
    "value": 28,
    "classification": "Fear"
  },
  "usd_thb": 32.47
}