{
  "ts": "2025-12-05T09:56:55.460Z",
  "xauusd": 4225.600098,
  "xagusd": 58.224998,
  "fng": {
    "value": 28,
    "classification": "Fear"
  },
  "usd_thb": 31.83
}