{
  "ts": "2025-10-16T08:13:22.887Z",
  "xauusd": 4235.100098,
  "xagusd": 52.870998,
  "fng": {
    "value": 28,
    "classification": "Fear"
  },
  "usd_thb": 32.56
}