{
  "ts": "2025-08-27T11:17:47.219Z",
  "xauusd": 3377.800049,
  "xagusd": 38.338001,
  "fng": {
    "value": 51,
    "classification": "Neutral"
  },
  "usd_thb": 32.49
}