{
  "ts": "2025-10-01T08:56:42.015Z",
  "xauusd": 3893.199951,
  "xagusd": 47.414001,
  "fng": {
    "value": 49,
    "classification": "Neutral"
  },
  "usd_thb": 32.32
}