{
  "ts": "2025-08-20T07:53:35.159Z",
  "xauusd": 3327.600098,
  "xagusd": 37.223999,
  "fng": {
    "value": 44,
    "classification": "Fear"
  },
  "usd_thb": 32.57
}