{
  "ts": "2026-05-22T16:20:53.097Z",
  "xauusd": 4518.200195,
  "xagusd": 76.011002,
  "fng": {
    "value": 28,
    "classification": "Fear"
  },
  "usd_thb": 32.62
}