{
  "ts": "2025-12-08T03:22:15.683Z",
  "xauusd": 4213.700195,
  "xagusd": 58.109001,
  "fng": {
    "value": 20,
    "classification": "Extreme Fear"
  },
  "usd_thb": 31.81
}