{
  "ts": "2025-12-12T04:38:46.240Z",
  "xauusd": 4267.899902,
  "xagusd": 63.521999,
  "fng": {
    "value": 29,
    "classification": "Fear"
  },
  "usd_thb": 31.67
}