{
  "ts": "2025-08-19T06:52:11.732Z",
  "xauusd": 3336.100098,
  "xagusd": 37.957001,
  "fng": {
    "value": 56,
    "classification": "Greed"
  },
  "usd_thb": 32.49
}