{
  "ts": "2025-10-31T07:54:09.709Z",
  "xauusd": 4015.899902,
  "xagusd": 49.275002,
  "fng": {
    "value": 29,
    "classification": "Fear"
  },
  "usd_thb": 32.34
}