{
  "ts": "2026-01-15T09:49:37.241Z",
  "xauusd": 4611.100098,
  "xagusd": 90.642998,
  "fng": {
    "value": 61,
    "classification": "Greed"
  },
  "usd_thb": 31.33
}