{
  "ts": "2025-09-09T21:34:15.455Z",
  "xauusd": 3626.800049,
  "xagusd": 40.917999,
  "fng": {
    "value": 48,
    "classification": "Neutral"
  },
  "usd_thb": 31.74
}