{
  "ts": "2025-09-09T19:24:42.224Z",
  "xauusd": 3637.199951,
  "xagusd": 40.970001,
  "fng": {
    "value": 48,
    "classification": "Neutral"
  },
  "usd_thb": 31.75
}