{
  "ts": "2025-08-22T04:54:20.951Z",
  "xauusd": 3329.399902,
  "xagusd": 38.119999,
  "fng": {
    "value": 50,
    "classification": "Neutral"
  },
  "usd_thb": 32.65
}