{
  "ts": "2026-01-28T21:57:45.630Z",
  "xauusd": 5416.299805,
  "xagusd": 116.896004,
  "fng": {
    "value": 29,
    "classification": "Fear"
  },
  "usd_thb": 31.08
}