{
  "ts": "2025-10-20T05:19:05.434Z",
  "xauusd": 4260.700195,
  "xagusd": 52.308998,
  "fng": {
    "value": 29,
    "classification": "Fear"
  },
  "usd_thb": 32.76
}