{
  "ts": "2025-11-04T10:42:14.139Z",
  "xauusd": 3997.199951,
  "xagusd": 47.926998,
  "fng": {
    "value": 21,
    "classification": "Extreme Fear"
  },
  "usd_thb": 32.52
}