{
  "ts": "2025-10-03T14:31:13.363Z",
  "xauusd": 3878.800049,
  "xagusd": 47.762001,
  "fng": {
    "value": 63,
    "classification": "Greed"
  },
  "usd_thb": 32.35
}