{
  "ts": "2026-03-04T21:52:07.195Z",
  "xauusd": 5137.200195,
  "xagusd": 83.556999,
  "fng": {
    "value": 10,
    "classification": "Extreme Fear"
  },
  "usd_thb": 31.49
}