{
  "ts": "2026-01-28T18:50:18.733Z",
  "xauusd": 5276.399902,
  "xagusd": 110.893997,
  "fng": {
    "value": 29,
    "classification": "Fear"
  },
  "usd_thb": 31.14
}