{
  "ts": "2026-01-02T16:12:47.044Z",
  "xauusd": 4325.700195,
  "xagusd": 72.008003,
  "fng": {
    "value": 28,
    "classification": "Fear"
  },
  "usd_thb": 31.44
}