{
  "ts": "2025-11-13T13:59:52.528Z",
  "xauusd": 4230.799805,
  "xagusd": 53.599998,
  "fng": {
    "value": 15,
    "classification": "Extreme Fear"
  },
  "usd_thb": 32.32
}