{
  "ts": "2025-09-11T05:57:10.851Z",
  "xauusd": 3627.600098,
  "xagusd": 41.036999,
  "fng": {
    "value": 54,
    "classification": "Neutral"
  },
  "usd_thb": 31.8
}