{
  "ts": "2025-09-30T08:43:49.918Z",
  "xauusd": 3810.899902,
  "xagusd": 46.303001,
  "fng": {
    "value": 50,
    "classification": "Neutral"
  },
  "usd_thb": 32.37
}