{
  "ts": "2026-07-13T03:52:24.538Z",
  "xauusd": 4061.800049,
  "xagusd": 58.306999,
  "fng": {
    "value": 28,
    "classification": "Fear"
  },
  "usd_thb": 33.35
}