{
  "ts": "2026-01-19T23:34:39.826Z",
  "xauusd": 4669.100098,
  "xagusd": 94.170998,
  "fng": {
    "value": 44,
    "classification": "Fear"
  },
  "usd_thb": 31.24
}