{
  "ts": "2025-09-11T21:47:12.162Z",
  "xauusd": 3635.199951,
  "xagusd": 41.599998,
  "fng": {
    "value": 54,
    "classification": "Neutral"
  },
  "usd_thb": 31.78
}