{
  "ts": "2025-11-05T23:37:18.789Z",
  "xauusd": 3974.800049,
  "xagusd": 48.039001,
  "fng": {
    "value": 23,
    "classification": "Extreme Fear"
  },
  "usd_thb": 32.49
}