{
  "ts": "2025-09-22T02:59:54.353Z",
  "xauusd": 3687.235107,
  "xagusd": 43.252399,
  "fng": {
    "value": 45,
    "classification": "Fear"
  },
  "usd_thb": 31.82
}