{
  "ts": "2025-11-11T17:21:09.028Z",
  "xauusd": 4115.700195,
  "xagusd": 50.896999,
  "fng": {
    "value": 26,
    "classification": "Fear"
  },
  "usd_thb": 32.41
}