{
  "ts": "2026-02-23T20:24:42.424Z",
  "xauusd": 5214.100098,
  "xagusd": 88.233002,
  "fng": {
    "value": 5,
    "classification": "Extreme Fear"
  },
  "usd_thb": 30.97
}