{
  "ts": "2025-11-04T21:00:13.361Z",
  "xauusd": 3940.300049,
  "xagusd": 47.179001,
  "fng": {
    "value": 21,
    "classification": "Extreme Fear"
  },
  "usd_thb": 32.58
}