{
  "ts": "2026-01-05T09:18:28.834Z",
  "xauusd": 4431.600098,
  "xagusd": 76.010002,
  "fng": {
    "value": 26,
    "classification": "Fear"
  },
  "usd_thb": 31.32
}