{
  "ts": "2026-02-05T05:08:29.736Z",
  "xauusd": 4868.700195,
  "xagusd": 76.928001,
  "fng": {
    "value": 12,
    "classification": "Extreme Fear"
  },
  "usd_thb": 31.82
}