{
  "ts": "2025-10-30T15:58:24.964Z",
  "xauusd": 4006.800049,
  "xagusd": 48.900002,
  "fng": {
    "value": 34,
    "classification": "Fear"
  },
  "usd_thb": 32.37
}