{
  "ts": "2026-04-30T21:38:52.385Z",
  "xauusd": 4623.399902,
  "xagusd": 73.880997,
  "fng": {
    "value": 29,
    "classification": "Fear"
  },
  "usd_thb": 32.46
}