{
  "ts": "2026-07-21T00:12:59.682Z",
  "xauusd": 4004.199951,
  "xagusd": 56.389999,
  "fng": {
    "value": 25,
    "classification": "Extreme Fear"
  },
  "usd_thb": 33.61
}