{
  "ts": "2025-09-22T16:17:15.217Z",
  "xauusd": 3737.100098,
  "xagusd": 43.870998,
  "fng": {
    "value": 45,
    "classification": "Fear"
  },
  "usd_thb": 31.77
}