{
  "ts": "2026-04-30T16:43:41.317Z",
  "xauusd": 4611.399902,
  "xagusd": 73.353996,
  "fng": {
    "value": 29,
    "classification": "Fear"
  },
  "usd_thb": 32.5
}