{
  "ts": "2026-01-08T18:21:06.167Z",
  "xauusd": 4454.399902,
  "xagusd": 75.608002,
  "fng": {
    "value": 28,
    "classification": "Fear"
  },
  "usd_thb": 31.49
}