{
  "ts": "2025-11-04T04:51:03.081Z",
  "xauusd": 3986.899902,
  "xagusd": 48.150002,
  "fng": {
    "value": 21,
    "classification": "Extreme Fear"
  },
  "usd_thb": 32.5
}