{
  "ts": "2025-12-23T20:26:10.114Z",
  "xauusd": 4495.200195,
  "xagusd": 71.470001,
  "fng": {
    "value": 24,
    "classification": "Extreme Fear"
  },
  "usd_thb": 31.1
}