{
  "ts": "2026-04-24T18:26:03.282Z",
  "xauusd": 4722.100098,
  "xagusd": 76.549004,
  "fng": {
    "value": 39,
    "classification": "Fear"
  },
  "usd_thb": 32.3
}