{
  "ts": "2025-10-09T22:14:19.202Z",
  "xauusd": 3967.600098,
  "xagusd": 49.103001,
  "fng": {
    "value": 70,
    "classification": "Greed"
  },
  "usd_thb": 32.75
}