{
  "ts": "2026-04-23T16:47:57.079Z",
  "xauusd": 4734.600098,
  "xagusd": 76.585999,
  "fng": {
    "value": 46,
    "classification": "Fear"
  },
  "usd_thb": 32.34
}