{
  "ts": "2026-01-08T19:30:44.874Z",
  "xauusd": 4448.200195,
  "xagusd": 75.658997,
  "fng": {
    "value": 28,
    "classification": "Fear"
  },
  "usd_thb": 31.48
}