{
  "ts": "2026-03-02T02:48:56.174Z",
  "xauusd": 5349.700195,
  "xagusd": 93.924004,
  "fng": {
    "value": 10,
    "classification": "Extreme Fear"
  },
  "usd_thb": 31.22
}