{
  "ts": "2025-08-15T21:40:48.653Z",
  "xauusd": 3336.899902,
  "xagusd": 38.049999,
  "fng": {
    "value": 60,
    "classification": "Greed"
  },
  "usd_thb": 32.42
}