{
  "ts": "2026-02-10T12:07:48.706Z",
  "xauusd": 5049.100098,
  "xagusd": 82.300003,
  "fng": {
    "value": 9,
    "classification": "Extreme Fear"
  },
  "usd_thb": 31.16
}