{
  "ts": "2025-09-01T15:53:26.033Z",
  "xauusd": 3475.100098,
  "xagusd": 40.689999,
  "fng": {
    "value": 46,
    "classification": "Fear"
  },
  "usd_thb": 32.29
}