{
  "ts": "2026-02-05T11:48:02.769Z",
  "xauusd": 4881.799805,
  "xagusd": 78.447998,
  "fng": {
    "value": 12,
    "classification": "Extreme Fear"
  },
  "usd_thb": 31.69
}