{
  "ts": "2025-10-28T08:57:18.681Z",
  "xauusd": 3903.899902,
  "xagusd": 45.806999,
  "fng": {
    "value": 50,
    "classification": "Neutral"
  },
  "usd_thb": 32.5
}