{
  "ts": "2026-01-29T07:47:35.241Z",
  "xauusd": 5551.399902,
  "xagusd": 118.313004,
  "fng": {
    "value": 26,
    "classification": "Fear"
  },
  "usd_thb": 31.093
}