{
  "ts": "2026-01-19T11:18:04.678Z",
  "xauusd": 4666.299805,
  "xagusd": 93.339996,
  "fng": {
    "value": 44,
    "classification": "Fear"
  },
  "usd_thb": 31.25
}