{
  "ts": "2026-07-10T17:20:59.760Z",
  "xauusd": 4105.700195,
  "xagusd": 59.824001,
  "fng": {
    "value": 23,
    "classification": "Extreme Fear"
  },
  "usd_thb": 33.24
}