{
  "ts": "2026-05-08T07:59:31.920Z",
  "xauusd": 4708.200195,
  "xagusd": 79.978996,
  "fng": {
    "value": 38,
    "classification": "Fear"
  },
  "usd_thb": 32.21
}