{
  "ts": "2025-10-23T16:15:20.670Z",
  "xauusd": 4146.299805,
  "xagusd": 49.285999,
  "fng": {
    "value": 27,
    "classification": "Fear"
  },
  "usd_thb": 32.76
}