{
  "ts": "2025-08-14T16:44:02.368Z",
  "xauusd": 3333.600098,
  "xagusd": 38.035999,
  "fng": {
    "value": 75,
    "classification": "Greed"
  },
  "usd_thb": 32.5
}