{
  "ts": "2025-09-29T17:44:52.093Z",
  "xauusd": 3828.699951,
  "xagusd": 46.851002,
  "fng": {
    "value": 50,
    "classification": "Neutral"
  },
  "usd_thb": 32.23
}