{
  "ts": "2025-12-17T13:59:16.097Z",
  "xauusd": 4344.299805,
  "xagusd": 66.123001,
  "fng": {
    "value": 16,
    "classification": "Extreme Fear"
  },
  "usd_thb": 31.45
}