{
  "ts": "2025-10-29T12:42:50.757Z",
  "xauusd": 4023.600098,
  "xagusd": 48.362999,
  "fng": {
    "value": 51,
    "classification": "Neutral"
  },
  "usd_thb": 32.32
}