{
  "ts": "2025-08-18T17:09:24.152Z",
  "xauusd": 3334.399902,
  "xagusd": 38.063999,
  "fng": {
    "value": 60,
    "classification": "Greed"
  },
  "usd_thb": 32.52
}