{
  "ts": "2025-08-19T09:32:35.098Z",
  "xauusd": 3338.399902,
  "xagusd": 38.144001,
  "fng": {
    "value": 56,
    "classification": "Greed"
  },
  "usd_thb": 32.5
}