{
  "ts": "2025-10-14T14:38:34.455Z",
  "xauusd": 4130.299805,
  "xagusd": 51.665001,
  "fng": {
    "value": 38,
    "classification": "Fear"
  },
  "usd_thb": 32.71
}