{
  "ts": "2025-10-09T06:57:10.364Z",
  "xauusd": 4027.100098,
  "xagusd": 48.948002,
  "fng": {
    "value": 70,
    "classification": "Greed"
  },
  "usd_thb": 32.62
}