{
  "ts": "2026-07-15T23:14:01.319Z",
  "xauusd": 4061.300049,
  "xagusd": 57.981998,
  "fng": {
    "value": 25,
    "classification": "Extreme Fear"
  },
  "usd_thb": 33.57
}