{
  "ts": "2025-09-16T13:58:35.536Z",
  "xauusd": 3697.399902,
  "xagusd": 42.925999,
  "fng": {
    "value": 52,
    "classification": "Neutral"
  },
  "usd_thb": 31.68
}