{
  "ts": "2025-10-29T19:43:33.627Z",
  "xauusd": 3938.899902,
  "xagusd": 47.610001,
  "fng": {
    "value": 51,
    "classification": "Neutral"
  },
  "usd_thb": 32.43
}