{
  "ts": "2026-01-16T04:52:28.655Z",
  "xauusd": 4601.100098,
  "xagusd": 90.987999,
  "fng": {
    "value": 49,
    "classification": "Neutral"
  },
  "usd_thb": 31.35
}