{
  "ts": "2025-11-19T17:51:07.659Z",
  "xauusd": 4075.699951,
  "xagusd": 50.827999,
  "fng": {
    "value": 15,
    "classification": "Extreme Fear"
  },
  "usd_thb": 32.45
}