{
  "ts": "2025-12-18T21:58:41.051Z",
  "xauusd": 4333.200195,
  "xagusd": 65.507004,
  "fng": {
    "value": 17,
    "classification": "Extreme Fear"
  },
  "usd_thb": 31.4
}