{
  "ts": "2025-09-24T03:24:47.394Z",
  "xauusd": 3760.699951,
  "xagusd": 43.999001,
  "fng": {
    "value": 44,
    "classification": "Fear"
  },
  "usd_thb": 31.93
}