{
  "ts": "2026-01-02T07:32:58.175Z",
  "xauusd": 4375.700195,
  "xagusd": 73.971001,
  "fng": {
    "value": 28,
    "classification": "Fear"
  },
  "usd_thb": 31.43
}