{
  "ts": "2025-10-02T09:42:23.874Z",
  "xauusd": 3878.600098,
  "xagusd": 47.554001,
  "fng": {
    "value": 64,
    "classification": "Greed"
  },
  "usd_thb": 32.36
}