{
  "ts": "2025-10-30T15:13:56.868Z",
  "xauusd": 4003.899902,
  "xagusd": 48.924999,
  "fng": {
    "value": 34,
    "classification": "Fear"
  },
  "usd_thb": 32.39
}