{
  "ts": "2026-02-19T20:01:49.724Z",
  "xauusd": 4992.799805,
  "xagusd": 78.025002,
  "fng": {
    "value": 9,
    "classification": "Extreme Fear"
  },
  "usd_thb": 31.14
}