{
  "ts": "2026-01-28T05:24:29.525Z",
  "xauusd": 5243.200195,
  "xagusd": 116.003998,
  "fng": {
    "value": 29,
    "classification": "Fear"
  },
  "usd_thb": 30.9
}