{
  "ts": "2026-04-07T12:39:26.376Z",
  "xauusd": 4663.600098,
  "xagusd": 72.420998,
  "fng": {
    "value": 11,
    "classification": "Extreme Fear"
  },
  "usd_thb": 32.55
}