{
  "ts": "2026-04-28T23:11:39.793Z",
  "xauusd": 4592.899902,
  "xagusd": 73.232002,
  "fng": {
    "value": 33,
    "classification": "Fear"
  },
  "usd_thb": 32.47
}