{
  "ts": "2026-02-12T12:33:10.910Z",
  "xauusd": 5063.600098,
  "xagusd": 82.941002,
  "fng": {
    "value": 5,
    "classification": "Extreme Fear"
  },
  "usd_thb": 30.92
}