{
  "ts": "2026-07-15T13:26:56.343Z",
  "xauusd": 4059.600098,
  "xagusd": 58.481998,
  "fng": {
    "value": 25,
    "classification": "Extreme Fear"
  },
  "usd_thb": 33.57
}