{
  "ts": "2026-02-26T02:05:42.492Z",
  "xauusd": 5190.200195,
  "xagusd": 89.667999,
  "fng": {
    "value": 11,
    "classification": "Extreme Fear"
  },
  "usd_thb": 31.02
}