{
  "ts": "2025-12-23T14:57:39.078Z",
  "xauusd": 4452.399902,
  "xagusd": 69.630997,
  "fng": {
    "value": 24,
    "classification": "Extreme Fear"
  },
  "usd_thb": 31.1
}