{
  "ts": "2025-09-11T19:25:36.151Z",
  "xauusd": 3637.199951,
  "xagusd": 41.640999,
  "fng": {
    "value": 54,
    "classification": "Neutral"
  },
  "usd_thb": 31.7
}