{
  "ts": "2026-01-21T23:23:09.262Z",
  "xauusd": 4807.200195,
  "xagusd": 91.954002,
  "fng": {
    "value": 24,
    "classification": "Extreme Fear"
  },
  "usd_thb": 31.284
}