{
  "ts": "2026-05-18T22:15:58.564Z",
  "xauusd": 4574.299805,
  "xagusd": 78.093002,
  "fng": {
    "value": 28,
    "classification": "Fear"
  },
  "usd_thb": 32.48
}