{
  "ts": "2025-09-29T13:54:39.203Z",
  "xauusd": 3824.699951,
  "xagusd": 46.657001,
  "fng": {
    "value": 50,
    "classification": "Neutral"
  },
  "usd_thb": 32.24
}