{
  "ts": "2025-09-10T18:35:31.184Z",
  "xauusd": 3647.547607,
  "xagusd": 41.261002,
  "fng": {
    "value": 49,
    "classification": "Neutral"
  },
  "usd_thb": 31.72
}