{
  "ts": "2025-10-02T09:13:53.407Z",
  "xauusd": 3875.800049,
  "xagusd": 47.568001,
  "fng": {
    "value": 64,
    "classification": "Greed"
  },
  "usd_thb": 32.37
}