{
  "ts": "2025-08-28T09:25:41.697Z",
  "xauusd": 3401.600098,
  "xagusd": 38.959999,
  "fng": {
    "value": 48,
    "classification": "Neutral"
  },
  "usd_thb": 32.35
}