{
  "ts": "2025-12-08T01:57:00.017Z",
  "xauusd": 4202.899902,
  "xagusd": 57.970001,
  "fng": {
    "value": 20,
    "classification": "Extreme Fear"
  },
  "usd_thb": 31.83
}