{
  "ts": "2025-12-04T20:37:50.882Z",
  "xauusd": 4206.899902,
  "xagusd": 56.995998,
  "fng": {
    "value": 26,
    "classification": "Fear"
  },
  "usd_thb": 32
}