{
  "ts": "2025-11-03T07:30:07.159Z",
  "xauusd": 4021.199951,
  "xagusd": 49.049999,
  "fng": {
    "value": 42,
    "classification": "Fear"
  },
  "usd_thb": 32.41
}