{
  "ts": "2025-12-08T23:33:10.480Z",
  "xauusd": 4193.700195,
  "xagusd": 58.139999,
  "fng": {
    "value": 20,
    "classification": "Extreme Fear"
  },
  "usd_thb": 31.89
}