{
  "ts": "2025-11-03T14:50:21.446Z",
  "xauusd": 4022.100098,
  "xagusd": 48.890999,
  "fng": {
    "value": 42,
    "classification": "Fear"
  },
  "usd_thb": 32.48
}