{
  "ts": "2025-11-25T13:56:24.338Z",
  "xauusd": 4149.399902,
  "xagusd": 51.737999,
  "fng": {
    "value": 20,
    "classification": "Extreme Fear"
  },
  "usd_thb": 32.26
}