{
  "ts": "2025-09-22T05:46:59.789Z",
  "xauusd": 3698.600098,
  "xagusd": 43.705002,
  "fng": {
    "value": 45,
    "classification": "Fear"
  },
  "usd_thb": 31.82
}