{
  "ts": "2025-08-15T11:48:17.903Z",
  "xauusd": 3344.600098,
  "xagusd": 37.886002,
  "fng": {
    "value": 60,
    "classification": "Greed"
  },
  "usd_thb": 32.45
}