{
  "ts": "2026-02-10T20:29:34.536Z",
  "xauusd": 5026.399902,
  "xagusd": 80.948997,
  "fng": {
    "value": 9,
    "classification": "Extreme Fear"
  },
  "usd_thb": 31.19
}