{
  "ts": "2025-10-13T15:37:41.196Z",
  "xauusd": 4099.299805,
  "xagusd": 51.609001,
  "fng": {
    "value": 38,
    "classification": "Fear"
  },
  "usd_thb": 32.5
}