{
  "ts": "2025-10-23T03:49:43.027Z",
  "xauusd": 4092.199951,
  "xagusd": 48.568001,
  "fng": {
    "value": 27,
    "classification": "Fear"
  },
  "usd_thb": 32.83
}