{
  "ts": "2025-08-26T09:50:23.016Z",
  "xauusd": 3373.100098,
  "xagusd": 38.615002,
  "fng": {
    "value": 48,
    "classification": "Neutral"
  },
  "usd_thb": 32.46
}