{
  "ts": "2025-10-26T23:08:50.601Z",
  "xauusd": 4087.899902,
  "xagusd": 48.393002,
  "fng": {
    "value": 40,
    "classification": "Fear"
  },
  "usd_thb": 32.65
}