{
  "ts": "2025-11-04T17:54:49.268Z",
  "xauusd": 3956.300049,
  "xagusd": 47.591999,
  "fng": {
    "value": 21,
    "classification": "Extreme Fear"
  },
  "usd_thb": 32.55
}