{
  "ts": "2025-11-20T10:50:41.717Z",
  "xauusd": 4064.199951,
  "xagusd": 50.918999,
  "fng": {
    "value": 11,
    "classification": "Extreme Fear"
  },
  "usd_thb": 32.43
}