{
  "ts": "2025-12-26T05:00:12.407Z",
  "xauusd": 4509.600098,
  "xagusd": 74.703003,
  "fng": {
    "value": 20,
    "classification": "Extreme Fear"
  },
  "usd_thb": 30.94
}