{
  "ts": "2025-12-12T14:01:00.445Z",
  "xauusd": 4342.100098,
  "xagusd": 64.434998,
  "fng": {
    "value": 29,
    "classification": "Fear"
  },
  "usd_thb": 31.52
}