{
  "ts": "2025-12-23T07:40:10.120Z",
  "xauusd": 4486.700195,
  "xagusd": 69.505997,
  "fng": {
    "value": 24,
    "classification": "Extreme Fear"
  },
  "usd_thb": 31.14
}