{
  "ts": "2025-11-14T04:27:30.155Z",
  "xauusd": 4199.700195,
  "xagusd": 53.119999,
  "fng": {
    "value": 16,
    "classification": "Extreme Fear"
  },
  "usd_thb": 32.33
}